transaction_id,card_number,merchant_name,amount_usd,amount_cad,currency,conversion_rate,transaction_date,mcc_code,mcc_description,transaction_code,employee_id,employee_name,department,manager_id,job_level,approval_status,expense_report_id,ai_risk_score,ai_category,policy_flag,flag_reason,severity,receipt_url,trip_id,is_pre_authorized
TXN-003572,****-****-****-4003,ROADSIDE GRILL CO,25.87,35.67,USD,1.379,2025-07-31 16:31:00,5814,Fast Food Restaurants,TXC-003,EMP003,Marcus Webb,Operations,EMP001,5,APPROVED,,,,,,,https://receipts.brim.example/003572.pdf,TRIP-0237,True
TXN-000706,****-****-****-4007,ESSO RETAIL 113,61.61,84.96,USD,1.379,2025-08-01 07:38:00,5172,Petroleum & Petroleum Products,TXC-007,EMP007,Carol White,Finance,EMP004,2,APPROVED,,,,,,,https://receipts.brim.example/000706.pdf,,True
TXN-002698,****-****-****-4004,A&W STORE 551,27.42,37.81,USD,1.379,2025-08-01 11:39:00,5812,Eating Places & Restaurants,TXC-004,EMP004,Alice Chen,Finance,EMP002,4,APPROVED,,,,,,,https://receipts.brim.example/002698.pdf,,True
TXN-002024,****-****-****-4004,HOME DEPOT 88,206.88,285.29,USD,1.379,2025-08-01 11:44:00,5045,Computers & Peripherals,TXC-004,EMP004,Alice Chen,Finance,EMP002,4,PENDING,,,,,,,,,False
TXN-002950,****-****-****-4008,ULTRAMAR 55,52.39,72.25,USD,1.379,2025-08-01 11:47:00,5172,Petroleum & Petroleum Products,TXC-008,EMP008,Eric Tran,Operations,EMP003,4,APPROVED,,,,,,,https://receipts.brim.example/002950.pdf,,True
TXN-001557,****-****-****-4009,SHELL DT #4421,60.05,82.81,USD,1.379,2025-08-01 12:35:00,5172,Petroleum & Petroleum Products,TXC-009,EMP009,Grace Lee,Operations,EMP008,3,APPROVED,,,,,,,https://receipts.brim.example/001557.pdf,,True
TXN-002497,****-****-****-4003,ESSO RETAIL 113,67.52,93.11,USD,1.379,2025-08-01 12:52:00,5172,Petroleum & Petroleum Products,TXC-003,EMP003,Marcus Webb,Operations,EMP001,5,APPROVED,,,,,,,,,True
TXN-002859,****-****-****-4007,PETRO-CANADA 8821,157.11,216.65,USD,1.379,2025-08-01 13:36:00,5172,Petroleum & Petroleum Products,TXC-007,EMP007,Carol White,Finance,EMP004,2,APPROVED,,,,,,,,TRIP-0186,True
TXN-004109,****-****-****-4003,QUICK FUEL STOP,59.06,81.44,USD,1.379,2025-08-01 13:51:00,5172,Petroleum & Petroleum Products,TXC-003,EMP003,Marcus Webb,Operations,EMP001,5,APPROVED,,,,,,,https://receipts.brim.example/004109.pdf,TRIP-0275,True
TXN-002384,****-****-****-4008,PILOT TRAVEL 209,49.86,68.76,USD,1.379,2025-08-01 15:37:00,5172,Petroleum & Petroleum Products,TXC-008,EMP008,Eric Tran,Operations,EMP003,4,APPROVED,,,,,,,https://receipts.brim.example/002384.pdf,,True
TXN-002518,****-****-****-4006,ESSO RETAIL 113,25.75,35.51,USD,1.379,2025-08-01 19:06:00,5172,Petroleum & Petroleum Products,TXC-006,EMP006,Bob Kumar,Finance,EMP004,2,APPROVED,,,,,,,https://receipts.brim.example/002518.pdf,TRIP-0165,True
TXN-002537,****-****-****-4009,PILOT TRAVEL 209,136.61,188.39,USD,1.379,2025-08-01 19:20:00,5172,Petroleum & Petroleum Products,TXC-009,EMP009,Grace Lee,Operations,EMP008,3,PENDING,,,,,,,https://receipts.brim.example/002537.pdf,TRIP-0166,False
TXN-002536,****-****-****-4009,TIM HORTONS #882,36.57,50.43,USD,1.379,2025-08-01 19:27:00,5814,Fast Food Restaurants,TXC-009,EMP009,Grace Lee,Operations,EMP008,3,APPROVED,,,,,,,https://receipts.brim.example/002536.pdf,TRIP-0166,True
TXN-000678,****-****-****-4003,PILOT TRAVEL 209,176.41,243.27,USD,1.379,2025-08-01 19:55:00,5541,Service Stations,TXC-003,EMP003,Marcus Webb,Operations,EMP001,5,APPROVED,,,,,,,https://receipts.brim.example/000678.pdf,,True
TXN-003491,****-****-****-4006,PRECISE PARKLINK,18.36,25.32,USD,1.379,2025-08-01 20:04:00,7523,Parking Lots & Garages,TXC-006,EMP006,Bob Kumar,Finance,EMP004,2,APPROVED,,,,,,,https://receipts.brim.example/003491.pdf,,True
TXN-002858,****-****-****-4007,WENDYS 7781,32.49,44.8,USD,1.379,2025-08-01 21:28:00,5814,Fast Food Restaurants,TXC-007,EMP007,Carol White,Finance,EMP004,2,APPROVED,,,,,,,https://receipts.brim.example/002858.pdf,TRIP-0186,True
TXN-002490,****-****-****-4007,BOSTON PIZZA 12,8.8,12.14,USD,1.379,2025-08-02 06:44:00,5812,Eating Places & Restaurants,TXC-007,EMP007,Carol White,Finance,EMP004,2,APPROVED,,,,,,,https://receipts.brim.example/002490.pdf,TRIP-0163,True
TXN-003008,****-****-****-4004,COSTCO WHSE 44,83.2,114.73,USD,1.379,2025-08-02 08:13:00,5045,Computers & Peripherals,TXC-004,EMP004,Alice Chen,Finance,EMP002,4,APPROVED,,,,,,,https://receipts.brim.example/003008.pdf,,True
TXN-000656,****-****-****-4002,ESSO RETAIL 113,62.58,86.3,USD,1.379,2025-08-02 08:56:00,5172,Petroleum & Petroleum Products,TXC-002,EMP002,Priya Nair,Finance,EMP001,5,APPROVED,,,,,,,https://receipts.brim.example/000656.pdf,,True
TXN-003094,****-****-****-4004,ESSO RETAIL 113,139.52,192.4,USD,1.379,2025-08-02 12:31:00,5541,Service Stations,TXC-004,EMP004,Alice Chen,Finance,EMP002,4,APPROVED,,,,,,,https://receipts.brim.example/003094.pdf,,True
TXN-001052,****-****-****-4001,FLYING J #771,48.27,66.56,USD,1.379,2025-08-02 12:58:00,5541,Service Stations,TXC-001,EMP001,Olivia Reyes,Executive,,6,APPROVED,,,,,,,https://receipts.brim.example/001052.pdf,,True
TXN-000931,****-****-****-4008,PETRO-CANADA 8821,36.1,49.78,USD,1.379,2025-08-02 13:11:00,5541,Service Stations,TXC-008,EMP008,Eric Tran,Operations,EMP003,4,APPROVED,,,,,,,https://receipts.brim.example/000931.pdf,,True
TXN-001421,****-****-****-4007,A&W STORE 551,11.5,15.86,USD,1.379,2025-08-02 13:29:00,5814,Fast Food Restaurants,TXC-007,EMP007,Carol White,Finance,EMP004,2,APPROVED,,,,,,,https://receipts.brim.example/001421.pdf,,True
TXN-004108,****-****-****-4003,BEST WESTERN 71,114.85,158.38,USD,1.379,2025-08-02 15:03:00,7011,"Hotels, Motels & Resorts",TXC-003,EMP003,Marcus Webb,Operations,EMP001,5,APPROVED,,,,,,,,TRIP-0275,True
TXN-002006,****-****-****-4002,FLYING J #771,81.75,112.73,USD,1.379,2025-08-02 15:15:00,5172,Petroleum & Petroleum Products,TXC-002,EMP002,Priya Nair,Finance,EMP001,5,APPROVED,,,,,,,https://receipts.brim.example/002006.pdf,,True
TXN-004091,****-****-****-4008,MCDONALDS DT QPS,16.03,22.11,USD,1.379,2025-08-02 17:04:00,5814,Fast Food Restaurants,TXC-008,EMP008,Eric Tran,Operations,EMP003,4,APPROVED,,,,,,,https://receipts.brim.example/004091.pdf,,True
TXN-002904,****-****-****-4008,PETRO-CANADA 8821,202.38,279.08,USD,1.379,2025-08-02 18:54:00,5172,Petroleum & Petroleum Products,TXC-008,EMP008,Eric Tran,Operations,EMP003,4,APPROVED,,,,,,,https://receipts.brim.example/002904.pdf,,True
TXN-000352,****-****-****-4008,TIM HORTONS #882,21.91,30.21,USD,1.379,2025-08-02 19:01:00,5812,Eating Places & Restaurants,TXC-008,EMP008,Eric Tran,Operations,EMP003,4,APPROVED,,,,,,,https://receipts.brim.example/000352.pdf,,True
TXN-000131,****-****-****-4004,BEST WESTERN 71,85.2,117.49,USD,1.379,2025-08-02 19:48:00,7011,"Hotels, Motels & Resorts",TXC-004,EMP004,Alice Chen,Finance,EMP002,4,APPROVED,,,,,,,https://receipts.brim.example/000131.pdf,,True
TXN-002535,****-****-****-4009,HOLIDAY INN EXPRESS,147.53,203.44,USD,1.379,2025-08-02 20:45:00,7011,"Hotels, Motels & Resorts",TXC-009,EMP009,Grace Lee,Operations,EMP008,3,APPROVED,,,,,,,https://receipts.brim.example/002535.pdf,TRIP-0166,True
TXN-003571,****-****-****-4003,COMFORT INN 442,407.11,561.4,USD,1.379,2025-08-02 20:56:00,7011,"Hotels, Motels & Resorts",TXC-003,EMP003,Marcus Webb,Operations,EMP001,5,APPROVED,,,,,,,https://receipts.brim.example/003571.pdf,TRIP-0237,True
TXN-003573,****-****-****-4003,FLYING J #771,149.54,206.22,USD,1.379,2025-08-03 00:28:00,5172,Petroleum & Petroleum Products,TXC-003,EMP003,Marcus Webb,Operations,EMP001,5,APPROVED,,,,,,,https://receipts.brim.example/003573.pdf,TRIP-0237,True
TXN-002505,****-****-****-4004,PETRO-CANADA 8821,74.69,103.0,USD,1.379,2025-08-03 05:31:00,5172,Petroleum & Petroleum Products,TXC-004,EMP004,Alice Chen,Finance,EMP002,4,APPROVED,,,,,,,https://receipts.brim.example/002505.pdf,TRIP-0164,True
TXN-001776,****-****-****-4007,A&W STORE 551,38.66,53.31,USD,1.379,2025-08-03 07:10:00,5812,Eating Places & Restaurants,TXC-007,EMP007,Carol White,Finance,EMP004,2,APPROVED,,,,,,,https://receipts.brim.example/001776.pdf,,True
TXN-002491,****-****-****-4007,QUICK FUEL STOP,125.01,172.39,USD,1.379,2025-08-03 08:34:00,5541,Service Stations,TXC-007,EMP007,Carol White,Finance,EMP004,2,APPROVED,,,,,,,https://receipts.brim.example/002491.pdf,TRIP-0163,True
TXN-003492,****-****-****-4004,QUICK FUEL STOP,57.17,78.84,USD,1.379,2025-08-03 08:48:00,5541,Service Stations,TXC-004,EMP004,Alice Chen,Finance,EMP002,4,PENDING,,,,,,,https://receipts.brim.example/003492.pdf,,False
TXN-004070,****-****-****-4003,SUPER 8 MOTEL,153.47,211.64,USD,1.379,2025-08-03 10:17:00,7011,"Hotels, Motels & Resorts",TXC-003,EMP003,Marcus Webb,Operations,EMP001,5,APPROVED,,,,,,,,,True
TXN-004169,****-****-****-4004,A&W STORE 551,11.7,16.13,USD,1.379,2025-08-03 10:34:00,5814,Fast Food Restaurants,TXC-004,EMP004,Alice Chen,Finance,EMP002,4,APPROVED,,,,,,,https://receipts.brim.example/004169.pdf,,True
TXN-000583,****-****-****-4002,ESSO RETAIL 113,33.02,45.53,USD,1.379,2025-08-03 10:58:00,5541,Service Stations,TXC-002,EMP002,Priya Nair,Finance,EMP001,5,APPROVED,,,,,,,https://receipts.brim.example/000583.pdf,,True
TXN-003100,****-****-****-4008,BOSTON PIZZA 12,19.24,26.53,USD,1.379,2025-08-03 11:00:00,5812,Eating Places & Restaurants,TXC-008,EMP008,Eric Tran,Operations,EMP003,4,APPROVED,,,,,,,https://receipts.brim.example/003100.pdf,,True
TXN-004110,****-****-****-4003,A&W STORE 551,6.77,9.34,USD,1.379,2025-08-03 11:16:00,5812,Eating Places & Restaurants,TXC-003,EMP003,Marcus Webb,Operations,EMP001,5,APPROVED,,,,,,,https://receipts.brim.example/004110.pdf,TRIP-0275,True
TXN-002857,****-****-****-4007,BEST WESTERN 71,158.04,217.94,USD,1.379,2025-08-03 17:19:00,7011,"Hotels, Motels & Resorts",TXC-007,EMP007,Carol White,Finance,EMP004,2,APPROVED,,,,,,,https://receipts.brim.example/002857.pdf,TRIP-0186,True
TXN-000476,****-****-****-4009,A&W STORE 551,68.07,93.87,USD,1.379,2025-08-03 17:58:00,5812,Eating Places & Restaurants,TXC-009,EMP009,Grace Lee,Operations,EMP008,3,APPROVED,,,,,,,https://receipts.brim.example/000476.pdf,,True
TXN-002900,****-****-****-4002,BOSTON PIZZA 12,41.61,57.38,USD,1.379,2025-08-03 19:03:00,5812,Eating Places & Restaurants,TXC-002,EMP002,Priya Nair,Finance,EMP001,5,APPROVED,,,,,,,https://receipts.brim.example/002900.pdf,,True
TXN-001107,****-****-****-4004,PILOT TRAVEL 209,38.71,53.38,USD,1.379,2025-08-03 19:54:00,5172,Petroleum & Petroleum Products,TXC-004,EMP004,Alice Chen,Finance,EMP002,4,APPROVED,,,,,,,https://receipts.brim.example/001107.pdf,,True
TXN-003574,****-****-****-4003,ESSO RETAIL 113,54.43,75.06,USD,1.379,2025-08-03 20:36:00,5172,Petroleum & Petroleum Products,TXC-003,EMP003,Marcus Webb,Operations,EMP001,5,APPROVED,,,,,,,https://receipts.brim.example/003574.pdf,TRIP-0237,True
TXN-002240,****-****-****-4002,PETRO-CANADA 8821,116.79,161.05,USD,1.379,2025-08-03 21:00:00,5541,Service Stations,TXC-002,EMP002,Priya Nair,Finance,EMP001,5,APPROVED,,,,,,,https://receipts.brim.example/002240.pdf,,True
TXN-002517,****-****-****-4006,HOLIDAY INN EXPRESS,174.51,240.65,USD,1.379,2025-08-03 21:40:00,7011,"Hotels, Motels & Resorts",TXC-006,EMP006,Bob Kumar,Finance,EMP004,2,APPROVED,,,,,,,https://receipts.brim.example/002517.pdf,TRIP-0165,True
TXN-002276,****-****-****-4007,PETRO-CANADA 8821,28.5,39.3,USD,1.379,2025-08-04 07:26:00,5172,Petroleum & Petroleum Products,TXC-007,EMP007,Carol White,Finance,EMP004,2,APPROVED,,,,,,,https://receipts.brim.example/002276.pdf,,True
TXN-003914,****-****-****-4003,DAYS INN 209,176.93,243.99,USD,1.379,2025-08-04 07:44:00,7011,"Hotels, Motels & Resorts",TXC-003,EMP003,Marcus Webb,Operations,EMP001,5,APPROVED,,,,,,,https://receipts.brim.example/003914.pdf,,True
TXN-002489,****-****-****-4007,DAYS INN 209,114.83,158.35,USD,1.379,2025-08-04 07:53:00,7011,"Hotels, Motels & Resorts",TXC-007,EMP007,Carol White,Finance,EMP004,2,APPROVED,,,,,,,https://receipts.brim.example/002489.pdf,TRIP-0163,True
TXN-002503,****-****-****-4004,HOLIDAY INN EXPRESS,179.76,247.89,USD,1.379,2025-08-04 09:35:00,7011,"Hotels, Motels & Resorts",TXC-004,EMP004,Alice Chen,Finance,EMP002,4,APPROVED,,,,,,,https://receipts.brim.example/002503.pdf,TRIP-0164,True
TXN-000588,****-****-****-4009,QUICK FUEL STOP,39.92,55.05,USD,1.379,2025-08-04 09:51:00,5172,Petroleum & Petroleum Products,TXC-009,EMP009,Grace Lee,Operations,EMP008,3,APPROVED,,,,,,,https://receipts.brim.example/000588.pdf,,True
TXN-000191,****-****-****-4002,ROADSIDE GRILL CO,12.4,17.1,USD,1.379,2025-08-04 11:30:00,5812,Eating Places & Restaurants,TXC-002,EMP002,Priya Nair,Finance,EMP001,5,APPROVED,,,,,,,https://receipts.brim.example/000191.pdf,,True
TXN-000634,****-****-****-4003,TIM HORTONS #882,14.9,20.55,USD,1.379,2025-08-04 11:36:00,5814,Fast Food Restaurants,TXC-003,EMP003,Marcus Webb,Operations,EMP001,5,APPROVED,,,,,,,https://receipts.brim.example/000634.pdf,,True
TXN-002575,****-****-****-4002,SUBWAY 40021,20.53,28.31,USD,1.379,2025-08-04 12:05:00,5814,Fast Food Restaurants,TXC-002,EMP002,Priya Nair,Finance,EMP001,5,APPROVED,,,,,,,https://receipts.brim.example/002575.pdf,,True
TXN-000457,****-****-****-4004,COSTCO WHSE 44,147.92,203.98,USD,1.379,2025-08-04 12:29:00,5300,Wholesale Clubs,TXC-004,EMP004,Alice Chen,Finance,EMP002,4,PENDING,,,,,,,,,False
TXN-003996,****-****-****-4004,AWS MEMB,308.25,425.08,USD,1.379,2025-08-04 14:15:00,4814,Telecom Services,TXC-004,EMP004,Alice Chen,Finance,EMP002,4,APPROVED,,,,,,,https://receipts.brim.example/003996.pdf,,True
TXN-001984,****-****-****-4009,BOSTON PIZZA 12,21.97,30.3,USD,1.379,2025-08-04 18:02:00,5814,Fast Food Restaurants,TXC-009,EMP009,Grace Lee,Operations,EMP008,3,APPROVED,,,,,,,https://receipts.brim.example/001984.pdf,,True
TXN-000559,****-****-****-4002,A&W STORE 551,21.03,29.0,USD,1.379,2025-08-04 18:30:00,5812,Eating Places & Restaurants,TXC-002,EMP002,Priya Nair,Finance,EMP001,5,APPROVED,,,,,,,https://receipts.brim.example/000559.pdf,,True
TXN-000780,****-****-****-4003,MIDAS AUTO 21,380.89,525.25,USD,1.379,2025-08-04 18:30:00,7538,Automotive Service Shops,TXC-003,EMP003,Marcus Webb,Operations,EMP001,5,APPROVED,,,,,,,https://receipts.brim.example/000780.pdf,,True
TXN-004048,****-****-****-4003,FLYING J #771,20.06,27.66,USD,1.379,2025-08-04 19:44:00,5172,Petroleum & Petroleum Products,TXC-003,EMP003,Marcus Webb,Operations,EMP001,5,APPROVED,,,,,,,https://receipts.brim.example/004048.pdf,,True
TXN-001827,****-****-****-4002,BEST WESTERN 71,203.59,280.75,USD,1.379,2025-08-04 20:15:00,7011,"Hotels, Motels & Resorts",TXC-002,EMP002,Priya Nair,Finance,EMP001,5,APPROVED,,,,,,,https://receipts.brim.example/001827.pdf,TRIP-0122,True
TXN-002600,****-****-****-4009,CANADIAN TIRE 445,134.15,184.99,USD,1.379,2025-08-04 20:39:00,7538,Automotive Service Shops,TXC-009,EMP009,Grace Lee,Operations,EMP008,3,APPROVED,,,,,,,https://receipts.brim.example/002600.pdf,,True
TXN-002504,****-****-****-4004,ROADSIDE GRILL CO,16.09,22.19,USD,1.379,2025-08-05 08:06:00,5814,Fast Food Restaurants,TXC-004,EMP004,Alice Chen,Finance,EMP002,4,APPROVED,,,,,,,https://receipts.brim.example/002504.pdf,TRIP-0164,True
TXN-002355,****-****-****-4009,AMAZON MKTPLACE,10.36,14.29,USD,1.379,2025-08-05 09:37:00,5943,Stationery & Writing Supplies,TXC-009,EMP009,Grace Lee,Operations,EMP008,3,APPROVED,,,,,,,https://receipts.brim.example/002355.pdf,,True
TXN-001830,****-****-****-4008,PILOT TRAVEL 209,39.95,55.09,USD,1.379,2025-08-05 09:42:00,5541,Service Stations,TXC-008,EMP008,Eric Tran,Operations,EMP003,4,APPROVED,,,,,,,https://receipts.brim.example/001830.pdf,,True
TXN-004157,****-****-****-4009,PILOT TRAVEL 209,156.39,215.66,USD,1.379,2025-08-05 10:15:00,5541,Service Stations,TXC-009,EMP009,Grace Lee,Operations,EMP008,3,APPROVED,,,,,,,https://receipts.brim.example/004157.pdf,,True
TXN-003548,****-****-****-4007,QUICK FUEL STOP,61.79,85.21,USD,1.379,2025-08-05 10:46:00,5172,Petroleum & Petroleum Products,TXC-007,EMP007,Carol White,Finance,EMP004,2,APPROVED,,,,,,,https://receipts.brim.example/003548.pdf,,True
TXN-000901,****-****-****-4007,BOSTON PIZZA 12,118.09,162.85,USD,1.379,2025-08-05 11:35:00,5812,Eating Places & Restaurants,TXC-007,EMP007,Carol White,Finance,EMP004,2,APPROVED,,,,,,,https://receipts.brim.example/000901.pdf,,True
TXN-003133,****-****-****-4007,PILOT TRAVEL 209,82.8,114.18,USD,1.379,2025-08-05 11:43:00,5172,Petroleum & Petroleum Products,TXC-007,EMP007,Carol White,Finance,EMP004,2,APPROVED,,,,,,,https://receipts.brim.example/003133.pdf,,True
TXN-003565,****-****-****-4009,QUICK FUEL STOP,175.02,241.35,USD,1.379,2025-08-05 12:19:00,5541,Service Stations,TXC-009,EMP009,Grace Lee,Operations,EMP008,3,APPROVED,,,,,,,https://receipts.brim.example/003565.pdf,,True
TXN-002328,****-****-****-4007,PRECISE PARKLINK,9.8,13.51,USD,1.379,2025-08-05 12:55:00,7523,Parking Lots & Garages,TXC-007,EMP007,Carol White,Finance,EMP004,2,APPROVED,,,,,,,https://receipts.brim.example/002328.pdf,,True
TXN-000508,****-****-****-4005,GOOGLE WORKSPACE,120.34,165.95,USD,1.379,2025-08-05 13:38:00,5734,Computer Software Stores,TXC-005,EMP005,Dana Park,Finance,EMP002,3,APPROVED,,,,,,,https://receipts.brim.example/000508.pdf,,True
TXN-001547,****-****-****-4009,ULTRAMAR 55,106.13,146.35,USD,1.379,2025-08-05 13:40:00,5172,Petroleum & Petroleum Products,TXC-009,EMP009,Grace Lee,Operations,EMP008,3,PENDING,,,,,,,https://receipts.brim.example/001547.pdf,,False
TXN-001689,****-****-****-4008,A&W STORE 551,22.54,31.08,USD,1.379,2025-08-05 13:57:00,5812,Eating Places & Restaurants,TXC-008,EMP008,Eric Tran,Operations,EMP003,4,APPROVED,,,,,,,https://receipts.brim.example/001689.pdf,,True
TXN-001409,****-****-****-4009,407 ETR TOLL,37.21,51.31,USD,1.379,2025-08-05 16:39:00,4131,Bus Lines / Tolls,TXC-009,EMP009,Grace Lee,Operations,EMP008,3,APPROVED,,,,,,,https://receipts.brim.example/001409.pdf,,True
TXN-000966,****-****-****-4003,BEST BUY 112,198.63,273.91,USD,1.379,2025-08-05 17:21:00,5300,Wholesale Clubs,TXC-003,EMP003,Marcus Webb,Operations,EMP001,5,APPROVED,,,,,,,https://receipts.brim.example/000966.pdf,,True
TXN-002097,****-****-****-4008,PETRO-CANADA 8821,20.44,28.19,USD,1.379,2025-08-05 17:49:00,5541,Service Stations,TXC-008,EMP008,Eric Tran,Operations,EMP003,4,APPROVED,,,,,,,https://receipts.brim.example/002097.pdf,,True
TXN-003161,****-****-****-4008,ULTRAMAR 55,55.74,76.87,USD,1.379,2025-08-05 18:33:00,5541,Service Stations,TXC-008,EMP008,Eric Tran,Operations,EMP003,4,PENDING,,,,,,,https://receipts.brim.example/003161.pdf,,False
TXN-000142,****-****-****-4009,FLYING J #771,48.06,66.27,USD,1.379,2025-08-05 19:47:00,5541,Service Stations,TXC-009,EMP009,Grace Lee,Operations,EMP008,3,APPROVED,,,,,,,https://receipts.brim.example/000142.pdf,,True
TXN-001761,****-****-****-4009,A&W STORE 551,22.52,31.06,USD,1.379,2025-08-05 20:10:00,5812,Eating Places & Restaurants,TXC-009,EMP009,Grace Lee,Operations,EMP008,3,APPROVED,,,,,,,https://receipts.brim.example/001761.pdf,,True
TXN-000462,****-****-****-4008,407 ETR TOLL,26.88,37.07,USD,1.379,2025-08-06 07:49:00,7523,Parking Lots & Garages,TXC-008,EMP008,Eric Tran,Operations,EMP003,4,APPROVED,,,,,,,https://receipts.brim.example/000462.pdf,,True
TXN-001603,****-****-****-4002,ROADSIDE GRILL CO,10.35,14.27,USD,1.379,2025-08-06 13:16:00,5812,Eating Places & Restaurants,TXC-002,EMP002,Priya Nair,Finance,EMP001,5,APPROVED,,,,,,,https://receipts.brim.example/001603.pdf,TRIP-0108,True
TXN-003838,****-****-****-4009,MCDONALDS DT QPS,28.4,39.16,USD,1.379,2025-08-06 13:54:00,5812,Eating Places & Restaurants,TXC-009,EMP009,Grace Lee,Operations,EMP008,3,APPROVED,,,,,,,https://receipts.brim.example/003838.pdf,TRIP-0255,True
TXN-002118,****-****-****-4008,SHELL DT #4421,44.01,60.69,USD,1.379,2025-08-06 13:56:00,5541,Service Stations,TXC-008,EMP008,Eric Tran,Operations,EMP003,4,APPROVED,,,,,,,https://receipts.brim.example/002118.pdf,,True
TXN-003217,****-****-****-4002,PILOT TRAVEL 209,89.35,123.21,USD,1.379,2025-08-06 14:00:00,5541,Service Stations,TXC-002,EMP002,Priya Nair,Finance,EMP001,5,APPROVED,,,,,,,https://receipts.brim.example/003217.pdf,,True
TXN-001893,****-****-****-4008,SHELL DT #4421,38.75,53.44,USD,1.379,2025-08-06 14:02:00,5541,Service Stations,TXC-008,EMP008,Eric Tran,Operations,EMP003,4,APPROVED,,,,,,,https://receipts.brim.example/001893.pdf,,True
TXN-003750,****-****-****-4008,BEST BUY 112,142.02,195.85,USD,1.379,2025-08-06 15:09:00,5300,Wholesale Clubs,TXC-008,EMP008,Eric Tran,Operations,EMP003,4,APPROVED,,,,,,,https://receipts.brim.example/003750.pdf,,True
TXN-001829,****-****-****-4002,A&W STORE 551,36.17,49.88,USD,1.379,2025-08-06 15:55:00,5814,Fast Food Restaurants,TXC-002,EMP002,Priya Nair,Finance,EMP001,5,APPROVED,,,,,,,https://receipts.brim.example/001829.pdf,TRIP-0122,True
TXN-002072,****-****-****-4002,COSTCO WHSE 44,81.64,112.58,USD,1.379,2025-08-06 16:08:00,5300,Wholesale Clubs,TXC-002,EMP002,Priya Nair,Finance,EMP001,5,APPROVED,,,,,,,https://receipts.brim.example/002072.pdf,,True
TXN-001828,****-****-****-4002,WENDYS 7781,26.74,36.87,USD,1.379,2025-08-06 17:48:00,5814,Fast Food Restaurants,TXC-002,EMP002,Priya Nair,Finance,EMP001,5,APPROVED,,,,,,,https://receipts.brim.example/001828.pdf,TRIP-0122,True
TXN-001739,****-****-****-4003,WENDYS 7781,7.9,10.89,USD,1.379,2025-08-06 18:23:00,5814,Fast Food Restaurants,TXC-003,EMP003,Marcus Webb,Operations,EMP001,5,APPROVED,,,,,,,https://receipts.brim.example/001739.pdf,,True
TXN-001886,****-****-****-4009,407 ETR TOLL,13.26,18.29,USD,1.379,2025-08-06 20:28:00,4131,Bus Lines / Tolls,TXC-009,EMP009,Grace Lee,Operations,EMP008,3,APPROVED,,,,,,,https://receipts.brim.example/001886.pdf,,True
TXN-000854,****-****-****-4001,TIM HORTONS #882,21.51,29.66,USD,1.379,2025-08-06 21:40:00,5814,Fast Food Restaurants,TXC-001,EMP001,Olivia Reyes,Executive,,6,APPROVED,,,,,,,https://receipts.brim.example/000854.pdf,,True
TXN-003302,****-****-****-4002,IMPARK LOT 88,15.98,22.04,USD,1.379,2025-08-07 07:01:00,4131,Bus Lines / Tolls,TXC-002,EMP002,Priya Nair,Finance,EMP001,5,APPROVED,,,,,,,https://receipts.brim.example/003302.pdf,,True
TXN-001560,****-****-****-4009,SUPER 8 MOTEL,117.24,161.67,USD,1.379,2025-08-07 07:29:00,7011,"Hotels, Motels & Resorts",TXC-009,EMP009,Grace Lee,Operations,EMP008,3,APPROVED,,,,,,,https://receipts.brim.example/001560.pdf,TRIP-0105,True
TXN-002526,****-****-****-4005,MICROSOFT 365,38.35,52.88,USD,1.379,2025-08-07 08:12:00,4814,Telecom Services,TXC-005,EMP005,Dana Park,Finance,EMP002,3,APPROVED,,,,,,,https://receipts.brim.example/002526.pdf,,True
TXN-000335,****-****-****-4006,PILOT TRAVEL 209,67.65,93.29,USD,1.379,2025-08-07 08:31:00,5172,Petroleum & Petroleum Products,TXC-006,EMP006,Bob Kumar,Finance,EMP004,2,APPROVED,,,,,,,https://receipts.brim.example/000335.pdf,,True
TXN-001922,****-****-****-4004,COSTCO WHSE 44,135.7,187.13,USD,1.379,2025-08-07 11:25:00,5300,Wholesale Clubs,TXC-004,EMP004,Alice Chen,Finance,EMP002,4,APPROVED,,,,,,,https://receipts.brim.example/001922.pdf,,True
TXN-003691,****-****-****-4001,TIM HORTONS #882,21.37,29.47,USD,1.379,2025-08-07 12:52:00,5814,Fast Food Restaurants,TXC-001,EMP001,Olivia Reyes,Executive,,6,APPROVED,,,,,,,https://receipts.brim.example/003691.pdf,,True
TXN-002658,****-****-****-4004,WENDYS 7781,19.26,26.56,USD,1.379,2025-08-07 14:02:00,5812,Eating Places & Restaurants,TXC-004,EMP004,Alice Chen,Finance,EMP002,4,APPROVED,,,,,,,https://receipts.brim.example/002658.pdf,,True
TXN-001657,****-****-****-4002,ULTRAMAR 55,81.44,112.31,USD,1.379,2025-08-07 15:41:00,5541,Service Stations,TXC-002,EMP002,Priya Nair,Finance,EMP001,5,APPROVED,,,,,,,https://receipts.brim.example/001657.pdf,,True
TXN-003837,****-****-****-4009,DAYS INN 209,352.36,485.9,USD,1.379,2025-08-07 15:58:00,7011,"Hotels, Motels & Resorts",TXC-009,EMP009,Grace Lee,Operations,EMP008,3,APPROVED,,,,,,,,TRIP-0255,True
TXN-002809,****-****-****-4006,A&W STORE 551,41.93,57.82,USD,1.379,2025-08-07 16:22:00,5812,Eating Places & Restaurants,TXC-006,EMP006,Bob Kumar,Finance,EMP004,2,APPROVED,,,,,,,https://receipts.brim.example/002809.pdf,,True
TXN-003224,****-****-****-4009,MIDAS AUTO 21,138.35,190.78,USD,1.379,2025-08-07 17:19:00,7531,Auto Body Repair Shops,TXC-009,EMP009,Grace Lee,Operations,EMP008,3,APPROVED,,,,,,,https://receipts.brim.example/003224.pdf,,True
TXN-001844,****-****-****-4003,KAL TIRE 9,279.64,385.62,USD,1.379,2025-08-07 18:01:00,7538,Automotive Service Shops,TXC-003,EMP003,Marcus Webb,Operations,EMP001,5,APPROVED,,,,,,,https://receipts.brim.example/001844.pdf,,True
TXN-002170,****-****-****-4004,ESSO RETAIL 113,93.34,128.72,USD,1.379,2025-08-07 18:01:00,5172,Petroleum & Petroleum Products,TXC-004,EMP004,Alice Chen,Finance,EMP002,4,PENDING,,,,,,,https://receipts.brim.example/002170.pdf,,False
TXN-001569,****-****-****-4008,STAPLES #112,48.84,67.35,USD,1.379,2025-08-07 18:25:00,5943,Stationery & Writing Supplies,TXC-008,EMP008,Eric Tran,Operations,EMP003,4,APPROVED,,,,,,,https://receipts.brim.example/001569.pdf,,True
TXN-001706,****-****-****-4007,ULTRAMAR 55,42.93,59.2,USD,1.379,2025-08-07 20:32:00,5541,Service Stations,TXC-007,EMP007,Carol White,Finance,EMP004,2,APPROVED,,,,,,,https://receipts.brim.example/001706.pdf,TRIP-0116,True
TXN-002278,****-****-****-4002,BOSTON PIZZA 12,23.87,32.92,USD,1.379,2025-08-07 20:43:00,5814,Fast Food Restaurants,TXC-002,EMP002,Priya Nair,Finance,EMP001,5,APPROVED,,,,,,,https://receipts.brim.example/002278.pdf,,True
TXN-000896,****-****-****-4007,MCDONALDS DT QPS,19.63,27.07,USD,1.379,2025-08-07 21:40:00,5814,Fast Food Restaurants,TXC-007,EMP007,Carol White,Finance,EMP004,2,APPROVED,,,,,,,https://receipts.brim.example/000896.pdf,,True
TXN-002669,****-****-****-4002,SHELL DT #4421,33.19,45.77,USD,1.379,2025-08-08 08:56:00,5172,Petroleum & Petroleum Products,TXC-002,EMP002,Priya Nair,Finance,EMP001,5,APPROVED,,,,,,,https://receipts.brim.example/002669.pdf,,True
TXN-003343,****-****-****-4004,QUICK FUEL STOP,41.45,57.16,USD,1.379,2025-08-08 09:49:00,5541,Service Stations,TXC-004,EMP004,Alice Chen,Finance,EMP002,4,APPROVED,,,,,,,https://receipts.brim.example/003343.pdf,,True
TXN-002148,****-****-****-4008,ROGERS WIRELESS,140.63,193.93,USD,1.379,2025-08-08 10:41:00,4814,Telecom Services,TXC-008,EMP008,Eric Tran,Operations,EMP003,4,APPROVED,,,,,,,https://receipts.brim.example/002148.pdf,,True
TXN-002223,****-****-****-4003,ROGERS WIRELESS,54.0,74.47,USD,1.379,2025-08-08 10:47:00,5734,Computer Software Stores,TXC-003,EMP003,Marcus Webb,Operations,EMP001,5,PENDING,,,,,,,https://receipts.brim.example/002223.pdf,,False
TXN-001561,****-****-****-4009,TIM HORTONS #882,35.8,49.37,USD,1.379,2025-08-08 11:57:00,5812,Eating Places & Restaurants,TXC-009,EMP009,Grace Lee,Operations,EMP008,3,APPROVED,,,,,,,https://receipts.brim.example/001561.pdf,TRIP-0105,True
TXN-000796,****-****-****-4009,SUBWAY 40021,23.58,32.52,USD,1.379,2025-08-08 13:21:00,5814,Fast Food Restaurants,TXC-009,EMP009,Grace Lee,Operations,EMP008,3,APPROVED,,,,,,,https://receipts.brim.example/000796.pdf,TRIP-0043,True
TXN-002068,****-****-****-4009,QUICK FUEL STOP,85.18,117.46,USD,1.379,2025-08-08 13:22:00,5172,Petroleum & Petroleum Products,TXC-009,EMP009,Grace Lee,Operations,EMP008,3,APPROVED,,,,,,,https://receipts.brim.example/002068.pdf,,True
TXN-001573,****-****-****-4009,FLYING J #771,37.5,51.71,USD,1.379,2025-08-08 14:36:00,5172,Petroleum & Petroleum Products,TXC-009,EMP009,Grace Lee,Operations,EMP008,3,APPROVED,,,,,,,https://receipts.brim.example/001573.pdf,,True
TXN-002785,****-****-****-4005,QUICK FUEL STOP,120.58,166.28,USD,1.379,2025-08-08 15:36:00,5541,Service Stations,TXC-005,EMP005,Dana Park,Finance,EMP002,3,PENDING,,,,,,,https://receipts.brim.example/002785.pdf,,False
TXN-001600,****-****-****-4002,COMFORT INN 442,172.99,238.55,USD,1.379,2025-08-08 15:38:00,7011,"Hotels, Motels & Resorts",TXC-002,EMP002,Priya Nair,Finance,EMP001,5,APPROVED,,,,,,,https://receipts.brim.example/001600.pdf,TRIP-0108,True
TXN-003684,****-****-****-4008,FLYING J #771,44.63,61.54,USD,1.379,2025-08-08 15:51:00,5172,Petroleum & Petroleum Products,TXC-008,EMP008,Eric Tran,Operations,EMP003,4,APPROVED,,,,,,,https://receipts.brim.example/003684.pdf,,True
TXN-001800,****-****-****-4003,ULTRAMAR 55,69.24,95.48,USD,1.379,2025-08-08 16:22:00,5541,Service Stations,TXC-003,EMP003,Marcus Webb,Operations,EMP001,5,APPROVED,,,,,,,https://receipts.brim.example/001800.pdf,,True
TXN-002595,****-****-****-4008,ULTRAMAR 55,90.11,124.26,USD,1.379,2025-08-08 17:47:00,5172,Petroleum & Petroleum Products,TXC-008,EMP008,Eric Tran,Operations,EMP003,4,APPROVED,,,,,,,https://receipts.brim.example/002595.pdf,,True
TXN-001838,****-****-****-4009,SUPER 8 MOTEL,93.22,128.55,USD,1.379,2025-08-08 18:19:00,7011,"Hotels, Motels & Resorts",TXC-009,EMP009,Grace Lee,Operations,EMP008,3,APPROVED,,,,,,,https://receipts.brim.example/001838.pdf,,True
TXN-003825,****-****-****-4002,BOSTON PIZZA 12,43.3,59.71,USD,1.379,2025-08-08 20:04:00,5814,Fast Food Restaurants,TXC-002,EMP002,Priya Nair,Finance,EMP001,5,APPROVED,,,,,,,https://receipts.brim.example/003825.pdf,,True
TXN-002740,****-****-****-4002,ESSO RETAIL 113,136.76,188.59,USD,1.379,2025-08-08 20:54:00,5172,Petroleum & Petroleum Products,TXC-002,EMP002,Priya Nair,Finance,EMP001,5,APPROVED,,,,,,,https://receipts.brim.example/002740.pdf,,True
TXN-003072,****-****-****-4007,ROADSIDE GRILL CO,23.65,32.61,USD,1.379,2025-08-09 12:53:00,5814,Fast Food Restaurants,TXC-007,EMP007,Carol White,Finance,EMP004,2,APPROVED,,,,,,,https://receipts.brim.example/003072.pdf,,True
TXN-001602,****-****-****-4002,QUICK FUEL STOP,39.6,54.61,USD,1.379,2025-08-09 15:38:00,5172,Petroleum & Petroleum Products,TXC-002,EMP002,Priya Nair,Finance,EMP001,5,APPROVED,,,,,,,https://receipts.brim.example/001602.pdf,TRIP-0108,True
TXN-001857,****-****-****-4003,ULTRAMAR 55,30.58,42.17,USD,1.379,2025-08-09 15:54:00,5541,Service Stations,TXC-003,EMP003,Marcus Webb,Operations,EMP001,5,APPROVED,,,,,,,https://receipts.brim.example/001857.pdf,,True
TXN-002306,****-****-****-4008,ROADSIDE GRILL CO,52.31,72.14,USD,1.379,2025-08-09 16:03:00,5814,Fast Food Restaurants,TXC-008,EMP008,Eric Tran,Operations,EMP003,4,APPROVED,,,,,,,,,True
TXN-004174,****-****-****-4007,A&W STORE 551,14.02,19.33,USD,1.379,2025-08-09 18:19:00,5812,Eating Places & Restaurants,TXC-007,EMP007,Carol White,Finance,EMP004,2,APPROVED,,,,,,,https://receipts.brim.example/004174.pdf,,True
TXN-000647,****-****-****-4003,ULTRAMAR 55,52.48,72.37,USD,1.379,2025-08-09 18:23:00,5172,Petroleum & Petroleum Products,TXC-003,EMP003,Marcus Webb,Operations,EMP001,5,APPROVED,,,,,,,,,True
TXN-001705,****-****-****-4007,DAYS INN 209,106.1,146.31,USD,1.379,2025-08-09 20:25:00,7011,"Hotels, Motels & Resorts",TXC-007,EMP007,Carol White,Finance,EMP004,2,APPROVED,,,,,,,https://receipts.brim.example/001705.pdf,TRIP-0116,True
TXN-002944,****-****-****-4008,407 ETR TOLL,19.58,27.0,USD,1.379,2025-08-09 20:35:00,4131,Bus Lines / Tolls,TXC-008,EMP008,Eric Tran,Operations,EMP003,4,APPROVED,,,,,,,https://receipts.brim.example/002944.pdf,,True
TXN-003353,****-****-****-4002,BEST BUY 112,129.86,179.08,USD,1.379,2025-08-10 07:57:00,5045,Computers & Peripherals,TXC-002,EMP002,Priya Nair,Finance,EMP001,5,APPROVED,,,,,,,https://receipts.brim.example/003353.pdf,,True
TXN-001508,****-****-****-4005,DAYS INN 209,178.13,245.64,USD,1.379,2025-08-10 09:26:00,7011,"Hotels, Motels & Resorts",TXC-005,EMP005,Dana Park,Finance,EMP002,3,PENDING,,,,,,,,,False
TXN-003241,****-****-****-4001,PETRO-CANADA 8821,39.38,54.31,USD,1.379,2025-08-10 09:37:00,5541,Service Stations,TXC-001,EMP001,Olivia Reyes,Executive,,6,APPROVED,,,,,,,https://receipts.brim.example/003241.pdf,,True
TXN-001734,****-****-****-4002,WENDYS 7781,15.04,20.74,USD,1.379,2025-08-10 11:22:00,5812,Eating Places & Restaurants,TXC-002,EMP002,Priya Nair,Finance,EMP001,5,APPROVED,,,,,,,https://receipts.brim.example/001734.pdf,,True
TXN-001601,****-****-****-4002,SUBWAY 40021,32.14,44.32,USD,1.379,2025-08-10 11:27:00,5814,Fast Food Restaurants,TXC-002,EMP002,Priya Nair,Finance,EMP001,5,APPROVED,,,,,,,https://receipts.brim.example/001601.pdf,TRIP-0108,True
TXN-002906,****-****-****-4007,ULTRAMAR 55,37.29,51.42,USD,1.379,2025-08-10 12:27:00,5172,Petroleum & Petroleum Products,TXC-007,EMP007,Carol White,Finance,EMP004,2,APPROVED,,,,,,,https://receipts.brim.example/002906.pdf,,True
TXN-003346,****-****-****-4007,PETRO-CANADA 8821,143.52,197.91,USD,1.379,2025-08-10 12:36:00,5541,Service Stations,TXC-007,EMP007,Carol White,Finance,EMP004,2,PENDING,,,,,,,,,False
TXN-000794,****-****-****-4009,HOLIDAY INN EXPRESS,86.91,119.85,USD,1.379,2025-08-10 14:51:00,7011,"Hotels, Motels & Resorts",TXC-009,EMP009,Grace Lee,Operations,EMP008,3,APPROVED,,,,,,,https://receipts.brim.example/000794.pdf,TRIP-0043,True
TXN-001502,****-****-****-4007,BEST BUY 112,68.6,94.6,USD,1.379,2025-08-10 15:00:00,5045,Computers & Peripherals,TXC-007,EMP007,Carol White,Finance,EMP004,2,PENDING,,,,,,,https://receipts.brim.example/001502.pdf,,False
TXN-001597,****-****-****-4009,WENDYS 7781,23.76,32.77,USD,1.379,2025-08-10 15:19:00,5812,Eating Places & Restaurants,TXC-009,EMP009,Grace Lee,Operations,EMP008,3,APPROVED,,,,,,,https://receipts.brim.example/001597.pdf,,True
TXN-003272,****-****-****-4007,ROADSIDE GRILL CO,15.79,21.77,USD,1.379,2025-08-10 15:20:00,5812,Eating Places & Restaurants,TXC-007,EMP007,Carol White,Finance,EMP004,2,APPROVED,,,,,,,https://receipts.brim.example/003272.pdf,,True
TXN-004119,****-****-****-4007,ESSO RETAIL 113,96.32,132.83,USD,1.379,2025-08-10 18:04:00,5172,Petroleum & Petroleum Products,TXC-007,EMP007,Carol White,Finance,EMP004,2,PENDING,,,,,,,https://receipts.brim.example/004119.pdf,,False
TXN-003129,****-****-****-4008,PETRO-CANADA 8821,68.57,94.56,USD,1.379,2025-08-10 19:00:00,5541,Service Stations,TXC-008,EMP008,Eric Tran,Operations,EMP003,4,APPROVED,,,,,,,https://receipts.brim.example/003129.pdf,,True
TXN-003496,****-****-****-4008,PILOT TRAVEL 209,191.9,264.63,USD,1.379,2025-08-10 19:29:00,5172,Petroleum & Petroleum Products,TXC-008,EMP008,Eric Tran,Operations,EMP003,4,PENDING,,,,,,,https://receipts.brim.example/003496.pdf,TRIP-0231,False
TXN-003494,****-****-****-4008,DAYS INN 209,193.99,267.51,USD,1.379,2025-08-10 21:58:00,7011,"Hotels, Motels & Resorts",TXC-008,EMP008,Eric Tran,Operations,EMP003,4,APPROVED,,,,,,,https://receipts.brim.example/003494.pdf,TRIP-0231,True
TXN-000903,****-****-****-4009,QUICK FUEL STOP,164.96,227.48,USD,1.379,2025-08-11 07:01:00,5172,Petroleum & Petroleum Products,TXC-009,EMP009,Grace Lee,Operations,EMP008,3,APPROVED,,,,,,,https://receipts.brim.example/000903.pdf,,True
TXN-003382,****-****-****-4003,SHELL DT #4421,91.47,126.14,USD,1.379,2025-08-11 08:34:00,5172,Petroleum & Petroleum Products,TXC-003,EMP003,Marcus Webb,Operations,EMP001,5,APPROVED,,,,,,,https://receipts.brim.example/003382.pdf,,True
TXN-001787,****-****-****-4007,TIM HORTONS #882,38.81,53.52,USD,1.379,2025-08-11 08:58:00,5812,Eating Places & Restaurants,TXC-007,EMP007,Carol White,Finance,EMP004,2,APPROVED,,,,,,,https://receipts.brim.example/001787.pdf,,True
TXN-000499,****-****-****-4003,SUBWAY 40021,13.79,19.02,USD,1.379,2025-08-11 09:37:00,5814,Fast Food Restaurants,TXC-003,EMP003,Marcus Webb,Operations,EMP001,5,APPROVED,,,,,,,https://receipts.brim.example/000499.pdf,,True
TXN-001491,****-****-****-4008,HOME DEPOT 88,200.51,276.5,USD,1.379,2025-08-11 10:12:00,5300,Wholesale Clubs,TXC-008,EMP008,Eric Tran,Operations,EMP003,4,APPROVED,,,,,,,https://receipts.brim.example/001491.pdf,,True
TXN-000624,****-****-****-4003,FLYING J #771,75.66,104.34,USD,1.379,2025-08-11 11:13:00,5172,Petroleum & Petroleum Products,TXC-003,EMP003,Marcus Webb,Operations,EMP001,5,APPROVED,,,,,,,https://receipts.brim.example/000624.pdf,,True
TXN-004008,****-****-****-4006,BOSTON PIZZA 12,14.31,19.73,USD,1.379,2025-08-11 13:17:00,5812,Eating Places & Restaurants,TXC-006,EMP006,Bob Kumar,Finance,EMP004,2,APPROVED,,,,,,,https://receipts.brim.example/004008.pdf,,True
TXN-000498,****-****-****-4003,ULTRAMAR 55,79.76,109.99,USD,1.379,2025-08-11 14:18:00,5172,Petroleum & Petroleum Products,TXC-003,EMP003,Marcus Webb,Operations,EMP001,5,APPROVED,,,,,,,https://receipts.brim.example/000498.pdf,,True
TXN-003744,****-****-****-4009,ULTRAMAR 55,61.11,84.27,USD,1.379,2025-08-11 14:39:00,5172,Petroleum & Petroleum Products,TXC-009,EMP009,Grace Lee,Operations,EMP008,3,APPROVED,,,,,,,https://receipts.brim.example/003744.pdf,,True
TXN-004170,****-****-****-4004,ULTRAMAR 55,214.37,295.62,USD,1.379,2025-08-11 15:54:00,5172,Petroleum & Petroleum Products,TXC-004,EMP004,Alice Chen,Finance,EMP002,4,APPROVED,,,,,,,https://receipts.brim.example/004170.pdf,,True
TXN-002570,****-****-****-4009,QUICK FUEL STOP,44.86,61.86,USD,1.379,2025-08-11 19:27:00,5541,Service Stations,TXC-009,EMP009,Grace Lee,Operations,EMP008,3,APPROVED,,,,,,,https://receipts.brim.example/002570.pdf,,True
TXN-000601,****-****-****-4009,MIDAS AUTO 21,306.5,422.66,USD,1.379,2025-08-11 19:31:00,7531,Auto Body Repair Shops,TXC-009,EMP009,Grace Lee,Operations,EMP008,3,APPROVED,,,,,,,,,True
TXN-001416,****-****-****-4003,SHELL DT #4421,109.43,150.9,USD,1.379,2025-08-11 20:18:00,5541,Service Stations,TXC-003,EMP003,Marcus Webb,Operations,EMP001,5,APPROVED,,,,,,,https://receipts.brim.example/001416.pdf,,True
TXN-002084,****-****-****-4009,407 ETR TOLL,13.18,18.18,USD,1.379,2025-08-12 07:37:00,7523,Parking Lots & Garages,TXC-009,EMP009,Grace Lee,Operations,EMP008,3,APPROVED,,,,,,,https://receipts.brim.example/002084.pdf,,True
TXN-000733,****-****-****-4007,PILOT TRAVEL 209,118.22,163.03,USD,1.379,2025-08-12 07:41:00,5172,Petroleum & Petroleum Products,TXC-007,EMP007,Carol White,Finance,EMP004,2,APPROVED,,,,,,,https://receipts.brim.example/000733.pdf,,True
TXN-000925,****-****-****-4008,BOSTON PIZZA 12,16.5,22.75,USD,1.379,2025-08-12 08:01:00,5812,Eating Places & Restaurants,TXC-008,EMP008,Eric Tran,Operations,EMP003,4,APPROVED,,,,,,,https://receipts.brim.example/000925.pdf,,True
TXN-001496,****-****-****-4009,COSTCO WHSE 44,57.62,79.46,USD,1.379,2025-08-12 09:39:00,5300,Wholesale Clubs,TXC-009,EMP009,Grace Lee,Operations,EMP008,3,APPROVED,,,,,,,https://receipts.brim.example/001496.pdf,,True
TXN-003945,****-****-****-4001,PILOT TRAVEL 209,43.01,59.31,USD,1.379,2025-08-12 10:07:00,5541,Service Stations,TXC-001,EMP001,Olivia Reyes,Executive,,6,APPROVED,,,,,,,https://receipts.brim.example/003945.pdf,,True
TXN-000795,****-****-****-4009,SUBWAY 40021,19.52,26.92,USD,1.379,2025-08-12 10:13:00,5812,Eating Places & Restaurants,TXC-009,EMP009,Grace Lee,Operations,EMP008,3,APPROVED,,,,,,,https://receipts.brim.example/000795.pdf,TRIP-0043,True
TXN-002038,****-****-****-4008,QUICK FUEL STOP,56.85,78.4,USD,1.379,2025-08-12 10:56:00,5541,Service Stations,TXC-008,EMP008,Eric Tran,Operations,EMP003,4,APPROVED,,,,,,,https://receipts.brim.example/002038.pdf,,True
TXN-003924,****-****-****-4003,IMPARK LOT 88,12.26,16.91,USD,1.379,2025-08-12 11:39:00,7523,Parking Lots & Garages,TXC-003,EMP003,Marcus Webb,Operations,EMP001,5,APPROVED,,,,,,,https://receipts.brim.example/003924.pdf,,True
TXN-003158,****-****-****-4009,STAPLES #112,41.75,57.57,USD,1.379,2025-08-12 12:59:00,5943,Stationery & Writing Supplies,TXC-009,EMP009,Grace Lee,Operations,EMP008,3,APPROVED,,,,,,,https://receipts.brim.example/003158.pdf,,True
TXN-002209,****-****-****-4004,ESSO RETAIL 113,26.26,36.21,USD,1.379,2025-08-12 13:42:00,5172,Petroleum & Petroleum Products,TXC-004,EMP004,Alice Chen,Finance,EMP002,4,APPROVED,,,,,,,https://receipts.brim.example/002209.pdf,,True
TXN-000306,****-****-****-4008,ULTRAMAR 55,98.7,136.11,USD,1.379,2025-08-12 13:51:00,5172,Petroleum & Petroleum Products,TXC-008,EMP008,Eric Tran,Operations,EMP003,4,APPROVED,,,,,,,https://receipts.brim.example/000306.pdf,,True
TXN-002724,****-****-****-4009,QUICK FUEL STOP,52.62,72.56,USD,1.379,2025-08-12 14:08:00,5541,Service Stations,TXC-009,EMP009,Grace Lee,Operations,EMP008,3,APPROVED,,,,,,,,,True
TXN-003268,****-****-****-4003,WENDYS 7781,7.29,10.05,USD,1.379,2025-08-12 14:33:00,5814,Fast Food Restaurants,TXC-003,EMP003,Marcus Webb,Operations,EMP001,5,APPROVED,,,,,,,https://receipts.brim.example/003268.pdf,TRIP-0216,True
TXN-002361,****-****-****-4009,COSTCO WHSE 44,182.8,252.08,USD,1.379,2025-08-12 14:39:00,5045,Computers & Peripherals,TXC-009,EMP009,Grace Lee,Operations,EMP008,3,APPROVED,,,,,,,https://receipts.brim.example/002361.pdf,,True
TXN-003267,****-****-****-4003,SUPER 8 MOTEL,51.22,70.63,USD,1.379,2025-08-12 14:42:00,7011,"Hotels, Motels & Resorts",TXC-003,EMP003,Marcus Webb,Operations,EMP001,5,APPROVED,,,,,,,https://receipts.brim.example/003267.pdf,TRIP-0216,True
TXN-000797,****-****-****-4009,ESSO RETAIL 113,42.95,59.23,USD,1.379,2025-08-12 14:57:00,5172,Petroleum & Petroleum Products,TXC-009,EMP009,Grace Lee,Operations,EMP008,3,APPROVED,,,,,,,https://receipts.brim.example/000797.pdf,TRIP-0043,True
TXN-000691,****-****-****-4008,A&W STORE 551,28.72,39.6,USD,1.379,2025-08-12 15:55:00,5812,Eating Places & Restaurants,TXC-008,EMP008,Eric Tran,Operations,EMP003,4,APPROVED,,,,,,,https://receipts.brim.example/000691.pdf,TRIP-0038,True
TXN-001898,****-****-****-4002,GREEN P PARKING,17.42,24.02,USD,1.379,2025-08-12 16:28:00,7523,Parking Lots & Garages,TXC-002,EMP002,Priya Nair,Finance,EMP001,5,APPROVED,,,,,,,https://receipts.brim.example/001898.pdf,,True
TXN-001247,****-****-****-4001,WENDYS 7781,52.49,72.38,USD,1.379,2025-08-12 17:14:00,5812,Eating Places & Restaurants,TXC-001,EMP001,Olivia Reyes,Executive,,6,APPROVED,,,,,,,,,True
TXN-002637,****-****-****-4008,ROADSIDE GRILL CO,10.79,14.88,USD,1.379,2025-08-12 17:29:00,5814,Fast Food Restaurants,TXC-008,EMP008,Eric Tran,Operations,EMP003,4,APPROVED,,,,,,,https://receipts.brim.example/002637.pdf,,True
TXN-003887,****-****-****-4009,SUPER 8 MOTEL,233.58,322.11,USD,1.379,2025-08-12 18:49:00,7011,"Hotels, Motels & Resorts",TXC-009,EMP009,Grace Lee,Operations,EMP008,3,APPROVED,,,,,,,https://receipts.brim.example/003887.pdf,,True
TXN-002827,****-****-****-4004,FLYING J #771,70.01,96.54,USD,1.379,2025-08-12 18:53:00,5172,Petroleum & Petroleum Products,TXC-004,EMP004,Alice Chen,Finance,EMP002,4,APPROVED,,,,,,,https://receipts.brim.example/002827.pdf,,True
TXN-004045,****-****-****-4002,GRAND & TOY 5,31.07,42.85,USD,1.379,2025-08-12 19:46:00,5111,Stationery & Office Supplies,TXC-002,EMP002,Priya Nair,Finance,EMP001,5,APPROVED,,,,,,,https://receipts.brim.example/004045.pdf,,True
TXN-000618,****-****-****-4009,QUICK FUEL STOP,58.17,80.22,USD,1.379,2025-08-12 20:57:00,5541,Service Stations,TXC-009,EMP009,Grace Lee,Operations,EMP008,3,APPROVED,,,,,,,https://receipts.brim.example/000618.pdf,,True
TXN-001818,****-****-****-4004,CANADIAN TIRE 445,326.85,450.73,USD,1.379,2025-08-12 20:57:00,7531,Auto Body Repair Shops,TXC-004,EMP004,Alice Chen,Finance,EMP002,4,APPROVED,,,,,,,https://receipts.brim.example/001818.pdf,,True
TXN-004153,****-****-****-4007,MIDAS AUTO 21,234.5,323.38,USD,1.379,2025-08-12 21:31:00,7538,Automotive Service Shops,TXC-007,EMP007,Carol White,Finance,EMP004,2,APPROVED,,,,,,,https://receipts.brim.example/004153.pdf,,True
TXN-003495,****-****-****-4008,PILOT TRAVEL 209,55.14,76.04,USD,1.379,2025-08-12 23:59:00,5172,Petroleum & Petroleum Products,TXC-008,EMP008,Eric Tran,Operations,EMP003,4,PENDING,,,,,,,,TRIP-0231,False
TXN-003497,****-****-****-4008,SHELL DT #4421,27.89,38.46,USD,1.379,2025-08-13 00:10:00,5541,Service Stations,TXC-008,EMP008,Eric Tran,Operations,EMP003,4,APPROVED,,,,,,,https://receipts.brim.example/003497.pdf,TRIP-0231,True
TXN-002181,****-****-****-4007,ESSO RETAIL 113,64.91,89.51,USD,1.379,2025-08-13 05:49:00,5172,Petroleum & Petroleum Products,TXC-007,EMP007,Carol White,Finance,EMP004,2,APPROVED,,,,,,,,TRIP-0145,True
TXN-002020,****-****-****-4002,PETRO-CANADA 8821,140.11,193.21,USD,1.379,2025-08-13 08:20:00,5172,Petroleum & Petroleum Products,TXC-002,EMP002,Priya Nair,Finance,EMP001,5,PENDING,,,,,,,https://receipts.brim.example/002020.pdf,,False
TXN-000638,****-****-****-4001,BEST BUY 112,135.98,187.52,USD,1.379,2025-08-13 10:14:00,5045,Computers & Peripherals,TXC-001,EMP001,Olivia Reyes,Executive,,6,APPROVED,,,,,,,https://receipts.brim.example/000638.pdf,,True
TXN-001925,****-****-****-4008,A&W STORE 551,69.81,96.27,USD,1.379,2025-08-13 11:33:00,5812,Eating Places & Restaurants,TXC-008,EMP008,Eric Tran,Operations,EMP003,4,APPROVED,,,,,,,https://receipts.brim.example/001925.pdf,,True
TXN-001492,****-****-****-4007,ROGERS WIRELESS,161.21,222.31,USD,1.379,2025-08-13 12:10:00,4814,Telecom Services,TXC-007,EMP007,Carol White,Finance,EMP004,2,APPROVED,,,,,,,https://receipts.brim.example/001492.pdf,,True
TXN-002015,****-****-****-4009,ROGERS WIRELESS,84.9,117.08,USD,1.379,2025-08-13 12:38:00,4814,Telecom Services,TXC-009,EMP009,Grace Lee,Operations,EMP008,3,PENDING,,,,,,,https://receipts.brim.example/002015.pdf,,False
TXN-002515,****-****-****-4007,TIM HORTONS #882,57.11,78.75,USD,1.379,2025-08-13 12:38:00,5812,Eating Places & Restaurants,TXC-007,EMP007,Carol White,Finance,EMP004,2,APPROVED,,,,,,,,,True
TXN-002099,****-****-****-4004,ROADSIDE GRILL CO,18.39,25.36,USD,1.379,2025-08-13 13:38:00,5812,Eating Places & Restaurants,TXC-004,EMP004,Alice Chen,Finance,EMP002,4,APPROVED,,,,,,,https://receipts.brim.example/002099.pdf,,True
TXN-001442,****-****-****-4009,PILOT TRAVEL 209,56.67,78.15,USD,1.379,2025-08-13 13:50:00,5172,Petroleum & Petroleum Products,TXC-009,EMP009,Grace Lee,Operations,EMP008,3,APPROVED,,,,,,,https://receipts.brim.example/001442.pdf,,True
TXN-001418,****-****-****-4001,PRECISE PARKLINK,26.42,36.43,USD,1.379,2025-08-13 14:37:00,4131,Bus Lines / Tolls,TXC-001,EMP001,Olivia Reyes,Executive,,6,APPROVED,,,,,,,https://receipts.brim.example/001418.pdf,,True
TXN-000846,****-****-****-4004,COMFORT INN 442,145.23,200.27,USD,1.379,2025-08-13 16:24:00,7011,"Hotels, Motels & Resorts",TXC-004,EMP004,Alice Chen,Finance,EMP002,4,APPROVED,,,,,,,https://receipts.brim.example/000846.pdf,,True
TXN-000109,****-****-****-4007,HOME DEPOT 88,67.3,92.81,USD,1.379,2025-08-13 16:58:00,5045,Computers & Peripherals,TXC-007,EMP007,Carol White,Finance,EMP004,2,APPROVED,,,,,,,https://receipts.brim.example/000109.pdf,,True
TXN-003119,****-****-****-4002,BEST WESTERN 71,156.28,215.51,USD,1.379,2025-08-13 17:41:00,7011,"Hotels, Motels & Resorts",TXC-002,EMP002,Priya Nair,Finance,EMP001,5,APPROVED,,,,,,,,,True
TXN-001817,****-****-****-4003,BOSTON PIZZA 12,18.06,24.9,USD,1.379,2025-08-13 19:23:00,5812,Eating Places & Restaurants,TXC-003,EMP003,Marcus Webb,Operations,EMP001,5,APPROVED,,,,,,,https://receipts.brim.example/001817.pdf,,True
TXN-003148,****-****-****-4003,FLYING J #771,56.89,78.45,USD,1.379,2025-08-13 19:30:00,5541,Service Stations,TXC-003,EMP003,Marcus Webb,Operations,EMP001,5,APPROVED,,,,,,,https://receipts.brim.example/003148.pdf,,True
TXN-001440,****-****-****-4007,STAPLES #112,56.38,77.75,USD,1.379,2025-08-13 20:39:00,5943,Stationery & Writing Supplies,TXC-007,EMP007,Carol White,Finance,EMP004,2,APPROVED,,,,,,,https://receipts.brim.example/001440.pdf,,True
TXN-003211,****-****-****-4009,ULTRAMAR 55,119.37,164.61,USD,1.379,2025-08-14 07:07:00,5541,Service Stations,TXC-009,EMP009,Grace Lee,Operations,EMP008,3,APPROVED,,,,,,,https://receipts.brim.example/003211.pdf,,True
TXN-002635,****-****-****-4003,ULTRAMAR 55,64.71,89.24,USD,1.379,2025-08-14 08:01:00,5541,Service Stations,TXC-003,EMP003,Marcus Webb,Operations,EMP001,5,APPROVED,,,,,,,https://receipts.brim.example/002635.pdf,,True
TXN-003277,****-****-****-4004,PRECISE PARKLINK,8.7,12.0,USD,1.379,2025-08-14 10:12:00,7523,Parking Lots & Garages,TXC-004,EMP004,Alice Chen,Finance,EMP002,4,APPROVED,,,,,,,https://receipts.brim.example/003277.pdf,,True
TXN-000170,****-****-****-4004,QUICK FUEL STOP,61.84,85.28,USD,1.379,2025-08-14 10:28:00,5172,Petroleum & Petroleum Products,TXC-004,EMP004,Alice Chen,Finance,EMP002,4,APPROVED,,,,,,,https://receipts.brim.example/000170.pdf,,True
TXN-001144,****-****-****-4009,QUICK FUEL STOP,53.07,73.18,USD,1.379,2025-08-14 11:41:00,5541,Service Stations,TXC-009,EMP009,Grace Lee,Operations,EMP008,3,APPROVED,,,,,,,https://receipts.brim.example/001144.pdf,,True
TXN-000612,****-****-****-4003,MIDAS AUTO 21,286.96,395.72,USD,1.379,2025-08-14 12:12:00,7531,Auto Body Repair Shops,TXC-003,EMP003,Marcus Webb,Operations,EMP001,5,APPROVED,,,,,,,https://receipts.brim.example/000612.pdf,,True
TXN-000689,****-****-****-4008,DAYS INN 209,191.21,263.68,USD,1.379,2025-08-14 12:51:00,7011,"Hotels, Motels & Resorts",TXC-008,EMP008,Eric Tran,Operations,EMP003,4,APPROVED,,,,,,,https://receipts.brim.example/000689.pdf,TRIP-0038,True
TXN-002150,****-****-****-4008,PETRO-CANADA 8821,73.94,101.96,USD,1.379,2025-08-14 13:22:00,5541,Service Stations,TXC-008,EMP008,Eric Tran,Operations,EMP003,4,APPROVED,,,,,,,https://receipts.brim.example/002150.pdf,,True
TXN-000371,****-****-****-4003,SUPER 8 MOTEL,195.85,270.08,USD,1.379,2025-08-14 13:45:00,7011,"Hotels, Motels & Resorts",TXC-003,EMP003,Marcus Webb,Operations,EMP001,5,APPROVED,,,,,,,https://receipts.brim.example/000371.pdf,,True
TXN-003080,****-****-****-4004,BEST BUY 112,198.65,273.94,USD,1.379,2025-08-14 14:45:00,5045,Computers & Peripherals,TXC-004,EMP004,Alice Chen,Finance,EMP002,4,APPROVED,,,,,,,https://receipts.brim.example/003080.pdf,,True
TXN-001999,****-****-****-4005,ULTRAMAR 55,117.26,161.7,USD,1.379,2025-08-14 14:50:00,5541,Service Stations,TXC-005,EMP005,Dana Park,Finance,EMP002,3,APPROVED,,,,,,,https://receipts.brim.example/001999.pdf,,True
TXN-001472,****-****-****-4007,COMFORT INN 442,134.27,185.16,USD,1.379,2025-08-14 14:51:00,7011,"Hotels, Motels & Resorts",TXC-007,EMP007,Carol White,Finance,EMP004,2,APPROVED,,,,,,,https://receipts.brim.example/001472.pdf,TRIP-0100,True
TXN-000622,****-****-****-4002,PETRO-CANADA 8821,126.64,174.64,USD,1.379,2025-08-14 14:56:00,5541,Service Stations,TXC-002,EMP002,Priya Nair,Finance,EMP001,5,PENDING,,,,,,,https://receipts.brim.example/000622.pdf,,False
TXN-000725,****-****-****-4009,QUICK FUEL STOP,59.01,81.37,USD,1.379,2025-08-14 16:10:00,5541,Service Stations,TXC-009,EMP009,Grace Lee,Operations,EMP008,3,APPROVED,,,,,,,,,True
TXN-003734,****-****-****-4001,PRECISE PARKLINK,15.07,20.78,USD,1.379,2025-08-14 17:34:00,4131,Bus Lines / Tolls,TXC-001,EMP001,Olivia Reyes,Executive,,6,APPROVED,,,,,,,https://receipts.brim.example/003734.pdf,,True
TXN-002604,****-****-****-4002,SHELL DT #4421,43.71,60.28,USD,1.379,2025-08-14 18:07:00,5541,Service Stations,TXC-002,EMP002,Priya Nair,Finance,EMP001,5,APPROVED,,,,,,,https://receipts.brim.example/002604.pdf,,True
TXN-000639,****-****-****-4004,IMPARK LOT 88,15.16,20.91,USD,1.379,2025-08-14 18:46:00,7523,Parking Lots & Garages,TXC-004,EMP004,Alice Chen,Finance,EMP002,4,APPROVED,,,,,,,https://receipts.brim.example/000639.pdf,,True
TXN-003863,****-****-****-4004,PETRO-CANADA 8821,40.36,55.66,USD,1.379,2025-08-14 20:22:00,5172,Petroleum & Petroleum Products,TXC-004,EMP004,Alice Chen,Finance,EMP002,4,APPROVED,,,,,,,https://receipts.brim.example/003863.pdf,,True
TXN-001139,****-****-****-4009,PETRO-CANADA 8821,74.29,102.45,USD,1.379,2025-08-14 20:40:00,5172,Petroleum & Petroleum Products,TXC-009,EMP009,Grace Lee,Operations,EMP008,3,PENDING,,,,,,,https://receipts.brim.example/001139.pdf,,False
TXN-003139,****-****-****-4004,SUPER 8 MOTEL,60.3,83.15,USD,1.379,2025-08-14 20:43:00,7011,"Hotels, Motels & Resorts",TXC-004,EMP004,Alice Chen,Finance,EMP002,4,APPROVED,,,,,,,https://receipts.brim.example/003139.pdf,,True
TXN-004096,****-****-****-4001,407 ETR TOLL,7.49,10.33,USD,1.379,2025-08-15 07:35:00,4131,Bus Lines / Tolls,TXC-001,EMP001,Olivia Reyes,Executive,,6,APPROVED,,,,,,,https://receipts.brim.example/004096.pdf,,True
TXN-002589,****-****-****-4009,COSTCO WHSE 44,109.68,151.25,USD,1.379,2025-08-15 07:36:00,5045,Computers & Peripherals,TXC-009,EMP009,Grace Lee,Operations,EMP008,3,APPROVED,,,,,,,https://receipts.brim.example/002589.pdf,,True
TXN-001779,****-****-****-4005,DAYS INN 209,178.98,246.81,USD,1.379,2025-08-15 08:18:00,7011,"Hotels, Motels & Resorts",TXC-005,EMP005,Dana Park,Finance,EMP002,3,APPROVED,,,,,,,https://receipts.brim.example/001779.pdf,,True
TXN-002147,****-****-****-4008,PETRO-CANADA 8821,44.46,61.31,USD,1.379,2025-08-15 08:20:00,5541,Service Stations,TXC-008,EMP008,Eric Tran,Operations,EMP003,4,APPROVED,,,,,,,https://receipts.brim.example/002147.pdf,,True
TXN-001021,****-****-****-4009,FLYING J #771,76.0,104.8,USD,1.379,2025-08-15 08:38:00,5172,Petroleum & Petroleum Products,TXC-009,EMP009,Grace Lee,Operations,EMP008,3,APPROVED,,,,,,,https://receipts.brim.example/001021.pdf,,True
TXN-000764,****-****-****-4008,SHELL DT #4421,91.5,126.18,USD,1.379,2025-08-15 09:29:00,5172,Petroleum & Petroleum Products,TXC-008,EMP008,Eric Tran,Operations,EMP003,4,APPROVED,,,,,,,https://receipts.brim.example/000764.pdf,,True
TXN-003374,****-****-****-4007,QUICK FUEL STOP,66.05,91.08,USD,1.379,2025-08-15 10:13:00,5172,Petroleum & Petroleum Products,TXC-007,EMP007,Carol White,Finance,EMP004,2,APPROVED,,,,,,,https://receipts.brim.example/003374.pdf,,True
TXN-003289,****-****-****-4007,A&W STORE 551,29.96,41.31,USD,1.379,2025-08-15 10:32:00,5812,Eating Places & Restaurants,TXC-007,EMP007,Carol White,Finance,EMP004,2,APPROVED,,,,,,,https://receipts.brim.example/003289.pdf,,True
TXN-002180,****-****-****-4007,COMFORT INN 442,78.5,108.25,USD,1.379,2025-08-15 10:44:00,7011,"Hotels, Motels & Resorts",TXC-007,EMP007,Carol White,Finance,EMP004,2,PENDING,,,,,,,https://receipts.brim.example/002180.pdf,TRIP-0145,False
TXN-001199,****-****-****-4009,PETRO-CANADA 8821,59.59,82.17,USD,1.379,2025-08-15 11:36:00,5541,Service Stations,TXC-009,EMP009,Grace Lee,Operations,EMP008,3,APPROVED,,,,,,,,,True
TXN-002056,****-****-****-4007,QUICK FUEL STOP,57.42,79.18,USD,1.379,2025-08-15 13:15:00,5172,Petroleum & Petroleum Products,TXC-007,EMP007,Carol White,Finance,EMP004,2,APPROVED,,,,,,,https://receipts.brim.example/002056.pdf,,True
TXN-000690,****-****-****-4008,ROADSIDE GRILL CO,18.62,25.68,USD,1.379,2025-08-15 13:52:00,5814,Fast Food Restaurants,TXC-008,EMP008,Eric Tran,Operations,EMP003,4,APPROVED,,,,,,,https://receipts.brim.example/000690.pdf,TRIP-0038,True
TXN-001403,****-****-****-4004,A&W STORE 551,26.37,36.36,USD,1.379,2025-08-15 17:54:00,5814,Fast Food Restaurants,TXC-004,EMP004,Alice Chen,Finance,EMP002,4,APPROVED,,,,,,,https://receipts.brim.example/001403.pdf,,True
TXN-002529,****-****-****-4003,ESSO RETAIL 113,40.76,56.21,USD,1.379,2025-08-15 19:06:00,5172,Petroleum & Petroleum Products,TXC-003,EMP003,Marcus Webb,Operations,EMP001,5,APPROVED,,,,,,,https://receipts.brim.example/002529.pdf,,True
TXN-001097,****-****-****-4003,PRECISE PARKLINK,4.99,6.88,USD,1.379,2025-08-15 19:44:00,7523,Parking Lots & Garages,TXC-003,EMP003,Marcus Webb,Operations,EMP001,5,APPROVED,,,,,,,https://receipts.brim.example/001097.pdf,,True
TXN-002288,****-****-****-4009,FOUNTAIN TIRE,115.64,159.47,USD,1.379,2025-08-16 07:09:00,7538,Automotive Service Shops,TXC-009,EMP009,Grace Lee,Operations,EMP008,3,APPROVED,,,,,,,https://receipts.brim.example/002288.pdf,,True
TXN-002672,****-****-****-4007,QUICK FUEL STOP,75.58,104.22,USD,1.379,2025-08-16 08:12:00,5172,Petroleum & Petroleum Products,TXC-007,EMP007,Carol White,Finance,EMP004,2,APPROVED,,,,,,,https://receipts.brim.example/002672.pdf,,True
TXN-002678,****-****-****-4009,407 ETR TOLL,10.35,14.27,USD,1.379,2025-08-16 08:21:00,4131,Bus Lines / Tolls,TXC-009,EMP009,Grace Lee,Operations,EMP008,3,APPROVED,,,,,,,https://receipts.brim.example/002678.pdf,,True
TXN-003362,****-****-****-4006,ULTRAMAR 55,66.95,92.32,USD,1.379,2025-08-16 08:27:00,5541,Service Stations,TXC-006,EMP006,Bob Kumar,Finance,EMP004,2,APPROVED,,,,,,,,,True
TXN-000692,****-****-****-4008,QUICK FUEL STOP,88.69,122.3,USD,1.379,2025-08-16 09:09:00,5172,Petroleum & Petroleum Products,TXC-008,EMP008,Eric Tran,Operations,EMP003,4,APPROVED,,,,,,,https://receipts.brim.example/000692.pdf,TRIP-0038,True
TXN-000565,****-****-****-4004,407 ETR TOLL,13.58,18.73,USD,1.379,2025-08-16 10:40:00,4131,Bus Lines / Tolls,TXC-004,EMP004,Alice Chen,Finance,EMP002,4,APPROVED,,,,,,,https://receipts.brim.example/000565.pdf,,True
TXN-001850,****-****-****-4009,WENDYS 7781,28.71,39.59,USD,1.379,2025-08-16 17:19:00,5812,Eating Places & Restaurants,TXC-009,EMP009,Grace Lee,Operations,EMP008,3,APPROVED,,,,,,,https://receipts.brim.example/001850.pdf,,True
TXN-004160,****-****-****-4002,PETRO-CANADA 8821,59.69,82.31,USD,1.379,2025-08-16 17:29:00,5541,Service Stations,TXC-002,EMP002,Priya Nair,Finance,EMP001,5,APPROVED,,,,,,,https://receipts.brim.example/004160.pdf,,True
TXN-001473,****-****-****-4007,PILOT TRAVEL 209,241.88,333.55,USD,1.379,2025-08-16 17:30:00,5172,Petroleum & Petroleum Products,TXC-007,EMP007,Carol White,Finance,EMP004,2,APPROVED,,,,,,,https://receipts.brim.example/001473.pdf,TRIP-0100,True
TXN-003961,****-****-****-4003,PILOT TRAVEL 209,68.09,93.9,USD,1.379,2025-08-16 18:20:00,5172,Petroleum & Petroleum Products,TXC-003,EMP003,Marcus Webb,Operations,EMP001,5,PENDING,,,,,,,https://receipts.brim.example/003961.pdf,,False
TXN-003606,****-****-****-4008,SUPER 8 MOTEL,66.94,92.31,USD,1.379,2025-08-16 20:43:00,7011,"Hotels, Motels & Resorts",TXC-008,EMP008,Eric Tran,Operations,EMP003,4,APPROVED,,,,,,,https://receipts.brim.example/003606.pdf,,True
TXN-002969,****-****-****-4002,SHELL DT #4421,51.99,71.69,USD,1.379,2025-08-16 20:47:00,5172,Petroleum & Petroleum Products,TXC-002,EMP002,Priya Nair,Finance,EMP001,5,APPROVED,,,,,,,https://receipts.brim.example/002969.pdf,,True
TXN-002177,****-****-****-4003,IMPARK LOT 88,12.17,16.78,USD,1.379,2025-08-17 07:46:00,4131,Bus Lines / Tolls,TXC-003,EMP003,Marcus Webb,Operations,EMP001,5,APPROVED,,,,,,,https://receipts.brim.example/002177.pdf,,True
TXN-002025,****-****-****-4001,PILOT TRAVEL 209,135.57,186.95,USD,1.379,2025-08-17 08:13:00,5172,Petroleum & Petroleum Products,TXC-001,EMP001,Olivia Reyes,Executive,,6,APPROVED,,,,,,,https://receipts.brim.example/002025.pdf,,True
TXN-000921,****-****-****-4009,SHELL DT #4421,37.56,51.8,USD,1.379,2025-08-17 08:44:00,5541,Service Stations,TXC-009,EMP009,Grace Lee,Operations,EMP008,3,APPROVED,,,,,,,https://receipts.brim.example/000921.pdf,,True
TXN-004151,****-****-****-4007,ESSO RETAIL 113,37.2,51.3,USD,1.379,2025-08-17 09:54:00,5541,Service Stations,TXC-007,EMP007,Carol White,Finance,EMP004,2,APPROVED,,,,,,,https://receipts.brim.example/004151.pdf,,True
TXN-001663,****-****-****-4003,COSTCO WHSE 44,81.53,112.43,USD,1.379,2025-08-17 10:44:00,5045,Computers & Peripherals,TXC-003,EMP003,Marcus Webb,Operations,EMP001,5,APPROVED,,,,,,,https://receipts.brim.example/001663.pdf,,True
TXN-002104,****-****-****-4004,BOSTON PIZZA 12,22.99,31.7,USD,1.379,2025-08-17 12:21:00,5814,Fast Food Restaurants,TXC-004,EMP004,Alice Chen,Finance,EMP002,4,APPROVED,,,,,,,https://receipts.brim.example/002104.pdf,,True
TXN-000446,****-****-****-4008,SUBWAY 40021,19.02,26.23,USD,1.379,2025-08-17 12:44:00,5814,Fast Food Restaurants,TXC-008,EMP008,Eric Tran,Operations,EMP003,4,APPROVED,,,,,,,https://receipts.brim.example/000446.pdf,,True
TXN-002761,****-****-****-4008,SHELL DT #4421,46.73,64.44,USD,1.379,2025-08-17 12:56:00,5172,Petroleum & Petroleum Products,TXC-008,EMP008,Eric Tran,Operations,EMP003,4,APPROVED,,,,,,,https://receipts.brim.example/002761.pdf,,True
TXN-002592,****-****-****-4001,BEST WESTERN 71,195.16,269.13,USD,1.379,2025-08-17 13:01:00,7011,"Hotels, Motels & Resorts",TXC-001,EMP001,Olivia Reyes,Executive,,6,APPROVED,,,,,,,https://receipts.brim.example/002592.pdf,TRIP-0169,True
TXN-001422,****-****-****-4009,SUBWAY 40021,19.49,26.88,USD,1.379,2025-08-17 14:24:00,5814,Fast Food Restaurants,TXC-009,EMP009,Grace Lee,Operations,EMP008,3,APPROVED,,,,,,,https://receipts.brim.example/001422.pdf,,True
TXN-001639,****-****-****-4004,GOOGLE WORKSPACE,114.17,157.44,USD,1.379,2025-08-17 14:43:00,5734,Computer Software Stores,TXC-004,EMP004,Alice Chen,Finance,EMP002,4,APPROVED,,,,,,,https://receipts.brim.example/001639.pdf,,True
TXN-002140,****-****-****-4007,MCDONALDS DT QPS,21.33,29.41,USD,1.379,2025-08-17 14:56:00,5814,Fast Food Restaurants,TXC-007,EMP007,Carol White,Finance,EMP004,2,APPROVED,,,,,,,https://receipts.brim.example/002140.pdf,,True
TXN-001477,****-****-****-4004,HOLIDAY INN EXPRESS,173.93,239.85,USD,1.379,2025-08-17 16:02:00,7011,"Hotels, Motels & Resorts",TXC-004,EMP004,Alice Chen,Finance,EMP002,4,APPROVED,,,,,,,https://receipts.brim.example/001477.pdf,,True
TXN-000300,****-****-****-4008,407 ETR TOLL,9.93,13.69,USD,1.379,2025-08-17 16:14:00,7523,Parking Lots & Garages,TXC-008,EMP008,Eric Tran,Operations,EMP003,4,APPROVED,,,,,,,https://receipts.brim.example/000300.pdf,,True
TXN-002795,****-****-****-4008,GRAND & TOY 5,122.44,168.84,USD,1.379,2025-08-17 16:26:00,5943,Stationery & Writing Supplies,TXC-008,EMP008,Eric Tran,Operations,EMP003,4,APPROVED,,,,,,,https://receipts.brim.example/002795.pdf,,True
TXN-001543,****-****-****-4008,ESSO RETAIL 113,99.57,137.31,USD,1.379,2025-08-17 16:42:00,5172,Petroleum & Petroleum Products,TXC-008,EMP008,Eric Tran,Operations,EMP003,4,APPROVED,,,,,,,https://receipts.brim.example/001543.pdf,,True
TXN-002910,****-****-****-4007,SHELL DT #4421,66.59,91.83,USD,1.379,2025-08-17 17:40:00,5541,Service Stations,TXC-007,EMP007,Carol White,Finance,EMP004,2,APPROVED,,,,,,,,,True
TXN-001972,****-****-****-4005,TIM HORTONS #882,62.11,85.65,USD,1.379,2025-08-17 18:28:00,5814,Fast Food Restaurants,TXC-005,EMP005,Dana Park,Finance,EMP002,3,APPROVED,,,,,,,https://receipts.brim.example/001972.pdf,TRIP-0133,True
TXN-001813,****-****-****-4007,PETRO-CANADA 8821,59.11,81.51,USD,1.379,2025-08-17 18:30:00,5541,Service Stations,TXC-007,EMP007,Carol White,Finance,EMP004,2,APPROVED,,,,,,,https://receipts.brim.example/001813.pdf,TRIP-0121,True
TXN-002752,****-****-****-4003,IMPARK LOT 88,22.73,31.34,USD,1.379,2025-08-17 19:14:00,4131,Bus Lines / Tolls,TXC-003,EMP003,Marcus Webb,Operations,EMP001,5,APPROVED,,,,,,,https://receipts.brim.example/002752.pdf,,True
TXN-001814,****-****-****-4007,FLYING J #771,27.56,38.01,USD,1.379,2025-08-17 21:00:00,5541,Service Stations,TXC-007,EMP007,Carol White,Finance,EMP004,2,APPROVED,,,,,,,https://receipts.brim.example/001814.pdf,TRIP-0121,True
TXN-003327,****-****-****-4007,AWS MEMB,123.39,170.15,USD,1.379,2025-08-17 21:34:00,4814,Telecom Services,TXC-007,EMP007,Carol White,Finance,EMP004,2,APPROVED,,,,,,,https://receipts.brim.example/003327.pdf,,True
TXN-002388,****-****-****-4003,SHELL DT #4421,109.78,151.39,USD,1.379,2025-08-18 07:41:00,5541,Service Stations,TXC-003,EMP003,Marcus Webb,Operations,EMP001,5,APPROVED,,,,,,,https://receipts.brim.example/002388.pdf,,True
TXN-000775,****-****-****-4004,COSTCO WHSE 44,164.41,226.72,USD,1.379,2025-08-18 08:41:00,5300,Wholesale Clubs,TXC-004,EMP004,Alice Chen,Finance,EMP002,4,APPROVED,,,,,,,https://receipts.brim.example/000775.pdf,,True
TXN-000973,****-****-****-4008,ESSO RETAIL 113,77.58,106.98,USD,1.379,2025-08-18 10:43:00,5172,Petroleum & Petroleum Products,TXC-008,EMP008,Eric Tran,Operations,EMP003,4,APPROVED,,,,,,,https://receipts.brim.example/000973.pdf,,True
TXN-002134,****-****-****-4007,BEST BUY 112,143.24,197.53,USD,1.379,2025-08-18 11:27:00,5045,Computers & Peripherals,TXC-007,EMP007,Carol White,Finance,EMP004,2,APPROVED,,,,,,,https://receipts.brim.example/002134.pdf,,True
TXN-002594,****-****-****-4001,A&W STORE 551,9.24,12.74,USD,1.379,2025-08-18 11:31:00,5812,Eating Places & Restaurants,TXC-001,EMP001,Olivia Reyes,Executive,,6,APPROVED,,,,,,,https://receipts.brim.example/002594.pdf,TRIP-0169,True
TXN-003833,****-****-****-4007,BEST BUY 112,35.92,49.53,USD,1.379,2025-08-18 13:09:00,5045,Computers & Peripherals,TXC-007,EMP007,Carol White,Finance,EMP004,2,APPROVED,,,,,,,https://receipts.brim.example/003833.pdf,,True
TXN-001933,****-****-****-4007,QUICK FUEL STOP,66.13,91.19,USD,1.379,2025-08-18 14:15:00,5541,Service Stations,TXC-007,EMP007,Carol White,Finance,EMP004,2,APPROVED,,,,,,,,,True
TXN-000704,****-****-****-4004,GREEN P PARKING,24.95,34.41,USD,1.379,2025-08-18 15:23:00,7523,Parking Lots & Garages,TXC-004,EMP004,Alice Chen,Finance,EMP002,4,APPROVED,,,,,,,https://receipts.brim.example/000704.pdf,,True
TXN-001500,****-****-****-4008,WENDYS 7781,49.59,68.38,USD,1.379,2025-08-18 17:14:00,5814,Fast Food Restaurants,TXC-008,EMP008,Eric Tran,Operations,EMP003,4,APPROVED,,,,,,,https://receipts.brim.example/001500.pdf,TRIP-0102,True
TXN-001966,****-****-****-4009,BEST WESTERN 71,164.66,227.07,USD,1.379,2025-08-18 17:21:00,7011,"Hotels, Motels & Resorts",TXC-009,EMP009,Grace Lee,Operations,EMP008,3,APPROVED,,,,,,,https://receipts.brim.example/001966.pdf,,True
TXN-001812,****-****-****-4007,BEST WESTERN 71,276.1,380.74,USD,1.379,2025-08-18 20:07:00,7011,"Hotels, Motels & Resorts",TXC-007,EMP007,Carol White,Finance,EMP004,2,APPROVED,,,,,,,https://receipts.brim.example/001812.pdf,TRIP-0121,True
TXN-000121,****-****-****-4001,PETRO-CANADA 8821,54.29,74.87,USD,1.379,2025-08-18 20:11:00,5172,Petroleum & Petroleum Products,TXC-001,EMP001,Olivia Reyes,Executive,,6,APPROVED,,,,,,,https://receipts.brim.example/000121.pdf,,True
TXN-001970,****-****-****-4005,BOSTON PIZZA 12,8.99,12.4,USD,1.379,2025-08-18 20:50:00,5814,Fast Food Restaurants,TXC-005,EMP005,Dana Park,Finance,EMP002,3,APPROVED,,,,,,,https://receipts.brim.example/001970.pdf,TRIP-0133,True
TXN-001969,****-****-****-4005,BEST WESTERN 71,143.04,197.25,USD,1.379,2025-08-18 21:22:00,7011,"Hotels, Motels & Resorts",TXC-005,EMP005,Dana Park,Finance,EMP002,3,APPROVED,,,,,,,https://receipts.brim.example/001969.pdf,TRIP-0133,True
TXN-002362,****-****-****-4009,WENDYS 7781,13.46,18.56,USD,1.379,2025-08-18 21:40:00,5812,Eating Places & Restaurants,TXC-009,EMP009,Grace Lee,Operations,EMP008,3,APPROVED,,,,,,,https://receipts.brim.example/002362.pdf,,True
TXN-002027,****-****-****-4008,ROGERS WIRELESS,53.74,74.11,USD,1.379,2025-08-19 07:34:00,5734,Computer Software Stores,TXC-008,EMP008,Eric Tran,Operations,EMP003,4,APPROVED,,,,,,,https://receipts.brim.example/002027.pdf,,True
TXN-003709,****-****-****-4009,GRAND & TOY 5,23.29,32.12,USD,1.379,2025-08-19 09:08:00,5943,Stationery & Writing Supplies,TXC-009,EMP009,Grace Lee,Operations,EMP008,3,APPROVED,,,,,,,https://receipts.brim.example/003709.pdf,,True
TXN-003212,****-****-****-4002,407 ETR TOLL,10.58,14.59,USD,1.379,2025-08-19 14:05:00,7523,Parking Lots & Garages,TXC-002,EMP002,Priya Nair,Finance,EMP001,5,APPROVED,,,,,,,https://receipts.brim.example/003212.pdf,,True
TXN-002593,****-****-****-4001,TIM HORTONS #882,19.31,26.63,USD,1.379,2025-08-19 14:40:00,5814,Fast Food Restaurants,TXC-001,EMP001,Olivia Reyes,Executive,,6,APPROVED,,,,,,,https://receipts.brim.example/002593.pdf,TRIP-0169,True
TXN-003228,****-****-****-4001,TIM HORTONS #882,12.54,17.29,USD,1.379,2025-08-19 16:08:00,5812,Eating Places & Restaurants,TXC-001,EMP001,Olivia Reyes,Executive,,6,APPROVED,,,,,,,https://receipts.brim.example/003228.pdf,,True
TXN-000507,****-****-****-4007,ESSO RETAIL 113,41.31,56.97,USD,1.379,2025-08-19 16:48:00,5541,Service Stations,TXC-007,EMP007,Carol White,Finance,EMP004,2,APPROVED,,,,,,,https://receipts.brim.example/000507.pdf,,True
TXN-001499,****-****-****-4008,BEST WESTERN 71,62.53,86.23,USD,1.379,2025-08-19 17:52:00,7011,"Hotels, Motels & Resorts",TXC-008,EMP008,Eric Tran,Operations,EMP003,4,APPROVED,,,,,,,https://receipts.brim.example/001499.pdf,TRIP-0102,True
TXN-003536,****-****-****-4008,SHELL DT #4421,73.7,101.63,USD,1.379,2025-08-19 18:40:00,5541,Service Stations,TXC-008,EMP008,Eric Tran,Operations,EMP003,4,APPROVED,,,,,,,https://receipts.brim.example/003536.pdf,,True
TXN-001971,****-****-****-4005,FLYING J #771,95.44,131.61,USD,1.379,2025-08-19 20:04:00,5541,Service Stations,TXC-005,EMP005,Dana Park,Finance,EMP002,3,APPROVED,,,,,,,https://receipts.brim.example/001971.pdf,TRIP-0133,True
TXN-001995,****-****-****-4003,TIM HORTONS #882,15.87,21.88,USD,1.379,2025-08-20 06:39:00,5814,Fast Food Restaurants,TXC-003,EMP003,Marcus Webb,Operations,EMP001,5,APPROVED,,,,,,,https://receipts.brim.example/001995.pdf,TRIP-0135,True
TXN-003724,****-****-****-4009,TIM HORTONS #882,60.51,83.44,USD,1.379,2025-08-20 07:52:00,5814,Fast Food Restaurants,TXC-009,EMP009,Grace Lee,Operations,EMP008,3,APPROVED,,,,,,,https://receipts.brim.example/003724.pdf,,True
TXN-001775,****-****-****-4005,ESSO RETAIL 113,56.59,78.04,USD,1.379,2025-08-20 08:25:00,5172,Petroleum & Petroleum Products,TXC-005,EMP005,Dana Park,Finance,EMP002,3,APPROVED,,,,,,,https://receipts.brim.example/001775.pdf,,True
TXN-001994,****-****-****-4003,SUPER 8 MOTEL,128.91,177.77,USD,1.379,2025-08-20 08:38:00,7011,"Hotels, Motels & Resorts",TXC-003,EMP003,Marcus Webb,Operations,EMP001,5,APPROVED,,,,,,,https://receipts.brim.example/001994.pdf,TRIP-0135,True
TXN-002949,****-****-****-4009,QUICK FUEL STOP,122.0,168.24,USD,1.379,2025-08-20 12:19:00,5172,Petroleum & Petroleum Products,TXC-009,EMP009,Grace Lee,Operations,EMP008,3,APPROVED,,,,,,,https://receipts.brim.example/002949.pdf,,True
TXN-001983,****-****-****-4009,ESSO RETAIL 113,71.9,99.15,USD,1.379,2025-08-20 12:39:00,5541,Service Stations,TXC-009,EMP009,Grace Lee,Operations,EMP008,3,APPROVED,,,,,,,,,True
TXN-002394,****-****-****-4002,COSTCO WHSE 44,290.22,400.21,USD,1.379,2025-08-20 15:12:00,5045,Computers & Peripherals,TXC-002,EMP002,Priya Nair,Finance,EMP001,5,APPROVED,,,,,,,https://receipts.brim.example/002394.pdf,,True
TXN-003954,****-****-****-4008,WENDYS 7781,16.09,22.19,USD,1.379,2025-08-20 16:19:00,5812,Eating Places & Restaurants,TXC-008,EMP008,Eric Tran,Operations,EMP003,4,APPROVED,,,,,,,https://receipts.brim.example/003954.pdf,,True
TXN-003660,****-****-****-4002,IMPARK LOT 88,35.19,48.53,USD,1.379,2025-08-20 19:34:00,4131,Bus Lines / Tolls,TXC-002,EMP002,Priya Nair,Finance,EMP001,5,APPROVED,,,,,,,https://receipts.brim.example/003660.pdf,,True
TXN-001891,****-****-****-4009,PETRO-CANADA 8821,96.39,132.92,USD,1.379,2025-08-20 19:40:00,5541,Service Stations,TXC-009,EMP009,Grace Lee,Operations,EMP008,3,PENDING,,,,,,,https://receipts.brim.example/001891.pdf,,False
TXN-002427,****-****-****-4007,FLYING J #771,28.02,38.64,USD,1.379,2025-08-20 20:07:00,5172,Petroleum & Petroleum Products,TXC-007,EMP007,Carol White,Finance,EMP004,2,APPROVED,,,,,,,https://receipts.brim.example/002427.pdf,,True
TXN-002348,****-****-****-4009,ULTRAMAR 55,42.79,59.01,USD,1.379,2025-08-20 20:53:00,5541,Service Stations,TXC-009,EMP009,Grace Lee,Operations,EMP008,3,APPROVED,,,,,,,https://receipts.brim.example/002348.pdf,,True
TXN-000320,****-****-****-4007,AWS MEMB,110.72,152.68,USD,1.379,2025-08-20 20:57:00,5734,Computer Software Stores,TXC-007,EMP007,Carol White,Finance,EMP004,2,APPROVED,,,,,,,https://receipts.brim.example/000320.pdf,,True
TXN-000216,****-****-****-4009,SHELL DT #4421,55.46,76.48,USD,1.379,2025-08-20 21:42:00,5172,Petroleum & Petroleum Products,TXC-009,EMP009,Grace Lee,Operations,EMP008,3,APPROVED,,,,,,,https://receipts.brim.example/000216.pdf,,True
TXN-002244,****-****-****-4008,SHELL DT #4421,86.73,119.6,USD,1.379,2025-08-21 07:10:00,5541,Service Stations,TXC-008,EMP008,Eric Tran,Operations,EMP003,4,APPROVED,,,,,,,https://receipts.brim.example/002244.pdf,,True
TXN-004143,****-****-****-4002,STAPLES #112,49.42,68.15,USD,1.379,2025-08-21 07:37:00,5943,Stationery & Writing Supplies,TXC-002,EMP002,Priya Nair,Finance,EMP001,5,APPROVED,,,,,,,https://receipts.brim.example/004143.pdf,,True
TXN-001902,****-****-****-4002,MCDONALDS DT QPS,22.81,31.45,USD,1.379,2025-08-21 07:48:00,5814,Fast Food Restaurants,TXC-002,EMP002,Priya Nair,Finance,EMP001,5,APPROVED,,,,,,,https://receipts.brim.example/001902.pdf,,True
TXN-001679,****-****-****-4003,BEST WESTERN 71,106.75,147.21,USD,1.379,2025-08-21 08:00:00,7011,"Hotels, Motels & Resorts",TXC-003,EMP003,Marcus Webb,Operations,EMP001,5,APPROVED,,,,,,,https://receipts.brim.example/001679.pdf,TRIP-0113,True
TXN-002948,****-****-****-4007,GRAND & TOY 5,262.68,362.24,USD,1.379,2025-08-21 08:28:00,5111,Stationery & Office Supplies,TXC-007,EMP007,Carol White,Finance,EMP004,2,APPROVED,,,,,,,https://receipts.brim.example/002948.pdf,,True
TXN-003635,****-****-****-4004,QUICK FUEL STOP,84.39,116.37,USD,1.379,2025-08-21 08:35:00,5541,Service Stations,TXC-004,EMP004,Alice Chen,Finance,EMP002,4,APPROVED,,,,,,,https://receipts.brim.example/003635.pdf,,True
TXN-001680,****-****-****-4003,ULTRAMAR 55,49.59,68.38,USD,1.379,2025-08-21 08:40:00,5172,Petroleum & Petroleum Products,TXC-003,EMP003,Marcus Webb,Operations,EMP001,5,APPROVED,,,,,,,https://receipts.brim.example/001680.pdf,TRIP-0113,True
TXN-003431,****-****-****-4009,ESSO RETAIL 113,27.7,38.2,USD,1.379,2025-08-21 08:45:00,5541,Service Stations,TXC-009,EMP009,Grace Lee,Operations,EMP008,3,APPROVED,,,,,,,https://receipts.brim.example/003431.pdf,,True
TXN-003213,****-****-****-4007,KAL TIRE 9,370.47,510.88,USD,1.379,2025-08-21 09:22:00,7531,Auto Body Repair Shops,TXC-007,EMP007,Carol White,Finance,EMP004,2,APPROVED,,,,,,,,,True
TXN-003826,****-****-****-4004,BEST BUY 112,99.64,137.4,USD,1.379,2025-08-21 09:47:00,5045,Computers & Peripherals,TXC-004,EMP004,Alice Chen,Finance,EMP002,4,APPROVED,,,,,,,,,True
TXN-002834,****-****-****-4007,WENDYS 7781,19.3,26.61,USD,1.379,2025-08-21 11:25:00,5814,Fast Food Restaurants,TXC-007,EMP007,Carol White,Finance,EMP004,2,APPROVED,,,,,,,https://receipts.brim.example/002834.pdf,,True
TXN-000772,****-****-****-4003,CANADIAN TIRE 445,170.38,234.95,USD,1.379,2025-08-21 14:15:00,7531,Auto Body Repair Shops,TXC-003,EMP003,Marcus Webb,Operations,EMP001,5,PENDING,,,,,,,https://receipts.brim.example/000772.pdf,,False
TXN-000600,****-****-****-4009,ULTRAMAR 55,57.6,79.43,USD,1.379,2025-08-21 14:59:00,5541,Service Stations,TXC-009,EMP009,Grace Lee,Operations,EMP008,3,APPROVED,,,,,,,https://receipts.brim.example/000600.pdf,,True
TXN-000424,****-****-****-4008,PRECISE PARKLINK,12.08,16.66,USD,1.379,2025-08-21 15:04:00,7523,Parking Lots & Garages,TXC-008,EMP008,Eric Tran,Operations,EMP003,4,APPROVED,,,,,,,https://receipts.brim.example/000424.pdf,,True
TXN-002270,****-****-****-4009,FLYING J #771,44.18,60.92,USD,1.379,2025-08-21 15:27:00,5172,Petroleum & Petroleum Products,TXC-009,EMP009,Grace Lee,Operations,EMP008,3,APPROVED,,,,,,,https://receipts.brim.example/002270.pdf,,True
TXN-003788,****-****-****-4009,SUPER 8 MOTEL,150.83,207.99,USD,1.379,2025-08-21 15:54:00,7011,"Hotels, Motels & Resorts",TXC-009,EMP009,Grace Lee,Operations,EMP008,3,APPROVED,,,,,,,https://receipts.brim.example/003788.pdf,TRIP-0248,True
TXN-002326,****-****-****-4008,FLYING J #771,109.69,151.26,USD,1.379,2025-08-21 16:03:00,5541,Service Stations,TXC-008,EMP008,Eric Tran,Operations,EMP003,4,APPROVED,,,,,,,,,True
TXN-001224,****-****-****-4002,PILOT TRAVEL 209,78.73,108.57,USD,1.379,2025-08-21 16:24:00,5172,Petroleum & Petroleum Products,TXC-002,EMP002,Priya Nair,Finance,EMP001,5,APPROVED,,,,,,,https://receipts.brim.example/001224.pdf,,True
TXN-001570,****-****-****-4001,A&W STORE 551,23.68,32.65,USD,1.379,2025-08-21 16:55:00,5814,Fast Food Restaurants,TXC-001,EMP001,Olivia Reyes,Executive,,6,APPROVED,,,,,,,https://receipts.brim.example/001570.pdf,,True
TXN-000555,****-****-****-4008,PETRO-CANADA 8821,83.61,115.3,USD,1.379,2025-08-21 18:32:00,5172,Petroleum & Petroleum Products,TXC-008,EMP008,Eric Tran,Operations,EMP003,4,APPROVED,,,,,,,https://receipts.brim.example/000555.pdf,,True
TXN-001842,****-****-****-4007,AWS MEMB,78.02,107.59,USD,1.379,2025-08-21 18:40:00,4814,Telecom Services,TXC-007,EMP007,Carol White,Finance,EMP004,2,APPROVED,,,,,,,https://receipts.brim.example/001842.pdf,,True
TXN-003789,****-****-****-4009,MCDONALDS DT QPS,38.05,52.47,USD,1.379,2025-08-21 19:23:00,5814,Fast Food Restaurants,TXC-009,EMP009,Grace Lee,Operations,EMP008,3,APPROVED,,,,,,,https://receipts.brim.example/003789.pdf,TRIP-0248,True
TXN-001386,****-****-****-4004,A&W STORE 551,51.93,71.61,USD,1.379,2025-08-21 20:37:00,5812,Eating Places & Restaurants,TXC-004,EMP004,Alice Chen,Finance,EMP002,4,APPROVED,,,,,,,https://receipts.brim.example/001386.pdf,,True
TXN-001878,****-****-****-4008,FLYING J #771,41.29,56.94,USD,1.379,2025-08-21 20:54:00,5172,Petroleum & Petroleum Products,TXC-008,EMP008,Eric Tran,Operations,EMP003,4,APPROVED,,,,,,,https://receipts.brim.example/001878.pdf,,True
TXN-000829,****-****-****-4009,MCDONALDS DT QPS,12.32,16.99,USD,1.379,2025-08-22 02:56:00,5814,Fast Food Restaurants,TXC-009,EMP009,Grace Lee,Operations,EMP008,3,APPROVED,,,,,,,https://receipts.brim.example/000829.pdf,TRIP-0048,True
TXN-001682,****-****-****-4003,ESSO RETAIL 113,41.53,57.27,USD,1.379,2025-08-22 03:34:00,5541,Service Stations,TXC-003,EMP003,Marcus Webb,Operations,EMP001,5,APPROVED,,,,,,,https://receipts.brim.example/001682.pdf,TRIP-0113,True
TXN-000830,****-****-****-4009,A&W STORE 551,12.28,16.93,USD,1.379,2025-08-22 04:25:00,5814,Fast Food Restaurants,TXC-009,EMP009,Grace Lee,Operations,EMP008,3,APPROVED,,,,,,,https://receipts.brim.example/000830.pdf,TRIP-0048,True
TXN-001681,****-****-****-4003,WENDYS 7781,40.67,56.08,USD,1.379,2025-08-22 05:05:00,5814,Fast Food Restaurants,TXC-003,EMP003,Marcus Webb,Operations,EMP001,5,APPROVED,,,,,,,https://receipts.brim.example/001681.pdf,TRIP-0113,True
TXN-000827,****-****-****-4009,SUPER 8 MOTEL,166.85,230.09,USD,1.379,2025-08-22 07:10:00,7011,"Hotels, Motels & Resorts",TXC-009,EMP009,Grace Lee,Operations,EMP008,3,APPROVED,,,,,,,https://receipts.brim.example/000827.pdf,TRIP-0048,True
TXN-001520,****-****-****-4008,MCDONALDS DT QPS,56.22,77.53,USD,1.379,2025-08-22 07:21:00,5812,Eating Places & Restaurants,TXC-008,EMP008,Eric Tran,Operations,EMP003,4,APPROVED,,,,,,,https://receipts.brim.example/001520.pdf,,True
TXN-002156,****-****-****-4007,HOLIDAY INN EXPRESS,177.73,245.09,USD,1.379,2025-08-22 08:28:00,7011,"Hotels, Motels & Resorts",TXC-007,EMP007,Carol White,Finance,EMP004,2,APPROVED,,,,,,,https://receipts.brim.example/002156.pdf,TRIP-0143,True
TXN-001901,****-****-****-4003,MCDONALDS DT QPS,20.2,27.86,USD,1.379,2025-08-22 10:20:00,5812,Eating Places & Restaurants,TXC-003,EMP003,Marcus Webb,Operations,EMP001,5,APPROVED,,,,,,,https://receipts.brim.example/001901.pdf,,True
TXN-001034,****-****-****-4003,WENDYS 7781,47.97,66.15,USD,1.379,2025-08-22 11:20:00,5814,Fast Food Restaurants,TXC-003,EMP003,Marcus Webb,Operations,EMP001,5,APPROVED,,,,,,,https://receipts.brim.example/001034.pdf,,True
TXN-000333,****-****-****-4008,SUBWAY 40021,69.93,96.43,USD,1.379,2025-08-22 11:34:00,5812,Eating Places & Restaurants,TXC-008,EMP008,Eric Tran,Operations,EMP003,4,APPROVED,,,,,,,https://receipts.brim.example/000333.pdf,,True
TXN-001195,****-****-****-4003,AMAZON MKTPLACE,52.69,72.66,USD,1.379,2025-08-22 12:04:00,5943,Stationery & Writing Supplies,TXC-003,EMP003,Marcus Webb,Operations,EMP001,5,APPROVED,,,,,,,https://receipts.brim.example/001195.pdf,,True
TXN-001923,****-****-****-4009,COMFORT INN 442,207.4,286.0,USD,1.379,2025-08-22 12:06:00,7011,"Hotels, Motels & Resorts",TXC-009,EMP009,Grace Lee,Operations,EMP008,3,APPROVED,,,,,,,,TRIP-0129,True
TXN-000512,****-****-****-4001,PILOT TRAVEL 209,49.71,68.55,USD,1.379,2025-08-22 12:12:00,5541,Service Stations,TXC-001,EMP001,Olivia Reyes,Executive,,6,APPROVED,,,,,,,https://receipts.brim.example/000512.pdf,,True
TXN-000778,****-****-****-4008,ULTRAMAR 55,30.21,41.66,USD,1.379,2025-08-22 12:35:00,5172,Petroleum & Petroleum Products,TXC-008,EMP008,Eric Tran,Operations,EMP003,4,APPROVED,,,,,,,https://receipts.brim.example/000778.pdf,,True
TXN-003127,****-****-****-4008,BEST WESTERN 71,375.75,518.16,USD,1.379,2025-08-22 13:01:00,7011,"Hotels, Motels & Resorts",TXC-008,EMP008,Eric Tran,Operations,EMP003,4,PENDING,,,,,,,https://receipts.brim.example/003127.pdf,,False
TXN-001526,****-****-****-4007,PILOT TRAVEL 209,107.55,148.31,USD,1.379,2025-08-22 13:18:00,5541,Service Stations,TXC-007,EMP007,Carol White,Finance,EMP004,2,APPROVED,,,,,,,https://receipts.brim.example/001526.pdf,,True
TXN-004041,****-****-****-4009,WENDYS 7781,40.76,56.21,USD,1.379,2025-08-22 13:33:00,5814,Fast Food Restaurants,TXC-009,EMP009,Grace Lee,Operations,EMP008,3,APPROVED,,,,,,,https://receipts.brim.example/004041.pdf,,True
TXN-002806,****-****-****-4009,A&W STORE 551,9.94,13.71,USD,1.379,2025-08-22 13:44:00,5814,Fast Food Restaurants,TXC-009,EMP009,Grace Lee,Operations,EMP008,3,APPROVED,,,,,,,https://receipts.brim.example/002806.pdf,,True
TXN-003368,****-****-****-4003,GOOGLE WORKSPACE,25.91,35.73,USD,1.379,2025-08-22 14:33:00,5734,Computer Software Stores,TXC-003,EMP003,Marcus Webb,Operations,EMP001,5,APPROVED,,,,,,,https://receipts.brim.example/003368.pdf,,True
TXN-001389,****-****-****-4004,407 ETR TOLL,13.41,18.49,USD,1.379,2025-08-22 15:07:00,7523,Parking Lots & Garages,TXC-004,EMP004,Alice Chen,Finance,EMP002,4,APPROVED,,,,,,,https://receipts.brim.example/001389.pdf,,True
TXN-003068,****-****-****-4004,PETRO-CANADA 8821,106.36,146.67,USD,1.379,2025-08-22 15:11:00,5172,Petroleum & Petroleum Products,TXC-004,EMP004,Alice Chen,Finance,EMP002,4,APPROVED,,,,,,,https://receipts.brim.example/003068.pdf,,True
TXN-003965,****-****-****-4007,ESSO RETAIL 113,13.02,17.95,USD,1.379,2025-08-22 15:29:00,5541,Service Stations,TXC-007,EMP007,Carol White,Finance,EMP004,2,APPROVED,,,,,,,https://receipts.brim.example/003965.pdf,,True
TXN-000336,****-****-****-4009,407 ETR TOLL,13.45,18.55,USD,1.379,2025-08-22 19:22:00,7523,Parking Lots & Garages,TXC-009,EMP009,Grace Lee,Operations,EMP008,3,APPROVED,,,,,,,https://receipts.brim.example/000336.pdf,,True
TXN-003419,****-****-****-4004,DAYS INN 209,123.95,170.93,USD,1.379,2025-08-22 19:39:00,7011,"Hotels, Motels & Resorts",TXC-004,EMP004,Alice Chen,Finance,EMP002,4,APPROVED,,,,,,,https://receipts.brim.example/003419.pdf,,True
TXN-000986,****-****-****-4009,407 ETR TOLL,26.65,36.75,USD,1.379,2025-08-22 19:57:00,4131,Bus Lines / Tolls,TXC-009,EMP009,Grace Lee,Operations,EMP008,3,APPROVED,,,,,,,https://receipts.brim.example/000986.pdf,,True
TXN-003683,****-****-****-4008,HOME DEPOT 88,58.02,80.01,USD,1.379,2025-08-22 20:13:00,5045,Computers & Peripherals,TXC-008,EMP008,Eric Tran,Operations,EMP003,4,APPROVED,,,,,,,https://receipts.brim.example/003683.pdf,,True
TXN-004257,****-****-****-4004,ROADSIDE GRILL CO,50.1,69.09,USD,1.379,2025-08-22 21:10:00,5814,Fast Food Restaurants,TXC-004,EMP004,Alice Chen,Finance,EMP002,4,APPROVED,,,,,,,https://receipts.brim.example/004257.pdf,TRIP-0286,True
TXN-003922,****-****-****-4005,SUBWAY 40021,25.1,34.61,USD,1.379,2025-08-23 07:08:00,5812,Eating Places & Restaurants,TXC-005,EMP005,Dana Park,Finance,EMP002,3,APPROVED,,,,,,,https://receipts.brim.example/003922.pdf,,True
TXN-001849,****-****-****-4001,KAL TIRE 9,93.73,129.25,USD,1.379,2025-08-23 07:36:00,7538,Automotive Service Shops,TXC-001,EMP001,Olivia Reyes,Executive,,6,APPROVED,,,,,,,https://receipts.brim.example/001849.pdf,,True
TXN-000828,****-****-****-4009,ULTRAMAR 55,68.45,94.39,USD,1.379,2025-08-23 09:23:00,5541,Service Stations,TXC-009,EMP009,Grace Lee,Operations,EMP008,3,PENDING,,,,,,,https://receipts.brim.example/000828.pdf,TRIP-0048,False
TXN-001165,****-****-****-4004,ULTRAMAR 55,81.5,112.39,USD,1.379,2025-08-23 10:15:00,5172,Petroleum & Petroleum Products,TXC-004,EMP004,Alice Chen,Finance,EMP002,4,APPROVED,,,,,,,https://receipts.brim.example/001165.pdf,,True
TXN-004028,****-****-****-4003,SHELL DT #4421,278.34,383.83,USD,1.379,2025-08-23 10:47:00,5172,Petroleum & Petroleum Products,TXC-003,EMP003,Marcus Webb,Operations,EMP001,5,APPROVED,,,,,,,https://receipts.brim.example/004028.pdf,,True
TXN-003643,****-****-****-4007,ESSO RETAIL 113,51.25,70.67,USD,1.379,2025-08-23 12:13:00,5172,Petroleum & Petroleum Products,TXC-007,EMP007,Carol White,Finance,EMP004,2,APPROVED,,,,,,,https://receipts.brim.example/003643.pdf,,True
TXN-000664,****-****-****-4004,SHELL DT #4421,95.79,132.09,USD,1.379,2025-08-23 12:41:00,5172,Petroleum & Petroleum Products,TXC-004,EMP004,Alice Chen,Finance,EMP002,4,APPROVED,,,,,,,https://receipts.brim.example/000664.pdf,,True
TXN-000292,****-****-****-4009,FLYING J #771,117.17,161.58,USD,1.379,2025-08-23 13:50:00,5541,Service Stations,TXC-009,EMP009,Grace Lee,Operations,EMP008,3,APPROVED,,,,,,,https://receipts.brim.example/000292.pdf,,True
TXN-003937,****-****-****-4004,ESSO RETAIL 113,89.42,123.31,USD,1.379,2025-08-23 16:19:00,5541,Service Stations,TXC-004,EMP004,Alice Chen,Finance,EMP002,4,APPROVED,,,,,,,https://receipts.brim.example/003937.pdf,,True
TXN-002416,****-****-****-4003,TIM HORTONS #882,16.28,22.45,USD,1.379,2025-08-23 17:06:00,5812,Eating Places & Restaurants,TXC-003,EMP003,Marcus Webb,Operations,EMP001,5,APPROVED,,,,,,,https://receipts.brim.example/002416.pdf,,True
TXN-004256,****-****-****-4004,BEST WESTERN 71,103.99,143.4,USD,1.379,2025-08-23 17:33:00,7011,"Hotels, Motels & Resorts",TXC-004,EMP004,Alice Chen,Finance,EMP002,4,APPROVED,,,,,,,https://receipts.brim.example/004256.pdf,TRIP-0286,True
TXN-002242,****-****-****-4006,TIM HORTONS #882,6.14,8.47,USD,1.379,2025-08-23 17:43:00,5814,Fast Food Restaurants,TXC-006,EMP006,Bob Kumar,Finance,EMP004,2,APPROVED,,,,,,,https://receipts.brim.example/002242.pdf,,True
TXN-002095,****-****-****-4009,QUICK FUEL STOP,72.22,99.59,USD,1.379,2025-08-23 21:39:00,5172,Petroleum & Petroleum Products,TXC-009,EMP009,Grace Lee,Operations,EMP008,3,APPROVED,,,,,,,https://receipts.brim.example/002095.pdf,,True
TXN-001536,****-****-****-4003,HOLIDAY INN EXPRESS,66.02,91.04,USD,1.379,2025-08-24 07:03:00,7011,"Hotels, Motels & Resorts",TXC-003,EMP003,Marcus Webb,Operations,EMP001,5,APPROVED,,,,,,,,,True
TXN-004171,****-****-****-4007,TIM HORTONS #882,4.85,6.69,USD,1.379,2025-08-24 08:26:00,5814,Fast Food Restaurants,TXC-007,EMP007,Carol White,Finance,EMP004,2,APPROVED,,,,,,,https://receipts.brim.example/004171.pdf,,True
TXN-002296,****-****-****-4002,SHELL DT #4421,111.38,153.59,USD,1.379,2025-08-24 09:04:00,5172,Petroleum & Petroleum Products,TXC-002,EMP002,Priya Nair,Finance,EMP001,5,PENDING,,,,,,,https://receipts.brim.example/002296.pdf,,False
TXN-000774,****-****-****-4009,GRAND & TOY 5,26.77,36.92,USD,1.379,2025-08-24 09:29:00,5943,Stationery & Writing Supplies,TXC-009,EMP009,Grace Lee,Operations,EMP008,3,APPROVED,,,,,,,https://receipts.brim.example/000774.pdf,,True
TXN-003501,****-****-****-4009,MCDONALDS DT QPS,20.81,28.7,USD,1.379,2025-08-24 09:52:00,5812,Eating Places & Restaurants,TXC-009,EMP009,Grace Lee,Operations,EMP008,3,APPROVED,,,,,,,https://receipts.brim.example/003501.pdf,,True
TXN-002157,****-****-****-4007,ROADSIDE GRILL CO,73.25,101.01,USD,1.379,2025-08-24 10:33:00,5812,Eating Places & Restaurants,TXC-007,EMP007,Carol White,Finance,EMP004,2,APPROVED,,,,,,,,TRIP-0143,True
TXN-002711,****-****-****-4004,BOSTON PIZZA 12,17.14,23.64,USD,1.379,2025-08-24 10:48:00,5814,Fast Food Restaurants,TXC-004,EMP004,Alice Chen,Finance,EMP002,4,APPROVED,,,,,,,https://receipts.brim.example/002711.pdf,,True
TXN-001924,****-****-****-4009,ROADSIDE GRILL CO,8.44,11.64,USD,1.379,2025-08-24 11:42:00,5812,Eating Places & Restaurants,TXC-009,EMP009,Grace Lee,Operations,EMP008,3,APPROVED,,,,,,,https://receipts.brim.example/001924.pdf,TRIP-0129,True
TXN-000196,****-****-****-4008,BOSTON PIZZA 12,189.37,261.14,USD,1.379,2025-08-24 13:34:00,5814,Fast Food Restaurants,TXC-008,EMP008,Eric Tran,Operations,EMP003,4,PENDING,,,,,,,https://receipts.brim.example/000196.pdf,TRIP-0008,False
TXN-001685,****-****-****-4008,HOME DEPOT 88,81.96,113.02,USD,1.379,2025-08-24 15:18:00,5045,Computers & Peripherals,TXC-008,EMP008,Eric Tran,Operations,EMP003,4,PENDING,,,,,,,https://receipts.brim.example/001685.pdf,,False
TXN-002402,****-****-****-4002,SUPER 8 MOTEL,190.1,262.15,USD,1.379,2025-08-24 15:33:00,7011,"Hotels, Motels & Resorts",TXC-002,EMP002,Priya Nair,Finance,EMP001,5,APPROVED,,,,,,,https://receipts.brim.example/002402.pdf,,True
TXN-001103,****-****-****-4007,MICROSOFT 365,86.55,119.35,USD,1.379,2025-08-24 15:54:00,4814,Telecom Services,TXC-007,EMP007,Carol White,Finance,EMP004,2,APPROVED,,,,,,,https://receipts.brim.example/001103.pdf,,True
TXN-002507,****-****-****-4001,COSTCO WHSE 44,35.1,48.4,USD,1.379,2025-08-24 16:13:00,5045,Computers & Peripherals,TXC-001,EMP001,Olivia Reyes,Executive,,6,APPROVED,,,,,,,https://receipts.brim.example/002507.pdf,,True
TXN-000547,****-****-****-4003,MCDONALDS DT QPS,31.18,43.0,USD,1.379,2025-08-24 16:22:00,5814,Fast Food Restaurants,TXC-003,EMP003,Marcus Webb,Operations,EMP001,5,APPROVED,,,,,,,https://receipts.brim.example/000547.pdf,,True
TXN-002113,****-****-****-4008,PETRO-CANADA 8821,50.56,69.72,USD,1.379,2025-08-24 17:45:00,5172,Petroleum & Petroleum Products,TXC-008,EMP008,Eric Tran,Operations,EMP003,4,APPROVED,,,,,,,https://receipts.brim.example/002113.pdf,,True
TXN-001044,****-****-****-4009,ESSO RETAIL 113,54.53,75.2,USD,1.379,2025-08-24 17:49:00,5541,Service Stations,TXC-009,EMP009,Grace Lee,Operations,EMP008,3,PENDING,,,,,,,https://receipts.brim.example/001044.pdf,,False
TXN-001711,****-****-****-4005,SHELL DT #4421,14.48,19.97,USD,1.379,2025-08-24 18:13:00,5172,Petroleum & Petroleum Products,TXC-005,EMP005,Dana Park,Finance,EMP002,3,APPROVED,,,,,,,https://receipts.brim.example/001711.pdf,,True
TXN-003967,****-****-****-4007,CANADIAN TIRE 445,127.87,176.33,USD,1.379,2025-08-24 19:49:00,7531,Auto Body Repair Shops,TXC-007,EMP007,Carol White,Finance,EMP004,2,PENDING,,,,,,,https://receipts.brim.example/003967.pdf,,False
TXN-000467,****-****-****-4001,SHELL DT #4421,74.78,103.12,USD,1.379,2025-08-24 20:18:00,5541,Service Stations,TXC-001,EMP001,Olivia Reyes,Executive,,6,APPROVED,,,,,,,https://receipts.brim.example/000467.pdf,,True
TXN-001063,****-****-****-4009,PETRO-CANADA 8821,51.72,71.32,USD,1.379,2025-08-24 21:45:00,5541,Service Stations,TXC-009,EMP009,Grace Lee,Operations,EMP008,3,APPROVED,,,,,,,https://receipts.brim.example/001063.pdf,,True
TXN-002835,****-****-****-4009,HOME DEPOT 88,74.12,102.21,USD,1.379,2025-08-25 08:20:00,5045,Computers & Peripherals,TXC-009,EMP009,Grace Lee,Operations,EMP008,3,APPROVED,,,,,,,https://receipts.brim.example/002835.pdf,,True
TXN-004093,****-****-****-4007,MCDONALDS DT QPS,41.1,56.68,USD,1.379,2025-08-25 09:19:00,5812,Eating Places & Restaurants,TXC-007,EMP007,Carol White,Finance,EMP004,2,APPROVED,,,,,,,https://receipts.brim.example/004093.pdf,,True
TXN-001277,****-****-****-4008,A&W STORE 551,18.08,24.93,USD,1.379,2025-08-25 10:44:00,5812,Eating Places & Restaurants,TXC-008,EMP008,Eric Tran,Operations,EMP003,4,APPROVED,,,,,,,https://receipts.brim.example/001277.pdf,,True
TXN-000194,****-****-****-4008,HOLIDAY INN EXPRESS,108.99,150.3,USD,1.379,2025-08-25 11:00:00,7011,"Hotels, Motels & Resorts",TXC-008,EMP008,Eric Tran,Operations,EMP003,4,APPROVED,,,,,,,https://receipts.brim.example/000194.pdf,TRIP-0008,True
TXN-002508,****-****-****-4002,CANADIAN TIRE 445,322.48,444.7,USD,1.379,2025-08-25 12:43:00,7538,Automotive Service Shops,TXC-002,EMP002,Priya Nair,Finance,EMP001,5,APPROVED,,,,,,,https://receipts.brim.example/002508.pdf,,True
TXN-002923,****-****-****-4002,DAYS INN 209,134.49,185.46,USD,1.379,2025-08-25 13:33:00,7011,"Hotels, Motels & Resorts",TXC-002,EMP002,Priya Nair,Finance,EMP001,5,APPROVED,,,,,,,https://receipts.brim.example/002923.pdf,,True
TXN-000586,****-****-****-4003,PRECISE PARKLINK,6.79,9.36,USD,1.379,2025-08-25 15:53:00,7523,Parking Lots & Garages,TXC-003,EMP003,Marcus Webb,Operations,EMP001,5,APPROVED,,,,,,,https://receipts.brim.example/000586.pdf,,True
TXN-000974,****-****-****-4002,HOME DEPOT 88,142.99,197.18,USD,1.379,2025-08-25 17:14:00,5045,Computers & Peripherals,TXC-002,EMP002,Priya Nair,Finance,EMP001,5,APPROVED,,,,,,,https://receipts.brim.example/000974.pdf,,True
TXN-002053,****-****-****-4007,GOOGLE WORKSPACE,20.55,28.34,USD,1.379,2025-08-25 17:25:00,5734,Computer Software Stores,TXC-007,EMP007,Carol White,Finance,EMP004,2,APPROVED,,,,,,,https://receipts.brim.example/002053.pdf,,True
TXN-000722,****-****-****-4004,PRECISE PARKLINK,8.95,12.34,USD,1.379,2025-08-25 17:33:00,4131,Bus Lines / Tolls,TXC-004,EMP004,Alice Chen,Finance,EMP002,4,APPROVED,,,,,,,https://receipts.brim.example/000722.pdf,,True
TXN-003899,****-****-****-4008,FOUNTAIN TIRE,254.72,351.26,USD,1.379,2025-08-25 18:25:00,7531,Auto Body Repair Shops,TXC-008,EMP008,Eric Tran,Operations,EMP003,4,APPROVED,,,,,,,https://receipts.brim.example/003899.pdf,,True
TXN-003273,****-****-****-4007,ULTRAMAR 55,29.23,40.31,USD,1.379,2025-08-25 18:42:00,5541,Service Stations,TXC-007,EMP007,Carol White,Finance,EMP004,2,APPROVED,,,,,,,https://receipts.brim.example/003273.pdf,,True
TXN-001593,****-****-****-4008,ESSO RETAIL 113,121.16,167.08,USD,1.379,2025-08-25 20:54:00,5541,Service Stations,TXC-008,EMP008,Eric Tran,Operations,EMP003,4,PENDING,,,,,,,,,False
TXN-003570,****-****-****-4002,WENDYS 7781,14.2,19.58,USD,1.379,2025-08-25 21:13:00,5814,Fast Food Restaurants,TXC-002,EMP002,Priya Nair,Finance,EMP001,5,APPROVED,,,,,,,https://receipts.brim.example/003570.pdf,,True
TXN-002837,****-****-****-4006,IMPARK LOT 88,13.48,18.59,USD,1.379,2025-08-25 21:23:00,7523,Parking Lots & Garages,TXC-006,EMP006,Bob Kumar,Finance,EMP004,2,APPROVED,,,,,,,https://receipts.brim.example/002837.pdf,,True
TXN-001482,****-****-****-4008,PETRO-CANADA 8821,244.36,336.97,USD,1.379,2025-08-25 21:53:00,5541,Service Stations,TXC-008,EMP008,Eric Tran,Operations,EMP003,4,APPROVED,,,,,,,https://receipts.brim.example/001482.pdf,,True
TXN-000197,****-****-****-4008,ULTRAMAR 55,29.18,40.24,USD,1.379,2025-08-26 07:33:00,5541,Service Stations,TXC-008,EMP008,Eric Tran,Operations,EMP003,4,APPROVED,,,,,,,https://receipts.brim.example/000197.pdf,TRIP-0008,True
TXN-001956,****-****-****-4005,HOLIDAY INN EXPRESS,95.02,131.03,USD,1.379,2025-08-26 08:34:00,7011,"Hotels, Motels & Resorts",TXC-005,EMP005,Dana Park,Finance,EMP002,3,APPROVED,,,,,,,https://receipts.brim.example/001956.pdf,,True
TXN-002353,****-****-****-4008,FLYING J #771,110.03,151.73,USD,1.379,2025-08-26 09:17:00,5541,Service Stations,TXC-008,EMP008,Eric Tran,Operations,EMP003,4,APPROVED,,,,,,,https://receipts.brim.example/002353.pdf,,True
TXN-001785,****-****-****-4008,MCDONALDS DT QPS,11.62,16.02,USD,1.379,2025-08-26 09:59:00,5812,Eating Places & Restaurants,TXC-008,EMP008,Eric Tran,Operations,EMP003,4,APPROVED,,,,,,,https://receipts.brim.example/001785.pdf,,True
TXN-002616,****-****-****-4007,WENDYS 7781,38.87,53.6,USD,1.379,2025-08-26 10:53:00,5814,Fast Food Restaurants,TXC-007,EMP007,Carol White,Finance,EMP004,2,APPROVED,,,,,,,https://receipts.brim.example/002616.pdf,,True
TXN-000727,****-****-****-4009,STAPLES #112,78.91,108.82,USD,1.379,2025-08-26 11:02:00,5943,Stationery & Writing Supplies,TXC-009,EMP009,Grace Lee,Operations,EMP008,3,APPROVED,,,,,,,https://receipts.brim.example/000727.pdf,,True
TXN-002128,****-****-****-4008,A&W STORE 551,86.67,119.52,USD,1.379,2025-08-26 11:15:00,5812,Eating Places & Restaurants,TXC-008,EMP008,Eric Tran,Operations,EMP003,4,PENDING,,,,,,,,,False
TXN-002204,****-****-****-4008,MCDONALDS DT QPS,9.54,13.16,USD,1.379,2025-08-26 12:14:00,5814,Fast Food Restaurants,TXC-008,EMP008,Eric Tran,Operations,EMP003,4,APPROVED,,,,,,,https://receipts.brim.example/002204.pdf,TRIP-0148,True
TXN-002660,****-****-****-4004,TIM HORTONS #882,34.33,47.34,USD,1.379,2025-08-26 13:43:00,5812,Eating Places & Restaurants,TXC-004,EMP004,Alice Chen,Finance,EMP002,4,APPROVED,,,,,,,https://receipts.brim.example/002660.pdf,,True
TXN-000285,****-****-****-4007,COMFORT INN 442,111.1,153.21,USD,1.379,2025-08-26 14:03:00,7011,"Hotels, Motels & Resorts",TXC-007,EMP007,Carol White,Finance,EMP004,2,PENDING,,,,,,,https://receipts.brim.example/000285.pdf,,False
TXN-002358,****-****-****-4008,BEST BUY 112,155.71,214.72,USD,1.379,2025-08-26 15:18:00,5045,Computers & Peripherals,TXC-008,EMP008,Eric Tran,Operations,EMP003,4,APPROVED,,,,,,,https://receipts.brim.example/002358.pdf,,True
TXN-002425,****-****-****-4009,407 ETR TOLL,15.32,21.13,USD,1.379,2025-08-26 15:43:00,4131,Bus Lines / Tolls,TXC-009,EMP009,Grace Lee,Operations,EMP008,3,APPROVED,,,,,,,https://receipts.brim.example/002425.pdf,,True
TXN-002205,****-****-****-4008,WENDYS 7781,51.15,70.54,USD,1.379,2025-08-26 17:30:00,5812,Eating Places & Restaurants,TXC-008,EMP008,Eric Tran,Operations,EMP003,4,APPROVED,,,,,,,https://receipts.brim.example/002205.pdf,TRIP-0148,True
TXN-001140,****-****-****-4003,BEST BUY 112,134.17,185.02,USD,1.379,2025-08-26 19:07:00,5300,Wholesale Clubs,TXC-003,EMP003,Marcus Webb,Operations,EMP001,5,APPROVED,,,,,,,https://receipts.brim.example/001140.pdf,,True
TXN-000181,****-****-****-4008,BEST BUY 112,203.62,280.79,USD,1.379,2025-08-26 19:58:00,5300,Wholesale Clubs,TXC-008,EMP008,Eric Tran,Operations,EMP003,4,APPROVED,,,,,,,https://receipts.brim.example/000181.pdf,,True
TXN-000156,****-****-****-4008,ESSO RETAIL 113,64.04,88.31,USD,1.379,2025-08-26 21:12:00,5541,Service Stations,TXC-008,EMP008,Eric Tran,Operations,EMP003,4,APPROVED,,,,,,,https://receipts.brim.example/000156.pdf,,True
TXN-001487,****-****-****-4002,FLYING J #771,209.45,288.83,USD,1.379,2025-08-26 21:28:00,5541,Service Stations,TXC-002,EMP002,Priya Nair,Finance,EMP001,5,APPROVED,,,,,,,https://receipts.brim.example/001487.pdf,,True
TXN-000178,****-****-****-4001,A&W STORE 551,49.16,67.79,USD,1.379,2025-08-26 21:55:00,5814,Fast Food Restaurants,TXC-001,EMP001,Olivia Reyes,Executive,,6,APPROVED,,,,,,,https://receipts.brim.example/000178.pdf,,True
TXN-000249,****-****-****-4008,QUICK FUEL STOP,40.46,55.79,USD,1.379,2025-08-27 08:21:00,5172,Petroleum & Petroleum Products,TXC-008,EMP008,Eric Tran,Operations,EMP003,4,APPROVED,,,,,,,https://receipts.brim.example/000249.pdf,,True
TXN-003259,****-****-****-4007,BEST BUY 112,33.25,45.85,USD,1.379,2025-08-27 08:29:00,5045,Computers & Peripherals,TXC-007,EMP007,Carol White,Finance,EMP004,2,APPROVED,,,,,,,https://receipts.brim.example/003259.pdf,,True
TXN-000195,****-****-****-4008,BOSTON PIZZA 12,62.61,86.34,USD,1.379,2025-08-27 08:38:00,5814,Fast Food Restaurants,TXC-008,EMP008,Eric Tran,Operations,EMP003,4,APPROVED,,,,,,,https://receipts.brim.example/000195.pdf,TRIP-0008,True
TXN-003999,****-****-****-4008,FLYING J #771,24.25,33.44,USD,1.379,2025-08-27 08:50:00,5541,Service Stations,TXC-008,EMP008,Eric Tran,Operations,EMP003,4,APPROVED,,,,,,,https://receipts.brim.example/003999.pdf,,True
TXN-003405,****-****-****-4002,SUBWAY 40021,24.33,33.55,USD,1.379,2025-08-27 08:53:00,5814,Fast Food Restaurants,TXC-002,EMP002,Priya Nair,Finance,EMP001,5,APPROVED,,,,,,,https://receipts.brim.example/003405.pdf,,True
TXN-003847,****-****-****-4002,WENDYS 7781,45.13,62.23,USD,1.379,2025-08-27 12:00:00,5814,Fast Food Restaurants,TXC-002,EMP002,Priya Nair,Finance,EMP001,5,APPROVED,,,,,,,https://receipts.brim.example/003847.pdf,TRIP-0256,True
TXN-001794,****-****-****-4008,A&W STORE 551,16.3,22.48,USD,1.379,2025-08-27 12:01:00,5812,Eating Places & Restaurants,TXC-008,EMP008,Eric Tran,Operations,EMP003,4,APPROVED,,,,,,,https://receipts.brim.example/001794.pdf,,True
TXN-003407,****-****-****-4009,HOLIDAY INN EXPRESS,129.09,178.02,USD,1.379,2025-08-27 12:14:00,7011,"Hotels, Motels & Resorts",TXC-009,EMP009,Grace Lee,Operations,EMP008,3,APPROVED,,,,,,,https://receipts.brim.example/003407.pdf,,True
TXN-002339,****-****-****-4002,ULTRAMAR 55,90.07,124.21,USD,1.379,2025-08-27 12:43:00,5172,Petroleum & Petroleum Products,TXC-002,EMP002,Priya Nair,Finance,EMP001,5,APPROVED,,,,,,,https://receipts.brim.example/002339.pdf,TRIP-0155,True
TXN-003356,****-****-****-4007,MICROSOFT 365,118.06,162.8,USD,1.379,2025-08-27 14:05:00,4814,Telecom Services,TXC-007,EMP007,Carol White,Finance,EMP004,2,APPROVED,,,,,,,https://receipts.brim.example/003356.pdf,,True
TXN-002886,****-****-****-4007,IMPARK LOT 88,42.17,58.15,USD,1.379,2025-08-27 14:08:00,4131,Bus Lines / Tolls,TXC-007,EMP007,Carol White,Finance,EMP004,2,APPROVED,,,,,,,https://receipts.brim.example/002886.pdf,,True
TXN-003846,****-****-****-4002,COMFORT INN 442,145.78,201.03,USD,1.379,2025-08-27 16:13:00,7011,"Hotels, Motels & Resorts",TXC-002,EMP002,Priya Nair,Finance,EMP001,5,APPROVED,,,,,,,,TRIP-0256,True
TXN-003265,****-****-****-4009,DAYS INN 209,144.44,199.18,USD,1.379,2025-08-27 16:19:00,7011,"Hotels, Motels & Resorts",TXC-009,EMP009,Grace Lee,Operations,EMP008,3,APPROVED,,,,,,,https://receipts.brim.example/003265.pdf,,True
TXN-002254,****-****-****-4009,ULTRAMAR 55,56.9,78.47,USD,1.379,2025-08-27 17:38:00,5172,Petroleum & Petroleum Products,TXC-009,EMP009,Grace Lee,Operations,EMP008,3,APPROVED,,,,,,,https://receipts.brim.example/002254.pdf,,True
TXN-001395,****-****-****-4004,ESSO RETAIL 113,43.19,59.56,USD,1.379,2025-08-27 18:41:00,5172,Petroleum & Petroleum Products,TXC-004,EMP004,Alice Chen,Finance,EMP002,4,APPROVED,,,,,,,https://receipts.brim.example/001395.pdf,,True
TXN-004117,****-****-****-4001,MCDONALDS DT QPS,40.09,55.28,USD,1.379,2025-08-27 20:00:00,5812,Eating Places & Restaurants,TXC-001,EMP001,Olivia Reyes,Executive,,6,APPROVED,,,,,,,https://receipts.brim.example/004117.pdf,,True
TXN-001941,****-****-****-4002,ESSO RETAIL 113,36.31,50.07,USD,1.379,2025-08-27 20:26:00,5541,Service Stations,TXC-002,EMP002,Priya Nair,Finance,EMP001,5,APPROVED,,,,,,,https://receipts.brim.example/001941.pdf,,True
TXN-001471,****-****-****-4009,PILOT TRAVEL 209,94.65,130.52,USD,1.379,2025-08-27 20:46:00,5541,Service Stations,TXC-009,EMP009,Grace Lee,Operations,EMP008,3,APPROVED,,,,,,,https://receipts.brim.example/001471.pdf,,True
TXN-000866,****-****-****-4009,407 ETR TOLL,34.97,48.22,USD,1.379,2025-08-27 21:03:00,7523,Parking Lots & Garages,TXC-009,EMP009,Grace Lee,Operations,EMP008,3,APPROVED,,,,,,,https://receipts.brim.example/000866.pdf,,True
TXN-000533,****-****-****-4008,AWS MEMB,60.42,83.32,USD,1.379,2025-08-28 07:16:00,5734,Computer Software Stores,TXC-008,EMP008,Eric Tran,Operations,EMP003,4,APPROVED,,,,,,,https://receipts.brim.example/000533.pdf,,True
TXN-002277,****-****-****-4007,PETRO-CANADA 8821,58.71,80.96,USD,1.379,2025-08-28 10:29:00,5172,Petroleum & Petroleum Products,TXC-007,EMP007,Carol White,Finance,EMP004,2,APPROVED,,,,,,,https://receipts.brim.example/002277.pdf,,True
TXN-002787,****-****-****-4003,BOSTON PIZZA 12,66.24,91.34,USD,1.379,2025-08-28 11:50:00,5814,Fast Food Restaurants,TXC-003,EMP003,Marcus Webb,Operations,EMP001,5,APPROVED,,,,,,,,,True
TXN-002338,****-****-****-4002,COMFORT INN 442,94.85,130.8,USD,1.379,2025-08-28 14:16:00,7011,"Hotels, Motels & Resorts",TXC-002,EMP002,Priya Nair,Finance,EMP001,5,APPROVED,,,,,,,https://receipts.brim.example/002338.pdf,TRIP-0155,True
TXN-001592,****-****-****-4008,PETRO-CANADA 8821,108.44,149.54,USD,1.379,2025-08-28 15:27:00,5541,Service Stations,TXC-008,EMP008,Eric Tran,Operations,EMP003,4,APPROVED,,,,,,,https://receipts.brim.example/001592.pdf,,True
TXN-002203,****-****-****-4008,SUPER 8 MOTEL,346.48,477.8,USD,1.379,2025-08-28 16:26:00,7011,"Hotels, Motels & Resorts",TXC-008,EMP008,Eric Tran,Operations,EMP003,4,APPROVED,,,,,,,,TRIP-0148,True
TXN-000651,****-****-****-4006,PETRO-CANADA 8821,99.83,137.67,USD,1.379,2025-08-28 16:45:00,5541,Service Stations,TXC-006,EMP006,Bob Kumar,Finance,EMP004,2,APPROVED,,,,,,,https://receipts.brim.example/000651.pdf,,True
TXN-000122,****-****-****-4009,SUPER 8 MOTEL,218.75,301.66,USD,1.379,2025-08-28 17:10:00,7011,"Hotels, Motels & Resorts",TXC-009,EMP009,Grace Lee,Operations,EMP008,3,APPROVED,,,,,,,https://receipts.brim.example/000122.pdf,TRIP-0004,True
TXN-000710,****-****-****-4004,PETRO-CANADA 8821,45.42,62.63,USD,1.379,2025-08-28 17:45:00,5172,Petroleum & Petroleum Products,TXC-004,EMP004,Alice Chen,Finance,EMP002,4,APPROVED,,,,,,,https://receipts.brim.example/000710.pdf,,True
TXN-003787,****-****-****-4002,STAPLES #112,77.64,107.07,USD,1.379,2025-08-28 18:44:00,5943,Stationery & Writing Supplies,TXC-002,EMP002,Priya Nair,Finance,EMP001,5,APPROVED,,,,,,,https://receipts.brim.example/003787.pdf,,True
TXN-000124,****-****-****-4009,SHELL DT #4421,87.56,120.75,USD,1.379,2025-08-28 19:31:00,5541,Service Stations,TXC-009,EMP009,Grace Lee,Operations,EMP008,3,APPROVED,,,,,,,https://receipts.brim.example/000124.pdf,TRIP-0004,True
TXN-003394,****-****-****-4003,HOME DEPOT 88,124.76,172.04,USD,1.379,2025-08-28 19:40:00,5045,Computers & Peripherals,TXC-003,EMP003,Marcus Webb,Operations,EMP001,5,APPROVED,,,,,,,,,True
TXN-004222,****-****-****-4008,GRAND & TOY 5,64.59,89.07,USD,1.379,2025-08-28 20:16:00,5111,Stationery & Office Supplies,TXC-008,EMP008,Eric Tran,Operations,EMP003,4,APPROVED,,,,,,,,,True
TXN-002810,****-****-****-4004,AWS MEMB,36.78,50.72,USD,1.379,2025-08-28 20:19:00,4814,Telecom Services,TXC-004,EMP004,Alice Chen,Finance,EMP002,4,APPROVED,,,,,,,https://receipts.brim.example/002810.pdf,,True
TXN-000998,****-****-****-4003,PRECISE PARKLINK,10.04,13.85,USD,1.379,2025-08-28 21:49:00,7523,Parking Lots & Garages,TXC-003,EMP003,Marcus Webb,Operations,EMP001,5,APPROVED,,,,,,,https://receipts.brim.example/000998.pdf,,True
TXN-001166,****-****-****-4008,SHELL DT #4421,21.6,29.79,USD,1.379,2025-08-29 07:49:00,5172,Petroleum & Petroleum Products,TXC-008,EMP008,Eric Tran,Operations,EMP003,4,APPROVED,,,,,,,https://receipts.brim.example/001166.pdf,,True
TXN-002231,****-****-****-4008,PILOT TRAVEL 209,149.79,206.56,USD,1.379,2025-08-29 07:49:00,5172,Petroleum & Petroleum Products,TXC-008,EMP008,Eric Tran,Operations,EMP003,4,APPROVED,,,,,,,https://receipts.brim.example/002231.pdf,,True
TXN-001096,****-****-****-4001,HOME DEPOT 88,126.03,173.8,USD,1.379,2025-08-29 08:01:00,5045,Computers & Peripherals,TXC-001,EMP001,Olivia Reyes,Executive,,6,APPROVED,,,,,,,https://receipts.brim.example/001096.pdf,,True
TXN-000597,****-****-****-4003,AMAZON MKTPLACE,26.52,36.57,USD,1.379,2025-08-29 08:38:00,5111,Stationery & Office Supplies,TXC-003,EMP003,Marcus Webb,Operations,EMP001,5,APPROVED,,,,,,,https://receipts.brim.example/000597.pdf,,True
TXN-003946,****-****-****-4008,FLYING J #771,61.03,84.16,USD,1.379,2025-08-29 10:07:00,5172,Petroleum & Petroleum Products,TXC-008,EMP008,Eric Tran,Operations,EMP003,4,APPROVED,,,,,,,https://receipts.brim.example/003946.pdf,,True
TXN-000379,****-****-****-4005,ULTRAMAR 55,144.96,199.9,USD,1.379,2025-08-29 11:06:00,5172,Petroleum & Petroleum Products,TXC-005,EMP005,Dana Park,Finance,EMP002,3,APPROVED,,,,,,,,,True
TXN-001726,****-****-****-4008,PRECISE PARKLINK,20.42,28.16,USD,1.379,2025-08-29 11:34:00,4131,Bus Lines / Tolls,TXC-008,EMP008,Eric Tran,Operations,EMP003,4,APPROVED,,,,,,,https://receipts.brim.example/001726.pdf,,True
TXN-003420,****-****-****-4007,TIM HORTONS #882,24.37,33.61,USD,1.379,2025-08-29 14:04:00,5812,Eating Places & Restaurants,TXC-007,EMP007,Carol White,Finance,EMP004,2,APPROVED,,,,,,,https://receipts.brim.example/003420.pdf,,True
TXN-002279,****-****-****-4009,QUICK FUEL STOP,43.63,60.17,USD,1.379,2025-08-29 15:27:00,5541,Service Stations,TXC-009,EMP009,Grace Lee,Operations,EMP008,3,APPROVED,,,,,,,https://receipts.brim.example/002279.pdf,,True
TXN-003554,****-****-****-4008,A&W STORE 551,58.43,80.57,USD,1.379,2025-08-29 15:53:00,5814,Fast Food Restaurants,TXC-008,EMP008,Eric Tran,Operations,EMP003,4,APPROVED,,,,,,,https://receipts.brim.example/003554.pdf,,True
TXN-000125,****-****-****-4009,BOSTON PIZZA 12,37.85,52.2,USD,1.379,2025-08-29 17:44:00,5812,Eating Places & Restaurants,TXC-009,EMP009,Grace Lee,Operations,EMP008,3,APPROVED,,,,,,,https://receipts.brim.example/000125.pdf,TRIP-0004,True
TXN-004052,****-****-****-4007,MIDAS AUTO 21,126.31,174.18,USD,1.379,2025-08-29 18:49:00,7538,Automotive Service Shops,TXC-007,EMP007,Carol White,Finance,EMP004,2,APPROVED,,,,,,,https://receipts.brim.example/004052.pdf,,True
TXN-003201,****-****-****-4005,SUBWAY 40021,14.87,20.51,USD,1.379,2025-08-29 19:37:00,5814,Fast Food Restaurants,TXC-005,EMP005,Dana Park,Finance,EMP002,3,APPROVED,,,,,,,https://receipts.brim.example/003201.pdf,,True
TXN-002850,****-****-****-4009,SUBWAY 40021,16.88,23.28,USD,1.379,2025-08-29 21:22:00,5814,Fast Food Restaurants,TXC-009,EMP009,Grace Lee,Operations,EMP008,3,APPROVED,,,,,,,https://receipts.brim.example/002850.pdf,,True
TXN-002074,****-****-****-4007,GOOGLE WORKSPACE,65.74,90.66,USD,1.379,2025-08-29 21:33:00,5734,Computer Software Stores,TXC-007,EMP007,Carol White,Finance,EMP004,2,PENDING,,,,,,,https://receipts.brim.example/002074.pdf,,False
TXN-003182,****-****-****-4004,PETRO-CANADA 8821,102.01,140.67,USD,1.379,2025-08-29 21:38:00,5541,Service Stations,TXC-004,EMP004,Alice Chen,Finance,EMP002,4,APPROVED,,,,,,,https://receipts.brim.example/003182.pdf,,True
TXN-000123,****-****-****-4009,PETRO-CANADA 8821,28.01,38.63,USD,1.379,2025-08-29 22:00:00,5541,Service Stations,TXC-009,EMP009,Grace Lee,Operations,EMP008,3,APPROVED,,,,,,,https://receipts.brim.example/000123.pdf,TRIP-0004,True
TXN-001568,****-****-****-4007,SHELL DT #4421,37.52,51.74,USD,1.379,2025-08-29 23:11:00,5172,Petroleum & Petroleum Products,TXC-007,EMP007,Carol White,Finance,EMP004,2,APPROVED,,,,,,,https://receipts.brim.example/001568.pdf,TRIP-0106,True
TXN-001235,****-****-****-4003,FLYING J #771,80.32,110.76,USD,1.379,2025-08-30 07:21:00,5172,Petroleum & Petroleum Products,TXC-003,EMP003,Marcus Webb,Operations,EMP001,5,APPROVED,,,,,,,https://receipts.brim.example/001235.pdf,,True
TXN-000254,****-****-****-4004,ESSO RETAIL 113,74.83,103.19,USD,1.379,2025-08-30 07:26:00,5541,Service Stations,TXC-004,EMP004,Alice Chen,Finance,EMP002,4,APPROVED,,,,,,,https://receipts.brim.example/000254.pdf,,True
TXN-001978,****-****-****-4003,SHELL DT #4421,51.26,70.69,USD,1.379,2025-08-30 07:46:00,5541,Service Stations,TXC-003,EMP003,Marcus Webb,Operations,EMP001,5,APPROVED,,,,,,,https://receipts.brim.example/001978.pdf,,True
TXN-002784,****-****-****-4008,FLYING J #771,60.85,83.91,USD,1.379,2025-08-30 08:24:00,5172,Petroleum & Petroleum Products,TXC-008,EMP008,Eric Tran,Operations,EMP003,4,PENDING,,,,,,,https://receipts.brim.example/002784.pdf,,False
TXN-000389,****-****-****-4003,SHELL DT #4421,194.16,267.75,USD,1.379,2025-08-30 10:53:00,5541,Service Stations,TXC-003,EMP003,Marcus Webb,Operations,EMP001,5,PENDING,,,,,,,https://receipts.brim.example/000389.pdf,,False
TXN-001010,****-****-****-4009,BEST WESTERN 71,186.5,257.18,USD,1.379,2025-08-30 11:57:00,7011,"Hotels, Motels & Resorts",TXC-009,EMP009,Grace Lee,Operations,EMP008,3,APPROVED,,,,,,,https://receipts.brim.example/001010.pdf,TRIP-0064,True
TXN-002340,****-****-****-4002,FLYING J #771,50.93,70.23,USD,1.379,2025-08-30 12:38:00,5172,Petroleum & Petroleum Products,TXC-002,EMP002,Priya Nair,Finance,EMP001,5,APPROVED,,,,,,,https://receipts.brim.example/002340.pdf,TRIP-0155,True
TXN-003227,****-****-****-4004,SHELL DT #4421,138.63,191.17,USD,1.379,2025-08-30 14:02:00,5541,Service Stations,TXC-004,EMP004,Alice Chen,Finance,EMP002,4,APPROVED,,,,,,,https://receipts.brim.example/003227.pdf,,True
TXN-003430,****-****-****-4008,MCDONALDS DT QPS,23.29,32.12,USD,1.379,2025-08-30 14:06:00,5812,Eating Places & Restaurants,TXC-008,EMP008,Eric Tran,Operations,EMP003,4,APPROVED,,,,,,,https://receipts.brim.example/003430.pdf,,True
TXN-003183,****-****-****-4002,ULTRAMAR 55,42.83,59.06,USD,1.379,2025-08-30 14:35:00,5541,Service Stations,TXC-002,EMP002,Priya Nair,Finance,EMP001,5,APPROVED,,,,,,,https://receipts.brim.example/003183.pdf,,True
TXN-000834,****-****-****-4001,ESSO RETAIL 113,34.17,47.12,USD,1.379,2025-08-30 15:26:00,5541,Service Stations,TXC-001,EMP001,Olivia Reyes,Executive,,6,APPROVED,,,,,,,https://receipts.brim.example/000834.pdf,,True
TXN-004066,****-****-****-4008,QUICK FUEL STOP,48.06,66.27,USD,1.379,2025-08-30 16:30:00,5541,Service Stations,TXC-008,EMP008,Eric Tran,Operations,EMP003,4,APPROVED,,,,,,,https://receipts.brim.example/004066.pdf,,True
TXN-001610,****-****-****-4007,ROADSIDE GRILL CO,35.27,48.64,USD,1.379,2025-08-30 16:33:00,5812,Eating Places & Restaurants,TXC-007,EMP007,Carol White,Finance,EMP004,2,APPROVED,,,,,,,https://receipts.brim.example/001610.pdf,,True
TXN-003737,****-****-****-4008,SHELL DT #4421,44.02,60.7,USD,1.379,2025-08-30 16:33:00,5541,Service Stations,TXC-008,EMP008,Eric Tran,Operations,EMP003,4,APPROVED,,,,,,,https://receipts.brim.example/003737.pdf,,True
TXN-002003,****-****-****-4007,ULTRAMAR 55,79.91,110.2,USD,1.379,2025-08-30 16:48:00,5172,Petroleum & Petroleum Products,TXC-007,EMP007,Carol White,Finance,EMP004,2,APPROVED,,,,,,,https://receipts.brim.example/002003.pdf,,True
TXN-003800,****-****-****-4002,ESSO RETAIL 113,33.04,45.56,USD,1.379,2025-08-30 17:06:00,5541,Service Stations,TXC-002,EMP002,Priya Nair,Finance,EMP001,5,APPROVED,,,,,,,https://receipts.brim.example/003800.pdf,,True
TXN-000642,****-****-****-4004,ULTRAMAR 55,78.43,108.15,USD,1.379,2025-08-30 19:03:00,5172,Petroleum & Petroleum Products,TXC-004,EMP004,Alice Chen,Finance,EMP002,4,APPROVED,,,,,,,,,True
TXN-001567,****-****-****-4007,HOLIDAY INN EXPRESS,209.97,289.55,USD,1.379,2025-08-30 20:01:00,7011,"Hotels, Motels & Resorts",TXC-007,EMP007,Carol White,Finance,EMP004,2,PENDING,,,,,,,https://receipts.brim.example/001567.pdf,TRIP-0106,False
TXN-000865,****-****-****-4003,A&W STORE 551,43.48,59.96,USD,1.379,2025-08-30 20:22:00,5814,Fast Food Restaurants,TXC-003,EMP003,Marcus Webb,Operations,EMP001,5,APPROVED,,,,,,,https://receipts.brim.example/000865.pdf,TRIP-0052,True
TXN-003504,****-****-****-4009,MCDONALDS DT QPS,22.03,30.38,USD,1.379,2025-08-30 20:29:00,5814,Fast Food Restaurants,TXC-009,EMP009,Grace Lee,Operations,EMP008,3,APPROVED,,,,,,,https://receipts.brim.example/003504.pdf,,True
TXN-003384,****-****-****-4008,SUBWAY 40021,35.04,48.32,USD,1.379,2025-08-30 21:04:00,5812,Eating Places & Restaurants,TXC-008,EMP008,Eric Tran,Operations,EMP003,4,APPROVED,,,,,,,https://receipts.brim.example/003384.pdf,,True
TXN-001629,****-****-****-4007,PILOT TRAVEL 209,64.41,88.82,USD,1.379,2025-08-31 06:13:00,5541,Service Stations,TXC-007,EMP007,Carol White,Finance,EMP004,2,APPROVED,,,,,,,https://receipts.brim.example/001629.pdf,TRIP-0110,True
TXN-002481,****-****-****-4008,STAPLES #112,52.96,73.03,USD,1.379,2025-08-31 07:17:00,5111,Stationery & Office Supplies,TXC-008,EMP008,Eric Tran,Operations,EMP003,4,APPROVED,,,,,,,https://receipts.brim.example/002481.pdf,,True
TXN-003335,****-****-****-4003,WENDYS 7781,37.87,52.22,USD,1.379,2025-08-31 08:11:00,5814,Fast Food Restaurants,TXC-003,EMP003,Marcus Webb,Operations,EMP001,5,APPROVED,,,,,,,https://receipts.brim.example/003335.pdf,,True
TXN-001160,****-****-****-4009,FLYING J #771,34.39,47.42,USD,1.379,2025-08-31 09:07:00,5172,Petroleum & Petroleum Products,TXC-009,EMP009,Grace Lee,Operations,EMP008,3,APPROVED,,,,,,,https://receipts.brim.example/001160.pdf,,True
TXN-001628,****-****-****-4007,HOLIDAY INN EXPRESS,138.29,190.7,USD,1.379,2025-08-31 09:23:00,7011,"Hotels, Motels & Resorts",TXC-007,EMP007,Carol White,Finance,EMP004,2,APPROVED,,,,,,,https://receipts.brim.example/001628.pdf,TRIP-0110,True
TXN-000771,****-****-****-4004,GRAND & TOY 5,19.17,26.44,USD,1.379,2025-08-31 10:47:00,5111,Stationery & Office Supplies,TXC-004,EMP004,Alice Chen,Finance,EMP002,4,APPROVED,,,,,,,https://receipts.brim.example/000771.pdf,,True
TXN-002624,****-****-****-4009,PILOT TRAVEL 209,22.96,31.66,USD,1.379,2025-08-31 11:40:00,5172,Petroleum & Petroleum Products,TXC-009,EMP009,Grace Lee,Operations,EMP008,3,APPROVED,,,,,,,https://receipts.brim.example/002624.pdf,,True
TXN-000886,****-****-****-4008,A&W STORE 551,28.64,39.49,USD,1.379,2025-08-31 13:18:00,5814,Fast Food Restaurants,TXC-008,EMP008,Eric Tran,Operations,EMP003,4,APPROVED,,,,,,,https://receipts.brim.example/000886.pdf,,True
TXN-001824,****-****-****-4008,PRECISE PARKLINK,5.73,7.9,USD,1.379,2025-08-31 14:44:00,4131,Bus Lines / Tolls,TXC-008,EMP008,Eric Tran,Operations,EMP003,4,APPROVED,,,,,,,https://receipts.brim.example/001824.pdf,,True
TXN-001993,****-****-****-4009,GOOGLE WORKSPACE,70.95,97.84,USD,1.379,2025-08-31 14:51:00,4814,Telecom Services,TXC-009,EMP009,Grace Lee,Operations,EMP008,3,APPROVED,,,,,,,https://receipts.brim.example/001993.pdf,,True
TXN-000864,****-****-****-4003,DAYS INN 209,125.38,172.9,USD,1.379,2025-08-31 16:35:00,7011,"Hotels, Motels & Resorts",TXC-003,EMP003,Marcus Webb,Operations,EMP001,5,APPROVED,,,,,,,https://receipts.brim.example/000864.pdf,TRIP-0052,True
TXN-000146,****-****-****-4003,MICROSOFT 365,234.21,322.98,USD,1.379,2025-08-31 20:35:00,5734,Computer Software Stores,TXC-003,EMP003,Marcus Webb,Operations,EMP001,5,APPROVED,,,,,,,https://receipts.brim.example/000146.pdf,,True
TXN-003255,****-****-****-4004,AWS MEMB,160.23,220.96,USD,1.379,2025-08-31 21:16:00,4814,Telecom Services,TXC-004,EMP004,Alice Chen,Finance,EMP002,4,PENDING,,,,,,,https://receipts.brim.example/003255.pdf,,False
TXN-003001,****-****-****-4009,COMFORT INN 442,132.08,182.14,USD,1.379,2025-08-31 21:19:00,7011,"Hotels, Motels & Resorts",TXC-009,EMP009,Grace Lee,Operations,EMP008,3,APPROVED,,,,,,,https://receipts.brim.example/003001.pdf,,True
TXN-003538,****-****-****-4008,407 ETR TOLL,9.31,12.84,USD,1.379,2025-09-01 07:15:00,4131,Bus Lines / Tolls,TXC-008,EMP008,Eric Tran,Operations,EMP003,4,APPROVED,,,,,,,https://receipts.brim.example/003538.pdf,,True
TXN-002208,****-****-****-4008,PETRO-CANADA 8821,33.62,46.36,USD,1.379,2025-09-01 07:48:00,5541,Service Stations,TXC-008,EMP008,Eric Tran,Operations,EMP003,4,APPROVED,,,,,,,https://receipts.brim.example/002208.pdf,,True
TXN-002114,****-****-****-4008,HOME DEPOT 88,154.44,212.97,USD,1.379,2025-09-01 09:28:00,5300,Wholesale Clubs,TXC-008,EMP008,Eric Tran,Operations,EMP003,4,APPROVED,,,,,,,https://receipts.brim.example/002114.pdf,,True
TXN-001011,****-****-****-4009,PETRO-CANADA 8821,25.46,35.11,USD,1.379,2025-09-01 13:13:00,5172,Petroleum & Petroleum Products,TXC-009,EMP009,Grace Lee,Operations,EMP008,3,APPROVED,,,,,,,https://receipts.brim.example/001011.pdf,TRIP-0064,True
TXN-000742,****-****-****-4004,FLYING J #771,60.32,83.18,USD,1.379,2025-09-01 15:01:00,5172,Petroleum & Petroleum Products,TXC-004,EMP004,Alice Chen,Finance,EMP002,4,APPROVED,,,,,,,https://receipts.brim.example/000742.pdf,,True
TXN-001168,****-****-****-4003,PILOT TRAVEL 209,53.48,73.75,USD,1.379,2025-09-01 15:54:00,5541,Service Stations,TXC-003,EMP003,Marcus Webb,Operations,EMP001,5,APPROVED,,,,,,,https://receipts.brim.example/001168.pdf,,True
TXN-001762,****-****-****-4002,QUICK FUEL STOP,33.38,46.03,USD,1.379,2025-09-01 16:29:00,5541,Service Stations,TXC-002,EMP002,Priya Nair,Finance,EMP001,5,APPROVED,,,,,,,https://receipts.brim.example/001762.pdf,,True
TXN-002102,****-****-****-4004,ROADSIDE GRILL CO,26.19,36.12,USD,1.379,2025-09-01 18:08:00,5814,Fast Food Restaurants,TXC-004,EMP004,Alice Chen,Finance,EMP002,4,APPROVED,,,,,,,https://receipts.brim.example/002102.pdf,,True
TXN-002619,****-****-****-4009,QUICK FUEL STOP,107.81,148.67,USD,1.379,2025-09-01 18:22:00,5172,Petroleum & Petroleum Products,TXC-009,EMP009,Grace Lee,Operations,EMP008,3,APPROVED,,,,,,,https://receipts.brim.example/002619.pdf,TRIP-0171,True
TXN-001028,****-****-****-4009,PILOT TRAVEL 209,162.04,223.45,USD,1.379,2025-09-01 19:51:00,5541,Service Stations,TXC-009,EMP009,Grace Lee,Operations,EMP008,3,APPROVED,,,,,,,https://receipts.brim.example/001028.pdf,,True
TXN-002989,****-****-****-4008,STAPLES #112,48.65,67.09,USD,1.379,2025-09-01 19:58:00,5943,Stationery & Writing Supplies,TXC-008,EMP008,Eric Tran,Operations,EMP003,4,APPROVED,,,,,,,https://receipts.brim.example/002989.pdf,,True
TXN-000868,****-****-****-4002,GRAND & TOY 5,19.42,26.78,USD,1.379,2025-09-01 21:28:00,5111,Stationery & Office Supplies,TXC-002,EMP002,Priya Nair,Finance,EMP001,5,APPROVED,,,,,,,https://receipts.brim.example/000868.pdf,,True
TXN-002976,****-****-****-4005,STAPLES #112,39.31,54.21,USD,1.379,2025-09-02 09:35:00,5111,Stationery & Office Supplies,TXC-005,EMP005,Dana Park,Finance,EMP002,3,APPROVED,,,,,,,https://receipts.brim.example/002976.pdf,,True
TXN-003895,****-****-****-4007,ESSO RETAIL 113,44.21,60.97,USD,1.379,2025-09-02 12:30:00,5541,Service Stations,TXC-007,EMP007,Carol White,Finance,EMP004,2,APPROVED,,,,,,,https://receipts.brim.example/003895.pdf,,True
TXN-000399,****-****-****-4005,SUBWAY 40021,18.58,25.62,USD,1.379,2025-09-02 13:44:00,5812,Eating Places & Restaurants,TXC-005,EMP005,Dana Park,Finance,EMP002,3,APPROVED,,,,,,,https://receipts.brim.example/000399.pdf,TRIP-0026,True
TXN-002479,****-****-****-4003,PILOT TRAVEL 209,69.28,95.54,USD,1.379,2025-09-02 13:52:00,5541,Service Stations,TXC-003,EMP003,Marcus Webb,Operations,EMP001,5,PENDING,,,,,,,https://receipts.brim.example/002479.pdf,,False
TXN-003531,****-****-****-4009,ROADSIDE GRILL CO,48.33,66.65,USD,1.379,2025-09-02 14:07:00,5812,Eating Places & Restaurants,TXC-009,EMP009,Grace Lee,Operations,EMP008,3,APPROVED,,,,,,,https://receipts.brim.example/003531.pdf,,True
TXN-002618,****-****-****-4009,SUPER 8 MOTEL,177.55,244.84,USD,1.379,2025-09-02 16:08:00,7011,"Hotels, Motels & Resorts",TXC-009,EMP009,Grace Lee,Operations,EMP008,3,APPROVED,,,,,,,https://receipts.brim.example/002618.pdf,TRIP-0171,True
TXN-000529,****-****-****-4003,QUICK FUEL STOP,55.48,76.51,USD,1.379,2025-09-02 16:47:00,5541,Service Stations,TXC-003,EMP003,Marcus Webb,Operations,EMP001,5,PENDING,,,,,,,https://receipts.brim.example/000529.pdf,,False
TXN-000157,****-****-****-4008,PETRO-CANADA 8821,73.22,100.97,USD,1.379,2025-09-02 17:53:00,5172,Petroleum & Petroleum Products,TXC-008,EMP008,Eric Tran,Operations,EMP003,4,PENDING,,,,,,,,,False
TXN-000303,****-****-****-4004,COMFORT INN 442,247.9,341.85,USD,1.379,2025-09-02 19:25:00,7011,"Hotels, Motels & Resorts",TXC-004,EMP004,Alice Chen,Finance,EMP002,4,APPROVED,,,,,,,https://receipts.brim.example/000303.pdf,,True
TXN-002470,****-****-****-4008,ROADSIDE GRILL CO,17.0,23.44,USD,1.379,2025-09-02 20:32:00,5812,Eating Places & Restaurants,TXC-008,EMP008,Eric Tran,Operations,EMP003,4,APPROVED,,,,,,,https://receipts.brim.example/002470.pdf,TRIP-0161,True
TXN-001777,****-****-****-4001,QUICK FUEL STOP,83.36,114.95,USD,1.379,2025-09-02 21:17:00,5541,Service Stations,TXC-001,EMP001,Olivia Reyes,Executive,,6,APPROVED,,,,,,,https://receipts.brim.example/001777.pdf,,True
TXN-000260,****-****-****-4008,BEST BUY 112,120.86,166.67,USD,1.379,2025-09-02 21:59:00,5300,Wholesale Clubs,TXC-008,EMP008,Eric Tran,Operations,EMP003,4,APPROVED,,,,,,,https://receipts.brim.example/000260.pdf,,True
TXN-000400,****-****-****-4005,PETRO-CANADA 8821,99.35,137.0,USD,1.379,2025-09-03 06:43:00,5541,Service Stations,TXC-005,EMP005,Dana Park,Finance,EMP002,3,APPROVED,,,,,,,https://receipts.brim.example/000400.pdf,TRIP-0026,True
TXN-002050,****-****-****-4008,STAPLES #112,64.87,89.46,USD,1.379,2025-09-03 09:13:00,5943,Stationery & Writing Supplies,TXC-008,EMP008,Eric Tran,Operations,EMP003,4,APPROVED,,,,,,,https://receipts.brim.example/002050.pdf,,True
TXN-001975,****-****-****-4009,FOUNTAIN TIRE,261.37,360.43,USD,1.379,2025-09-03 10:28:00,7531,Auto Body Repair Shops,TXC-009,EMP009,Grace Lee,Operations,EMP008,3,APPROVED,,,,,,,https://receipts.brim.example/001975.pdf,,True
TXN-000397,****-****-****-4005,DAYS INN 209,154.19,212.63,USD,1.379,2025-09-03 11:02:00,7011,"Hotels, Motels & Resorts",TXC-005,EMP005,Dana Park,Finance,EMP002,3,APPROVED,,,,,,,https://receipts.brim.example/000397.pdf,TRIP-0026,True
TXN-003649,****-****-****-4009,WENDYS 7781,31.58,43.55,USD,1.379,2025-09-03 11:46:00,5814,Fast Food Restaurants,TXC-009,EMP009,Grace Lee,Operations,EMP008,3,APPROVED,,,,,,,https://receipts.brim.example/003649.pdf,TRIP-0240,True
TXN-001018,****-****-****-4009,ULTRAMAR 55,107.94,148.85,USD,1.379,2025-09-03 12:31:00,5541,Service Stations,TXC-009,EMP009,Grace Lee,Operations,EMP008,3,APPROVED,,,,,,,https://receipts.brim.example/001018.pdf,,True
TXN-002032,****-****-****-4002,IMPARK LOT 88,33.0,45.51,USD,1.379,2025-09-03 13:40:00,7523,Parking Lots & Garages,TXC-002,EMP002,Priya Nair,Finance,EMP001,5,APPROVED,,,,,,,https://receipts.brim.example/002032.pdf,,True
TXN-000398,****-****-****-4005,SUBWAY 40021,22.25,30.68,USD,1.379,2025-09-03 13:45:00,5812,Eating Places & Restaurants,TXC-005,EMP005,Dana Park,Finance,EMP002,3,APPROVED,,,,,,,https://receipts.brim.example/000398.pdf,TRIP-0026,True
TXN-000199,****-****-****-4008,QUICK FUEL STOP,92.07,126.96,USD,1.379,2025-09-03 16:13:00,5172,Petroleum & Petroleum Products,TXC-008,EMP008,Eric Tran,Operations,EMP003,4,APPROVED,,,,,,,https://receipts.brim.example/000199.pdf,,True
TXN-000369,****-****-****-4004,QUICK FUEL STOP,39.49,54.46,USD,1.379,2025-09-03 16:39:00,5172,Petroleum & Petroleum Products,TXC-004,EMP004,Alice Chen,Finance,EMP002,4,APPROVED,,,,,,,https://receipts.brim.example/000369.pdf,,True
TXN-003612,****-****-****-4009,TIM HORTONS #882,21.94,30.26,USD,1.379,2025-09-03 17:00:00,5814,Fast Food Restaurants,TXC-009,EMP009,Grace Lee,Operations,EMP008,3,APPROVED,,,,,,,https://receipts.brim.example/003612.pdf,,True
TXN-004166,****-****-****-4008,SUBWAY 40021,23.27,32.09,USD,1.379,2025-09-03 18:46:00,5814,Fast Food Restaurants,TXC-008,EMP008,Eric Tran,Operations,EMP003,4,APPROVED,,,,,,,https://receipts.brim.example/004166.pdf,,True
TXN-000189,****-****-****-4009,ESSO RETAIL 113,82.3,113.49,USD,1.379,2025-09-03 20:25:00,5172,Petroleum & Petroleum Products,TXC-009,EMP009,Grace Lee,Operations,EMP008,3,APPROVED,,,,,,,https://receipts.brim.example/000189.pdf,,True
TXN-000852,****-****-****-4008,BEST WESTERN 71,178.57,246.25,USD,1.379,2025-09-04 07:14:00,7011,"Hotels, Motels & Resorts",TXC-008,EMP008,Eric Tran,Operations,EMP003,4,PENDING,,,,,,,https://receipts.brim.example/000852.pdf,TRIP-0050,False
TXN-003498,****-****-****-4002,IMPARK LOT 88,13.44,18.53,USD,1.379,2025-09-04 07:43:00,4131,Bus Lines / Tolls,TXC-002,EMP002,Priya Nair,Finance,EMP001,5,APPROVED,,,,,,,https://receipts.brim.example/003498.pdf,,True
TXN-002005,****-****-****-4009,QUICK FUEL STOP,45.34,62.52,USD,1.379,2025-09-04 10:24:00,5541,Service Stations,TXC-009,EMP009,Grace Lee,Operations,EMP008,3,APPROVED,,,,,,,https://receipts.brim.example/002005.pdf,,True
TXN-001718,****-****-****-4007,IMPARK LOT 88,33.72,46.5,USD,1.379,2025-09-04 10:43:00,4131,Bus Lines / Tolls,TXC-007,EMP007,Carol White,Finance,EMP004,2,APPROVED,,,,,,,https://receipts.brim.example/001718.pdf,,True
TXN-004246,****-****-****-4004,PILOT TRAVEL 209,31.62,43.6,USD,1.379,2025-09-04 11:30:00,5541,Service Stations,TXC-004,EMP004,Alice Chen,Finance,EMP002,4,APPROVED,,,,,,,https://receipts.brim.example/004246.pdf,,True
TXN-003831,****-****-****-4004,SHELL DT #4421,29.52,40.71,USD,1.379,2025-09-04 11:34:00,5172,Petroleum & Petroleum Products,TXC-004,EMP004,Alice Chen,Finance,EMP002,4,APPROVED,,,,,,,https://receipts.brim.example/003831.pdf,TRIP-0254,True
TXN-000577,****-****-****-4004,SHELL DT #4421,67.91,93.65,USD,1.379,2025-09-04 12:52:00,5172,Petroleum & Petroleum Products,TXC-004,EMP004,Alice Chen,Finance,EMP002,4,APPROVED,,,,,,,,,True
TXN-002937,****-****-****-4007,FOUNTAIN TIRE,130.19,179.53,USD,1.379,2025-09-04 13:37:00,7531,Auto Body Repair Shops,TXC-007,EMP007,Carol White,Finance,EMP004,2,APPROVED,,,,,,,https://receipts.brim.example/002937.pdf,,True
TXN-003813,****-****-****-4001,PILOT TRAVEL 209,65.96,90.96,USD,1.379,2025-09-04 13:39:00,5172,Petroleum & Petroleum Products,TXC-001,EMP001,Olivia Reyes,Executive,,6,APPROVED,,,,,,,https://receipts.brim.example/003813.pdf,,True
TXN-003829,****-****-****-4004,PETRO-CANADA 8821,102.5,141.35,USD,1.379,2025-09-04 14:03:00,5172,Petroleum & Petroleum Products,TXC-004,EMP004,Alice Chen,Finance,EMP002,4,APPROVED,,,,,,,https://receipts.brim.example/003829.pdf,TRIP-0254,True
TXN-003828,****-****-****-4004,SUPER 8 MOTEL,151.24,208.56,USD,1.379,2025-09-04 14:32:00,7011,"Hotels, Motels & Resorts",TXC-004,EMP004,Alice Chen,Finance,EMP002,4,APPROVED,,,,,,,https://receipts.brim.example/003828.pdf,TRIP-0254,True
TXN-000295,****-****-****-4008,SUPER 8 MOTEL,126.36,174.25,USD,1.379,2025-09-04 15:09:00,7011,"Hotels, Motels & Resorts",TXC-008,EMP008,Eric Tran,Operations,EMP003,4,APPROVED,,,,,,,https://receipts.brim.example/000295.pdf,TRIP-0018,True
TXN-000510,****-****-****-4009,MCDONALDS DT QPS,22.66,31.25,USD,1.379,2025-09-04 19:44:00,5814,Fast Food Restaurants,TXC-009,EMP009,Grace Lee,Operations,EMP008,3,APPROVED,,,,,,,https://receipts.brim.example/000510.pdf,,True
TXN-003378,****-****-****-4004,BEST WESTERN 71,156.78,216.2,USD,1.379,2025-09-04 20:39:00,7011,"Hotels, Motels & Resorts",TXC-004,EMP004,Alice Chen,Finance,EMP002,4,APPROVED,,,,,,,https://receipts.brim.example/003378.pdf,,True
TXN-002468,****-****-****-4008,BEST WESTERN 71,113.19,156.09,USD,1.379,2025-09-04 21:24:00,7011,"Hotels, Motels & Resorts",TXC-008,EMP008,Eric Tran,Operations,EMP003,4,APPROVED,,,,,,,https://receipts.brim.example/002468.pdf,TRIP-0161,True
TXN-000853,****-****-****-4008,ULTRAMAR 55,128.97,177.85,USD,1.379,2025-09-05 04:42:00,5541,Service Stations,TXC-008,EMP008,Eric Tran,Operations,EMP003,4,APPROVED,,,,,,,https://receipts.brim.example/000853.pdf,TRIP-0050,True
TXN-003781,****-****-****-4007,AMAZON MKTPLACE,28.65,39.51,USD,1.379,2025-09-05 07:33:00,5943,Stationery & Writing Supplies,TXC-007,EMP007,Carol White,Finance,EMP004,2,APPROVED,,,,,,,https://receipts.brim.example/003781.pdf,,True
TXN-001883,****-****-****-4009,FOUNTAIN TIRE,153.76,212.04,USD,1.379,2025-09-05 07:54:00,7531,Auto Body Repair Shops,TXC-009,EMP009,Grace Lee,Operations,EMP008,3,APPROVED,,,,,,,https://receipts.brim.example/001883.pdf,,True
TXN-001920,****-****-****-4009,PRECISE PARKLINK,29.26,40.35,USD,1.379,2025-09-05 09:44:00,7523,Parking Lots & Garages,TXC-009,EMP009,Grace Lee,Operations,EMP008,3,APPROVED,,,,,,,https://receipts.brim.example/001920.pdf,,True
TXN-003648,****-****-****-4009,COMFORT INN 442,98.61,135.98,USD,1.379,2025-09-05 10:10:00,7011,"Hotels, Motels & Resorts",TXC-009,EMP009,Grace Lee,Operations,EMP008,3,APPROVED,,,,,,,https://receipts.brim.example/003648.pdf,TRIP-0240,True
TXN-000608,****-****-****-4007,MCDONALDS DT QPS,11.47,15.82,USD,1.379,2025-09-05 11:31:00,5814,Fast Food Restaurants,TXC-007,EMP007,Carol White,Finance,EMP004,2,APPROVED,,,,,,,https://receipts.brim.example/000608.pdf,,True
TXN-001270,****-****-****-4008,QUICK FUEL STOP,61.57,84.91,USD,1.379,2025-09-05 11:45:00,5541,Service Stations,TXC-008,EMP008,Eric Tran,Operations,EMP003,4,APPROVED,,,,,,,https://receipts.brim.example/001270.pdf,,True
TXN-003799,****-****-****-4009,QUICK FUEL STOP,77.68,107.12,USD,1.379,2025-09-05 12:22:00,5541,Service Stations,TXC-009,EMP009,Grace Lee,Operations,EMP008,3,APPROVED,,,,,,,https://receipts.brim.example/003799.pdf,,True
TXN-001587,****-****-****-4005,BEST WESTERN 71,97.11,133.91,USD,1.379,2025-09-05 12:40:00,7011,"Hotels, Motels & Resorts",TXC-005,EMP005,Dana Park,Finance,EMP002,3,APPROVED,,,,,,,https://receipts.brim.example/001587.pdf,,True
TXN-003163,****-****-****-4001,HOLIDAY INN EXPRESS,68.46,94.41,USD,1.379,2025-09-05 13:23:00,7011,"Hotels, Motels & Resorts",TXC-001,EMP001,Olivia Reyes,Executive,,6,PENDING,,,,,,,,TRIP-0207,False
TXN-003650,****-****-****-4009,SUBWAY 40021,23.86,32.9,USD,1.379,2025-09-05 14:03:00,5814,Fast Food Restaurants,TXC-009,EMP009,Grace Lee,Operations,EMP008,3,APPROVED,,,,,,,https://receipts.brim.example/003650.pdf,TRIP-0240,True
TXN-001399,****-****-****-4006,ROADSIDE GRILL CO,18.41,25.39,USD,1.379,2025-09-05 14:47:00,5814,Fast Food Restaurants,TXC-006,EMP006,Bob Kumar,Finance,EMP004,2,APPROVED,,,,,,,https://receipts.brim.example/001399.pdf,,True
TXN-003651,****-****-****-4009,BOSTON PIZZA 12,10.78,14.87,USD,1.379,2025-09-05 15:08:00,5814,Fast Food Restaurants,TXC-009,EMP009,Grace Lee,Operations,EMP008,3,APPROVED,,,,,,,https://receipts.brim.example/003651.pdf,TRIP-0240,True
TXN-001853,****-****-****-4007,PRECISE PARKLINK,4.55,6.27,USD,1.379,2025-09-05 15:24:00,4131,Bus Lines / Tolls,TXC-007,EMP007,Carol White,Finance,EMP004,2,APPROVED,,,,,,,https://receipts.brim.example/001853.pdf,,True
TXN-001031,****-****-****-4007,BEST BUY 112,82.36,113.57,USD,1.379,2025-09-05 16:50:00,5045,Computers & Peripherals,TXC-007,EMP007,Carol White,Finance,EMP004,2,APPROVED,,,,,,,https://receipts.brim.example/001031.pdf,,True
TXN-002811,****-****-****-4007,PETRO-CANADA 8821,264.53,364.79,USD,1.379,2025-09-05 17:04:00,5172,Petroleum & Petroleum Products,TXC-007,EMP007,Carol White,Finance,EMP004,2,APPROVED,,,,,,,https://receipts.brim.example/002811.pdf,,True
TXN-001197,****-****-****-4005,MCDONALDS DT QPS,32.44,44.73,USD,1.379,2025-09-05 17:29:00,5814,Fast Food Restaurants,TXC-005,EMP005,Dana Park,Finance,EMP002,3,APPROVED,,,,,,,https://receipts.brim.example/001197.pdf,,True
TXN-002062,****-****-****-4009,ESSO RETAIL 113,39.37,54.29,USD,1.379,2025-09-05 21:08:00,5172,Petroleum & Petroleum Products,TXC-009,EMP009,Grace Lee,Operations,EMP008,3,APPROVED,,,,,,,https://receipts.brim.example/002062.pdf,,True
TXN-000541,****-****-****-4004,ESSO RETAIL 113,95.3,131.42,USD,1.379,2025-09-05 21:35:00,5541,Service Stations,TXC-004,EMP004,Alice Chen,Finance,EMP002,4,APPROVED,,,,,,,https://receipts.brim.example/000541.pdf,,True
TXN-001907,****-****-****-4003,MCDONALDS DT QPS,54.89,75.69,USD,1.379,2025-09-06 03:52:00,5814,Fast Food Restaurants,TXC-003,EMP003,Marcus Webb,Operations,EMP001,5,PENDING,,,,,,,https://receipts.brim.example/001907.pdf,TRIP-0127,False
TXN-001908,****-****-****-4003,SHELL DT #4421,56.25,77.57,USD,1.379,2025-09-06 05:19:00,5172,Petroleum & Petroleum Products,TXC-003,EMP003,Marcus Webb,Operations,EMP001,5,PENDING,,,,,,,https://receipts.brim.example/001908.pdf,TRIP-0127,False
TXN-002642,****-****-****-4004,ESSO RETAIL 113,41.0,56.54,USD,1.379,2025-09-06 07:19:00,5541,Service Stations,TXC-004,EMP004,Alice Chen,Finance,EMP002,4,APPROVED,,,,,,,https://receipts.brim.example/002642.pdf,,True
TXN-001099,****-****-****-4009,QUICK FUEL STOP,42.48,58.58,USD,1.379,2025-09-06 08:20:00,5541,Service Stations,TXC-009,EMP009,Grace Lee,Operations,EMP008,3,APPROVED,,,,,,,https://receipts.brim.example/001099.pdf,,True
TXN-003926,****-****-****-4003,BOSTON PIZZA 12,10.09,13.91,USD,1.379,2025-09-06 09:04:00,5812,Eating Places & Restaurants,TXC-003,EMP003,Marcus Webb,Operations,EMP001,5,APPROVED,,,,,,,https://receipts.brim.example/003926.pdf,,True
TXN-002643,****-****-****-4005,COSTCO WHSE 44,40.53,55.89,USD,1.379,2025-09-06 09:11:00,5300,Wholesale Clubs,TXC-005,EMP005,Dana Park,Finance,EMP002,3,APPROVED,,,,,,,https://receipts.brim.example/002643.pdf,,True
TXN-003877,****-****-****-4009,BOSTON PIZZA 12,13.81,19.04,USD,1.379,2025-09-06 09:50:00,5812,Eating Places & Restaurants,TXC-009,EMP009,Grace Lee,Operations,EMP008,3,APPROVED,,,,,,,https://receipts.brim.example/003877.pdf,,True
TXN-001869,****-****-****-4009,GRAND & TOY 5,28.28,39.0,USD,1.379,2025-09-06 11:02:00,5111,Stationery & Office Supplies,TXC-009,EMP009,Grace Lee,Operations,EMP008,3,APPROVED,,,,,,,https://receipts.brim.example/001869.pdf,,True
TXN-001723,****-****-****-4007,STAPLES #112,19.99,27.57,USD,1.379,2025-09-06 11:50:00,5943,Stationery & Writing Supplies,TXC-007,EMP007,Carol White,Finance,EMP004,2,APPROVED,,,,,,,https://receipts.brim.example/001723.pdf,,True
TXN-003830,****-****-****-4004,A&W STORE 551,17.23,23.76,USD,1.379,2025-09-06 13:13:00,5812,Eating Places & Restaurants,TXC-004,EMP004,Alice Chen,Finance,EMP002,4,APPROVED,,,,,,,https://receipts.brim.example/003830.pdf,TRIP-0254,True
TXN-000296,****-****-****-4008,ROADSIDE GRILL CO,8.32,11.47,USD,1.379,2025-09-06 13:52:00,5812,Eating Places & Restaurants,TXC-008,EMP008,Eric Tran,Operations,EMP003,4,APPROVED,,,,,,,https://receipts.brim.example/000296.pdf,TRIP-0018,True
TXN-003165,****-****-****-4001,TIM HORTONS #882,24.99,34.46,USD,1.379,2025-09-06 16:12:00,5814,Fast Food Restaurants,TXC-001,EMP001,Olivia Reyes,Executive,,6,APPROVED,,,,,,,https://receipts.brim.example/003165.pdf,TRIP-0207,True
TXN-000297,****-****-****-4008,MCDONALDS DT QPS,12.38,17.07,USD,1.379,2025-09-06 16:19:00,5812,Eating Places & Restaurants,TXC-008,EMP008,Eric Tran,Operations,EMP003,4,APPROVED,,,,,,,https://receipts.brim.example/000297.pdf,TRIP-0018,True
TXN-002139,****-****-****-4009,WENDYS 7781,12.45,17.17,USD,1.379,2025-09-06 16:42:00,5814,Fast Food Restaurants,TXC-009,EMP009,Grace Lee,Operations,EMP008,3,APPROVED,,,,,,,https://receipts.brim.example/002139.pdf,,True
TXN-000434,****-****-****-4007,BEST WESTERN 71,91.63,126.36,USD,1.379,2025-09-06 17:33:00,7011,"Hotels, Motels & Resorts",TXC-007,EMP007,Carol White,Finance,EMP004,2,APPROVED,,,,,,,https://receipts.brim.example/000434.pdf,TRIP-0028,True
TXN-000298,****-****-****-4008,MCDONALDS DT QPS,46.23,63.75,USD,1.379,2025-09-06 17:41:00,5814,Fast Food Restaurants,TXC-008,EMP008,Eric Tran,Operations,EMP003,4,APPROVED,,,,,,,https://receipts.brim.example/000298.pdf,TRIP-0018,True
TXN-002469,****-****-****-4008,WENDYS 7781,25.49,35.15,USD,1.379,2025-09-06 17:45:00,5814,Fast Food Restaurants,TXC-008,EMP008,Eric Tran,Operations,EMP003,4,APPROVED,,,,,,,https://receipts.brim.example/002469.pdf,TRIP-0161,True
TXN-004234,****-****-****-4004,WENDYS 7781,37.67,51.95,USD,1.379,2025-09-06 18:31:00,5814,Fast Food Restaurants,TXC-004,EMP004,Alice Chen,Finance,EMP002,4,APPROVED,,,,,,,https://receipts.brim.example/004234.pdf,,True
TXN-000395,****-****-****-4007,PETRO-CANADA 8821,8.83,12.18,USD,1.379,2025-09-06 19:08:00,5172,Petroleum & Petroleum Products,TXC-007,EMP007,Carol White,Finance,EMP004,2,APPROVED,,,,,,,https://receipts.brim.example/000395.pdf,,True
TXN-002176,****-****-****-4002,SUBWAY 40021,28.84,39.77,USD,1.379,2025-09-06 19:12:00,5814,Fast Food Restaurants,TXC-002,EMP002,Priya Nair,Finance,EMP001,5,APPROVED,,,,,,,https://receipts.brim.example/002176.pdf,,True
TXN-003056,****-****-****-4008,BEST BUY 112,78.41,108.13,USD,1.379,2025-09-06 19:38:00,5045,Computers & Peripherals,TXC-008,EMP008,Eric Tran,Operations,EMP003,4,PENDING,,,,,,,https://receipts.brim.example/003056.pdf,,False
TXN-002166,****-****-****-4004,PETRO-CANADA 8821,50.37,69.46,USD,1.379,2025-09-06 20:48:00,5541,Service Stations,TXC-004,EMP004,Alice Chen,Finance,EMP002,4,PENDING,,,,,,,https://receipts.brim.example/002166.pdf,,False
TXN-001439,****-****-****-4002,HOME DEPOT 88,292.68,403.61,USD,1.379,2025-09-06 21:20:00,5300,Wholesale Clubs,TXC-002,EMP002,Priya Nair,Finance,EMP001,5,APPROVED,,,,,,,https://receipts.brim.example/001439.pdf,,True
TXN-003066,****-****-****-4007,SUBWAY 40021,44.63,61.54,USD,1.379,2025-09-06 21:45:00,5812,Eating Places & Restaurants,TXC-007,EMP007,Carol White,Finance,EMP004,2,APPROVED,,,,,,,https://receipts.brim.example/003066.pdf,,True
TXN-001005,****-****-****-4006,FLYING J #771,48.69,67.14,USD,1.379,2025-09-06 21:50:00,5541,Service Stations,TXC-006,EMP006,Bob Kumar,Finance,EMP004,2,APPROVED,,,,,,,https://receipts.brim.example/001005.pdf,,True
TXN-000493,****-****-****-4006,MIDAS AUTO 21,214.24,295.44,USD,1.379,2025-09-07 07:54:00,7531,Auto Body Repair Shops,TXC-006,EMP006,Bob Kumar,Finance,EMP004,2,APPROVED,,,,,,,https://receipts.brim.example/000493.pdf,,True
TXN-000927,****-****-****-4004,SHELL DT #4421,65.1,89.77,USD,1.379,2025-09-07 07:58:00,5541,Service Stations,TXC-004,EMP004,Alice Chen,Finance,EMP002,4,APPROVED,,,,,,,https://receipts.brim.example/000927.pdf,,True
TXN-003164,****-****-****-4001,A&W STORE 551,36.25,49.99,USD,1.379,2025-09-07 08:55:00,5812,Eating Places & Restaurants,TXC-001,EMP001,Olivia Reyes,Executive,,6,APPROVED,,,,,,,https://receipts.brim.example/003164.pdf,TRIP-0207,True
TXN-000802,****-****-****-4008,AWS MEMB,98.49,135.82,USD,1.379,2025-09-07 11:06:00,5734,Computer Software Stores,TXC-008,EMP008,Eric Tran,Operations,EMP003,4,APPROVED,,,,,,,https://receipts.brim.example/000802.pdf,,True
TXN-000182,****-****-****-4001,AWS MEMB,67.6,93.22,USD,1.379,2025-09-07 11:10:00,4814,Telecom Services,TXC-001,EMP001,Olivia Reyes,Executive,,6,APPROVED,,,,,,,https://receipts.brim.example/000182.pdf,,True
TXN-002892,****-****-****-4009,ULTRAMAR 55,30.07,41.47,USD,1.379,2025-09-07 12:29:00,5172,Petroleum & Petroleum Products,TXC-009,EMP009,Grace Lee,Operations,EMP008,3,APPROVED,,,,,,,https://receipts.brim.example/002892.pdf,,True
TXN-003434,****-****-****-4002,A&W STORE 551,25.76,35.52,USD,1.379,2025-09-07 12:48:00,5812,Eating Places & Restaurants,TXC-002,EMP002,Priya Nair,Finance,EMP001,5,APPROVED,,,,,,,https://receipts.brim.example/003434.pdf,,True
TXN-002345,****-****-****-4009,ESSO RETAIL 113,54.68,75.4,USD,1.379,2025-09-07 13:37:00,5541,Service Stations,TXC-009,EMP009,Grace Lee,Operations,EMP008,3,PENDING,,,,,,,https://receipts.brim.example/002345.pdf,,False
TXN-001793,****-****-****-4008,PRECISE PARKLINK,8.62,11.89,USD,1.379,2025-09-07 16:08:00,4131,Bus Lines / Tolls,TXC-008,EMP008,Eric Tran,Operations,EMP003,4,APPROVED,,,,,,,https://receipts.brim.example/001793.pdf,,True
TXN-000435,****-****-****-4007,ESSO RETAIL 113,47.89,66.04,USD,1.379,2025-09-07 17:08:00,5172,Petroleum & Petroleum Products,TXC-007,EMP007,Carol White,Finance,EMP004,2,APPROVED,,,,,,,https://receipts.brim.example/000435.pdf,TRIP-0028,True
TXN-001380,****-****-****-4008,COMFORT INN 442,245.76,338.9,USD,1.379,2025-09-07 17:22:00,7011,"Hotels, Motels & Resorts",TXC-008,EMP008,Eric Tran,Operations,EMP003,4,APPROVED,,,,,,,https://receipts.brim.example/001380.pdf,,True
TXN-002610,****-****-****-4004,MICROSOFT 365,135.06,186.25,USD,1.379,2025-09-07 18:18:00,4814,Telecom Services,TXC-004,EMP004,Alice Chen,Finance,EMP002,4,APPROVED,,,,,,,https://receipts.brim.example/002610.pdf,,True
TXN-001613,****-****-****-4007,ULTRAMAR 55,75.66,104.34,USD,1.379,2025-09-07 18:23:00,5541,Service Stations,TXC-007,EMP007,Carol White,Finance,EMP004,2,APPROVED,,,,,,,https://receipts.brim.example/001613.pdf,,True
TXN-003772,****-****-****-4002,WENDYS 7781,7.42,10.23,USD,1.379,2025-09-07 18:41:00,5812,Eating Places & Restaurants,TXC-002,EMP002,Priya Nair,Finance,EMP001,5,APPROVED,,,,,,,https://receipts.brim.example/003772.pdf,,True
TXN-000365,****-****-****-4009,MICROSOFT 365,120.65,166.38,USD,1.379,2025-09-07 19:08:00,4814,Telecom Services,TXC-009,EMP009,Grace Lee,Operations,EMP008,3,APPROVED,,,,,,,https://receipts.brim.example/000365.pdf,,True
TXN-002293,****-****-****-4009,FLYING J #771,45.87,63.25,USD,1.379,2025-09-07 19:11:00,5541,Service Stations,TXC-009,EMP009,Grace Lee,Operations,EMP008,3,APPROVED,,,,,,,https://receipts.brim.example/002293.pdf,,True
TXN-002690,****-****-****-4003,ROGERS WIRELESS,142.72,196.81,USD,1.379,2025-09-07 21:32:00,5734,Computer Software Stores,TXC-003,EMP003,Marcus Webb,Operations,EMP001,5,APPROVED,,,,,,,https://receipts.brim.example/002690.pdf,,True
TXN-001906,****-****-****-4003,BEST WESTERN 71,228.28,314.8,USD,1.379,2025-09-08 08:20:00,7011,"Hotels, Motels & Resorts",TXC-003,EMP003,Marcus Webb,Operations,EMP001,5,APPROVED,,,,,,,https://receipts.brim.example/001906.pdf,TRIP-0127,True
TXN-000453,****-****-****-4004,KAL TIRE 9,117.92,162.61,USD,1.379,2025-09-08 09:20:00,7531,Auto Body Repair Shops,TXC-004,EMP004,Alice Chen,Finance,EMP002,4,APPROVED,,,,,,,https://receipts.brim.example/000453.pdf,,True
TXN-003274,****-****-****-4001,ULTRAMAR 55,32.7,45.09,USD,1.379,2025-09-08 10:15:00,5541,Service Stations,TXC-001,EMP001,Olivia Reyes,Executive,,6,APPROVED,,,,,,,https://receipts.brim.example/003274.pdf,,True
TXN-000804,****-****-****-4003,DAYS INN 209,111.95,154.38,USD,1.379,2025-09-08 10:16:00,7011,"Hotels, Motels & Resorts",TXC-003,EMP003,Marcus Webb,Operations,EMP001,5,APPROVED,,,,,,,https://receipts.brim.example/000804.pdf,TRIP-0044,True
TXN-003412,****-****-****-4002,PILOT TRAVEL 209,31.44,43.36,USD,1.379,2025-09-08 10:45:00,5172,Petroleum & Petroleum Products,TXC-002,EMP002,Priya Nair,Finance,EMP001,5,APPROVED,,,,,,,https://receipts.brim.example/003412.pdf,,True
TXN-002586,****-****-****-4009,PILOT TRAVEL 209,26.71,36.83,USD,1.379,2025-09-08 12:01:00,5541,Service Stations,TXC-009,EMP009,Grace Lee,Operations,EMP008,3,APPROVED,,,,,,,https://receipts.brim.example/002586.pdf,,True
TXN-003210,****-****-****-4007,FLYING J #771,42.29,58.32,USD,1.379,2025-09-08 13:10:00,5172,Petroleum & Petroleum Products,TXC-007,EMP007,Carol White,Finance,EMP004,2,APPROVED,,,,,,,https://receipts.brim.example/003210.pdf,,True
TXN-001909,****-****-****-4003,PETRO-CANADA 8821,125.78,173.45,USD,1.379,2025-09-08 13:19:00,5541,Service Stations,TXC-003,EMP003,Marcus Webb,Operations,EMP001,5,APPROVED,,,,,,,https://receipts.brim.example/001909.pdf,TRIP-0127,True
TXN-001546,****-****-****-4004,STAPLES #112,16.02,22.09,USD,1.379,2025-09-08 13:49:00,5943,Stationery & Writing Supplies,TXC-004,EMP004,Alice Chen,Finance,EMP002,4,APPROVED,,,,,,,https://receipts.brim.example/001546.pdf,,True
TXN-003851,****-****-****-4007,A&W STORE 551,55.04,75.9,USD,1.379,2025-09-08 14:19:00,5814,Fast Food Restaurants,TXC-007,EMP007,Carol White,Finance,EMP004,2,APPROVED,,,,,,,https://receipts.brim.example/003851.pdf,,True
TXN-001359,****-****-****-4001,ROGERS WIRELESS,33.36,46.0,USD,1.379,2025-09-08 14:53:00,4814,Telecom Services,TXC-001,EMP001,Olivia Reyes,Executive,,6,APPROVED,,,,,,,https://receipts.brim.example/001359.pdf,,True
TXN-001301,****-****-****-4008,FLYING J #771,28.07,38.71,USD,1.379,2025-09-08 15:01:00,5541,Service Stations,TXC-008,EMP008,Eric Tran,Operations,EMP003,4,APPROVED,,,,,,,https://receipts.brim.example/001301.pdf,,True
TXN-002541,****-****-****-4004,ULTRAMAR 55,23.02,31.74,USD,1.379,2025-09-08 17:22:00,5541,Service Stations,TXC-004,EMP004,Alice Chen,Finance,EMP002,4,APPROVED,,,,,,,https://receipts.brim.example/002541.pdf,,True
TXN-001022,****-****-****-4009,ULTRAMAR 55,47.37,65.32,USD,1.379,2025-09-08 17:42:00,5172,Petroleum & Petroleum Products,TXC-009,EMP009,Grace Lee,Operations,EMP008,3,APPROVED,,,,,,,https://receipts.brim.example/001022.pdf,,True
TXN-003640,****-****-****-4008,FLYING J #771,55.09,75.97,USD,1.379,2025-09-08 19:25:00,5172,Petroleum & Petroleum Products,TXC-008,EMP008,Eric Tran,Operations,EMP003,4,APPROVED,,,,,,,https://receipts.brim.example/003640.pdf,,True
TXN-003426,****-****-****-4008,ULTRAMAR 55,47.28,65.2,USD,1.379,2025-09-08 20:26:00,5541,Service Stations,TXC-008,EMP008,Eric Tran,Operations,EMP003,4,APPROVED,,,,,,,https://receipts.brim.example/003426.pdf,,True
TXN-001759,****-****-****-4003,FLYING J #771,67.02,92.42,USD,1.379,2025-09-08 20:36:00,5172,Petroleum & Petroleum Products,TXC-003,EMP003,Marcus Webb,Operations,EMP001,5,APPROVED,,,,,,,https://receipts.brim.example/001759.pdf,,True
TXN-003529,****-****-****-4008,MCDONALDS DT QPS,49.43,68.16,USD,1.379,2025-09-08 21:42:00,5814,Fast Food Restaurants,TXC-008,EMP008,Eric Tran,Operations,EMP003,4,APPROVED,,,,,,,https://receipts.brim.example/003529.pdf,,True
TXN-000805,****-****-****-4003,TIM HORTONS #882,15.99,22.05,USD,1.379,2025-09-09 05:53:00,5814,Fast Food Restaurants,TXC-003,EMP003,Marcus Webb,Operations,EMP001,5,APPROVED,,,,,,,https://receipts.brim.example/000805.pdf,TRIP-0044,True
TXN-001424,****-****-****-4009,PETRO-CANADA 8821,66.49,91.69,USD,1.379,2025-09-09 09:23:00,5172,Petroleum & Petroleum Products,TXC-009,EMP009,Grace Lee,Operations,EMP008,3,APPROVED,,,,,,,,,True
TXN-000212,****-****-****-4009,GRAND & TOY 5,129.25,178.24,USD,1.379,2025-09-09 09:41:00,5111,Stationery & Office Supplies,TXC-009,EMP009,Grace Lee,Operations,EMP008,3,APPROVED,,,,,,,https://receipts.brim.example/000212.pdf,,True
TXN-004147,****-****-****-4004,QUICK FUEL STOP,23.73,32.72,USD,1.379,2025-09-09 10:36:00,5541,Service Stations,TXC-004,EMP004,Alice Chen,Finance,EMP002,4,APPROVED,,,,,,,https://receipts.brim.example/004147.pdf,,True
TXN-002466,****-****-****-4005,MCDONALDS DT QPS,101.18,139.53,USD,1.379,2025-09-09 10:48:00,5814,Fast Food Restaurants,TXC-005,EMP005,Dana Park,Finance,EMP002,3,APPROVED,,,,,,,,,True
TXN-000760,****-****-****-4004,PRECISE PARKLINK,5.8,8.0,USD,1.379,2025-09-09 11:28:00,4131,Bus Lines / Tolls,TXC-004,EMP004,Alice Chen,Finance,EMP002,4,APPROVED,,,,,,,https://receipts.brim.example/000760.pdf,,True
TXN-004016,****-****-****-4009,A&W STORE 551,3.56,4.91,USD,1.379,2025-09-09 12:38:00,5812,Eating Places & Restaurants,TXC-009,EMP009,Grace Lee,Operations,EMP008,3,APPROVED,,,,,,,https://receipts.brim.example/004016.pdf,,True
TXN-003044,****-****-****-4008,PRECISE PARKLINK,35.2,48.54,USD,1.379,2025-09-09 13:39:00,7523,Parking Lots & Garages,TXC-008,EMP008,Eric Tran,Operations,EMP003,4,APPROVED,,,,,,,https://receipts.brim.example/003044.pdf,,True
TXN-002094,****-****-****-4003,407 ETR TOLL,9.15,12.62,USD,1.379,2025-09-09 13:45:00,7523,Parking Lots & Garages,TXC-003,EMP003,Marcus Webb,Operations,EMP001,5,APPROVED,,,,,,,https://receipts.brim.example/002094.pdf,,True
TXN-001670,****-****-****-4009,407 ETR TOLL,13.35,18.41,USD,1.379,2025-09-09 14:04:00,4131,Bus Lines / Tolls,TXC-009,EMP009,Grace Lee,Operations,EMP008,3,APPROVED,,,,,,,https://receipts.brim.example/001670.pdf,,True
TXN-000967,****-****-****-4003,GRAND & TOY 5,128.04,176.57,USD,1.379,2025-09-09 14:31:00,5943,Stationery & Writing Supplies,TXC-003,EMP003,Marcus Webb,Operations,EMP001,5,APPROVED,,,,,,,https://receipts.brim.example/000967.pdf,,True
TXN-003619,****-****-****-4009,A&W STORE 551,32.56,44.9,USD,1.379,2025-09-09 14:37:00,5814,Fast Food Restaurants,TXC-009,EMP009,Grace Lee,Operations,EMP008,3,APPROVED,,,,,,,https://receipts.brim.example/003619.pdf,,True
TXN-003170,****-****-****-4007,QUICK FUEL STOP,54.16,74.69,USD,1.379,2025-09-09 14:43:00,5172,Petroleum & Petroleum Products,TXC-007,EMP007,Carol White,Finance,EMP004,2,APPROVED,,,,,,,,,True
TXN-002967,****-****-****-4008,407 ETR TOLL,10.1,13.93,USD,1.379,2025-09-09 15:03:00,7523,Parking Lots & Garages,TXC-008,EMP008,Eric Tran,Operations,EMP003,4,APPROVED,,,,,,,https://receipts.brim.example/002967.pdf,,True
TXN-001113,****-****-****-4009,TIM HORTONS #882,11.12,15.33,USD,1.379,2025-09-09 17:09:00,5812,Eating Places & Restaurants,TXC-009,EMP009,Grace Lee,Operations,EMP008,3,APPROVED,,,,,,,https://receipts.brim.example/001113.pdf,TRIP-0073,True
TXN-002143,****-****-****-4008,STAPLES #112,22.71,31.32,USD,1.379,2025-09-09 17:38:00,5111,Stationery & Office Supplies,TXC-008,EMP008,Eric Tran,Operations,EMP003,4,APPROVED,,,,,,,https://receipts.brim.example/002143.pdf,,True
TXN-001665,****-****-****-4009,KAL TIRE 9,248.3,342.41,USD,1.379,2025-09-09 18:23:00,7538,Automotive Service Shops,TXC-009,EMP009,Grace Lee,Operations,EMP008,3,APPROVED,,,,,,,https://receipts.brim.example/001665.pdf,,True
TXN-001337,****-****-****-4004,MIDAS AUTO 21,172.4,237.74,USD,1.379,2025-09-09 18:41:00,7538,Automotive Service Shops,TXC-004,EMP004,Alice Chen,Finance,EMP002,4,PENDING,,,,,,,https://receipts.brim.example/001337.pdf,,False
TXN-003029,****-****-****-4009,MCDONALDS DT QPS,31.27,43.12,USD,1.379,2025-09-09 20:26:00,5814,Fast Food Restaurants,TXC-009,EMP009,Grace Lee,Operations,EMP008,3,APPROVED,,,,,,,https://receipts.brim.example/003029.pdf,,True
TXN-003334,****-****-****-4004,HOLIDAY INN EXPRESS,143.6,198.02,USD,1.379,2025-09-09 21:20:00,7011,"Hotels, Motels & Resorts",TXC-004,EMP004,Alice Chen,Finance,EMP002,4,APPROVED,,,,,,,https://receipts.brim.example/003334.pdf,,True
TXN-004043,****-****-****-4009,SHELL DT #4421,52.02,71.74,USD,1.379,2025-09-09 21:57:00,5172,Petroleum & Petroleum Products,TXC-009,EMP009,Grace Lee,Operations,EMP008,3,APPROVED,,,,,,,https://receipts.brim.example/004043.pdf,,True
TXN-002048,****-****-****-4009,SHELL DT #4421,44.85,61.85,USD,1.379,2025-09-10 04:40:00,5172,Petroleum & Petroleum Products,TXC-009,EMP009,Grace Lee,Operations,EMP008,3,APPROVED,,,,,,,https://receipts.brim.example/002048.pdf,TRIP-0140,True
TXN-000806,****-****-****-4003,WENDYS 7781,23.65,32.61,USD,1.379,2025-09-10 08:16:00,5812,Eating Places & Restaurants,TXC-003,EMP003,Marcus Webb,Operations,EMP001,5,APPROVED,,,,,,,https://receipts.brim.example/000806.pdf,TRIP-0044,True
TXN-001578,****-****-****-4008,IMPARK LOT 88,15.13,20.86,USD,1.379,2025-09-10 08:39:00,7523,Parking Lots & Garages,TXC-008,EMP008,Eric Tran,Operations,EMP003,4,APPROVED,,,,,,,https://receipts.brim.example/001578.pdf,,True
TXN-003892,****-****-****-4009,CANADIAN TIRE 445,232.34,320.4,USD,1.379,2025-09-10 08:43:00,7531,Auto Body Repair Shops,TXC-009,EMP009,Grace Lee,Operations,EMP008,3,PENDING,,,,,,,https://receipts.brim.example/003892.pdf,,False
TXN-004286,****-****-****-4008,PRECISE PARKLINK,13.84,19.09,USD,1.379,2025-09-10 09:38:00,7523,Parking Lots & Garages,TXC-008,EMP008,Eric Tran,Operations,EMP003,4,APPROVED,,,,,,,https://receipts.brim.example/004286.pdf,,True
TXN-000807,****-****-****-4003,ROADSIDE GRILL CO,83.26,114.82,USD,1.379,2025-09-10 10:21:00,5812,Eating Places & Restaurants,TXC-003,EMP003,Marcus Webb,Operations,EMP001,5,APPROVED,,,,,,,https://receipts.brim.example/000807.pdf,TRIP-0044,True
TXN-001285,****-****-****-4008,SHELL DT #4421,51.43,70.92,USD,1.379,2025-09-10 11:49:00,5172,Petroleum & Petroleum Products,TXC-008,EMP008,Eric Tran,Operations,EMP003,4,PENDING,,,,,,,https://receipts.brim.example/001285.pdf,,False
TXN-003688,****-****-****-4008,BEST WESTERN 71,64.47,88.9,USD,1.379,2025-09-10 14:00:00,7011,"Hotels, Motels & Resorts",TXC-008,EMP008,Eric Tran,Operations,EMP003,4,APPROVED,,,,,,,https://receipts.brim.example/003688.pdf,,True
TXN-001425,****-****-****-4009,GREEN P PARKING,14.91,20.56,USD,1.379,2025-09-10 14:09:00,7523,Parking Lots & Garages,TXC-009,EMP009,Grace Lee,Operations,EMP008,3,APPROVED,,,,,,,https://receipts.brim.example/001425.pdf,,True
TXN-003459,****-****-****-4008,ROADSIDE GRILL CO,11.3,15.58,USD,1.379,2025-09-10 14:25:00,5814,Fast Food Restaurants,TXC-008,EMP008,Eric Tran,Operations,EMP003,4,APPROVED,,,,,,,https://receipts.brim.example/003459.pdf,,True
TXN-000269,****-****-****-4009,PETRO-CANADA 8821,80.21,110.61,USD,1.379,2025-09-10 15:30:00,5172,Petroleum & Petroleum Products,TXC-009,EMP009,Grace Lee,Operations,EMP008,3,APPROVED,,,,,,,https://receipts.brim.example/000269.pdf,,True
TXN-003098,****-****-****-4009,HOME DEPOT 88,176.12,242.87,USD,1.379,2025-09-10 15:51:00,5045,Computers & Peripherals,TXC-009,EMP009,Grace Lee,Operations,EMP008,3,APPROVED,,,,,,,https://receipts.brim.example/003098.pdf,,True
TXN-002238,****-****-****-4009,IMPARK LOT 88,13.78,19.0,USD,1.379,2025-09-10 15:55:00,4131,Bus Lines / Tolls,TXC-009,EMP009,Grace Lee,Operations,EMP008,3,APPROVED,,,,,,,https://receipts.brim.example/002238.pdf,,True
TXN-004197,****-****-****-4004,AMAZON MKTPLACE,13.46,18.56,USD,1.379,2025-09-10 16:43:00,5111,Stationery & Office Supplies,TXC-004,EMP004,Alice Chen,Finance,EMP002,4,APPROVED,,,,,,,https://receipts.brim.example/004197.pdf,,True
TXN-001712,****-****-****-4002,SHELL DT #4421,56.14,77.42,USD,1.379,2025-09-10 17:05:00,5541,Service Stations,TXC-002,EMP002,Priya Nair,Finance,EMP001,5,PENDING,,,,,,,https://receipts.brim.example/001712.pdf,,False
TXN-002308,****-****-****-4004,GOOGLE WORKSPACE,46.97,64.77,USD,1.379,2025-09-10 17:34:00,5734,Computer Software Stores,TXC-004,EMP004,Alice Chen,Finance,EMP002,4,APPROVED,,,,,,,https://receipts.brim.example/002308.pdf,,True
TXN-001364,****-****-****-4003,MCDONALDS DT QPS,26.22,36.16,USD,1.379,2025-09-10 20:05:00,5814,Fast Food Restaurants,TXC-003,EMP003,Marcus Webb,Operations,EMP001,5,APPROVED,,,,,,,https://receipts.brim.example/001364.pdf,,True
TXN-002824,****-****-****-4001,A&W STORE 551,42.95,59.23,USD,1.379,2025-09-10 20:11:00,5814,Fast Food Restaurants,TXC-001,EMP001,Olivia Reyes,Executive,,6,APPROVED,,,,,,,https://receipts.brim.example/002824.pdf,,True
TXN-002772,****-****-****-4007,ROADSIDE GRILL CO,37.67,51.95,USD,1.379,2025-09-10 21:05:00,5814,Fast Food Restaurants,TXC-007,EMP007,Carol White,Finance,EMP004,2,APPROVED,,,,,,,https://receipts.brim.example/002772.pdf,,True
TXN-001815,****-****-****-4003,TIM HORTONS #882,29.28,40.38,USD,1.379,2025-09-11 07:00:00,5814,Fast Food Restaurants,TXC-003,EMP003,Marcus Webb,Operations,EMP001,5,APPROVED,,,,,,,https://receipts.brim.example/001815.pdf,,True
TXN-002047,****-****-****-4009,COMFORT INN 442,56.27,77.6,USD,1.379,2025-09-11 07:01:00,7011,"Hotels, Motels & Resorts",TXC-009,EMP009,Grace Lee,Operations,EMP008,3,APPROVED,,,,,,,https://receipts.brim.example/002047.pdf,TRIP-0140,True
TXN-001632,****-****-****-4009,FLYING J #771,29.88,41.2,USD,1.379,2025-09-11 08:33:00,5172,Petroleum & Petroleum Products,TXC-009,EMP009,Grace Lee,Operations,EMP008,3,APPROVED,,,,,,,https://receipts.brim.example/001632.pdf,,True
TXN-003290,****-****-****-4008,FLYING J #771,55.3,76.26,USD,1.379,2025-09-11 08:57:00,5172,Petroleum & Petroleum Products,TXC-008,EMP008,Eric Tran,Operations,EMP003,4,APPROVED,,,,,,,,,True
TXN-000884,****-****-****-4004,BOSTON PIZZA 12,36.13,49.82,USD,1.379,2025-09-11 09:27:00,5812,Eating Places & Restaurants,TXC-004,EMP004,Alice Chen,Finance,EMP002,4,APPROVED,,,,,,,https://receipts.brim.example/000884.pdf,,True
TXN-004188,****-****-****-4008,IMPARK LOT 88,20.95,28.89,USD,1.379,2025-09-11 10:00:00,4131,Bus Lines / Tolls,TXC-008,EMP008,Eric Tran,Operations,EMP003,4,APPROVED,,,,,,,https://receipts.brim.example/004188.pdf,,True
TXN-003794,****-****-****-4007,IMPARK LOT 88,4.94,6.81,USD,1.379,2025-09-11 11:50:00,4131,Bus Lines / Tolls,TXC-007,EMP007,Carol White,Finance,EMP004,2,APPROVED,,,,,,,https://receipts.brim.example/003794.pdf,,True
TXN-003955,****-****-****-4008,ESSO RETAIL 113,36.2,49.92,USD,1.379,2025-09-11 13:09:00,5541,Service Stations,TXC-008,EMP008,Eric Tran,Operations,EMP003,4,APPROVED,,,,,,,https://receipts.brim.example/003955.pdf,,True
TXN-002207,****-****-****-4008,MCDONALDS DT QPS,33.62,46.36,USD,1.379,2025-09-11 14:04:00,5812,Eating Places & Restaurants,TXC-008,EMP008,Eric Tran,Operations,EMP003,4,APPROVED,,,,,,,https://receipts.brim.example/002207.pdf,,True
TXN-001417,****-****-****-4004,PETRO-CANADA 8821,74.74,103.07,USD,1.379,2025-09-11 14:14:00,5172,Petroleum & Petroleum Products,TXC-004,EMP004,Alice Chen,Finance,EMP002,4,APPROVED,,,,,,,https://receipts.brim.example/001417.pdf,,True
TXN-001725,****-****-****-4009,QUICK FUEL STOP,59.82,82.49,USD,1.379,2025-09-11 15:11:00,5541,Service Stations,TXC-009,EMP009,Grace Lee,Operations,EMP008,3,APPROVED,,,,,,,https://receipts.brim.example/001725.pdf,,True
TXN-001112,****-****-****-4009,COMFORT INN 442,224.44,309.5,USD,1.379,2025-09-11 15:33:00,7011,"Hotels, Motels & Resorts",TXC-009,EMP009,Grace Lee,Operations,EMP008,3,PENDING,,,,,,,https://receipts.brim.example/001112.pdf,TRIP-0073,False
TXN-001562,****-****-****-4007,MICROSOFT 365,140.09,193.18,USD,1.379,2025-09-11 17:00:00,5734,Computer Software Stores,TXC-007,EMP007,Carol White,Finance,EMP004,2,APPROVED,,,,,,,,,True
TXN-001180,****-****-****-4005,PILOT TRAVEL 209,171.63,236.68,USD,1.379,2025-09-11 18:33:00,5172,Petroleum & Petroleum Products,TXC-005,EMP005,Dana Park,Finance,EMP002,3,APPROVED,,,,,,,https://receipts.brim.example/001180.pdf,TRIP-0079,True
TXN-003069,****-****-****-4008,WENDYS 7781,20.38,28.1,USD,1.379,2025-09-11 19:32:00,5812,Eating Places & Restaurants,TXC-008,EMP008,Eric Tran,Operations,EMP003,4,APPROVED,,,,,,,https://receipts.brim.example/003069.pdf,,True
TXN-002579,****-****-****-4007,PILOT TRAVEL 209,92.44,127.47,USD,1.379,2025-09-11 20:16:00,5172,Petroleum & Petroleum Products,TXC-007,EMP007,Carol White,Finance,EMP004,2,APPROVED,,,,,,,https://receipts.brim.example/002579.pdf,TRIP-0168,True
TXN-000118,****-****-****-4009,PRECISE PARKLINK,29.05,40.06,USD,1.379,2025-09-11 20:39:00,7523,Parking Lots & Garages,TXC-009,EMP009,Grace Lee,Operations,EMP008,3,APPROVED,,,,,,,https://receipts.brim.example/000118.pdf,,True
TXN-001182,****-****-****-4005,FLYING J #771,72.27,99.66,USD,1.379,2025-09-11 21:24:00,5541,Service Stations,TXC-005,EMP005,Dana Park,Finance,EMP002,3,APPROVED,,,,,,,,TRIP-0079,True
TXN-003549,****-****-****-4004,COSTCO WHSE 44,83.29,114.86,USD,1.379,2025-09-11 21:35:00,5300,Wholesale Clubs,TXC-004,EMP004,Alice Chen,Finance,EMP002,4,PENDING,,,,,,,https://receipts.brim.example/003549.pdf,,False
TXN-002392,****-****-****-4008,MCDONALDS DT QPS,17.34,23.91,USD,1.379,2025-09-11 22:00:00,5812,Eating Places & Restaurants,TXC-008,EMP008,Eric Tran,Operations,EMP003,4,APPROVED,,,,,,,https://receipts.brim.example/002392.pdf,,True
TXN-004023,****-****-****-4006,SUPER 8 MOTEL,90.74,125.13,USD,1.379,2025-09-12 07:22:00,7011,"Hotels, Motels & Resorts",TXC-006,EMP006,Bob Kumar,Finance,EMP004,2,APPROVED,,,,,,,,TRIP-0273,True
TXN-002087,****-****-****-4007,GRAND & TOY 5,76.12,104.97,USD,1.379,2025-09-12 07:35:00,5111,Stationery & Office Supplies,TXC-007,EMP007,Carol White,Finance,EMP004,2,PENDING,,,,,,,https://receipts.brim.example/002087.pdf,,False
TXN-001484,****-****-****-4002,GREEN P PARKING,26.4,36.41,USD,1.379,2025-09-12 08:42:00,4131,Bus Lines / Tolls,TXC-002,EMP002,Priya Nair,Finance,EMP001,5,APPROVED,,,,,,,https://receipts.brim.example/001484.pdf,,True
TXN-004024,****-****-****-4006,SHELL DT #4421,22.5,31.03,USD,1.379,2025-09-12 09:19:00,5172,Petroleum & Petroleum Products,TXC-006,EMP006,Bob Kumar,Finance,EMP004,2,APPROVED,,,,,,,https://receipts.brim.example/004024.pdf,TRIP-0273,True
TXN-000261,****-****-****-4009,ROADSIDE GRILL CO,15.2,20.96,USD,1.379,2025-09-12 09:45:00,5814,Fast Food Restaurants,TXC-009,EMP009,Grace Lee,Operations,EMP008,3,APPROVED,,,,,,,https://receipts.brim.example/000261.pdf,,True
TXN-001296,****-****-****-4002,SHELL DT #4421,17.48,24.1,USD,1.379,2025-09-12 10:22:00,5172,Petroleum & Petroleum Products,TXC-002,EMP002,Priya Nair,Finance,EMP001,5,APPROVED,,,,,,,https://receipts.brim.example/001296.pdf,,True
TXN-004124,****-****-****-4007,MCDONALDS DT QPS,36.46,50.28,USD,1.379,2025-09-12 11:35:00,5812,Eating Places & Restaurants,TXC-007,EMP007,Carol White,Finance,EMP004,2,APPROVED,,,,,,,https://receipts.brim.example/004124.pdf,,True
TXN-001115,****-****-****-4009,FLYING J #771,39.78,54.86,USD,1.379,2025-09-12 12:09:00,5172,Petroleum & Petroleum Products,TXC-009,EMP009,Grace Lee,Operations,EMP008,3,APPROVED,,,,,,,https://receipts.brim.example/001115.pdf,TRIP-0073,True
TXN-000718,****-****-****-4003,FLYING J #771,37.71,52.0,USD,1.379,2025-09-12 14:29:00,5541,Service Stations,TXC-003,EMP003,Marcus Webb,Operations,EMP001,5,APPROVED,,,,,,,https://receipts.brim.example/000718.pdf,,True
TXN-003550,****-****-****-4008,IMPARK LOT 88,3.14,4.33,USD,1.379,2025-09-12 15:12:00,4131,Bus Lines / Tolls,TXC-008,EMP008,Eric Tran,Operations,EMP003,4,APPROVED,,,,,,,https://receipts.brim.example/003550.pdf,,True
TXN-003933,****-****-****-4004,TIM HORTONS #882,15.07,20.78,USD,1.379,2025-09-12 16:44:00,5814,Fast Food Restaurants,TXC-004,EMP004,Alice Chen,Finance,EMP002,4,APPROVED,,,,,,,https://receipts.brim.example/003933.pdf,,True
TXN-001843,****-****-****-4009,STAPLES #112,102.33,141.11,USD,1.379,2025-09-12 16:49:00,5111,Stationery & Office Supplies,TXC-009,EMP009,Grace Lee,Operations,EMP008,3,APPROVED,,,,,,,https://receipts.brim.example/001843.pdf,,True
TXN-002199,****-****-****-4001,SUBWAY 40021,9.64,13.29,USD,1.379,2025-09-12 18:18:00,5814,Fast Food Restaurants,TXC-001,EMP001,Olivia Reyes,Executive,,6,APPROVED,,,,,,,https://receipts.brim.example/002199.pdf,,True
TXN-002961,****-****-****-4008,PILOT TRAVEL 209,93.39,128.78,USD,1.379,2025-09-12 18:50:00,5541,Service Stations,TXC-008,EMP008,Eric Tran,Operations,EMP003,4,APPROVED,,,,,,,https://receipts.brim.example/002961.pdf,,True
TXN-002790,****-****-****-4007,ESSO RETAIL 113,142.06,195.9,USD,1.379,2025-09-12 19:17:00,5172,Petroleum & Petroleum Products,TXC-007,EMP007,Carol White,Finance,EMP004,2,APPROVED,,,,,,,https://receipts.brim.example/002790.pdf,,True
TXN-000532,****-****-****-4009,IMPARK LOT 88,22.34,30.81,USD,1.379,2025-09-12 19:21:00,4131,Bus Lines / Tolls,TXC-009,EMP009,Grace Lee,Operations,EMP008,3,APPROVED,,,,,,,https://receipts.brim.example/000532.pdf,,True
TXN-001183,****-****-****-4008,ESSO RETAIL 113,120.74,166.5,USD,1.379,2025-09-12 19:53:00,5541,Service Stations,TXC-008,EMP008,Eric Tran,Operations,EMP003,4,APPROVED,,,,,,,,,True
TXN-003988,****-****-****-4004,PILOT TRAVEL 209,39.89,55.01,USD,1.379,2025-09-12 20:03:00,5541,Service Stations,TXC-004,EMP004,Alice Chen,Finance,EMP002,4,APPROVED,,,,,,,https://receipts.brim.example/003988.pdf,,True
TXN-000505,****-****-****-4008,ESSO RETAIL 113,79.86,110.13,USD,1.379,2025-09-12 20:11:00,5541,Service Stations,TXC-008,EMP008,Eric Tran,Operations,EMP003,4,APPROVED,,,,,,,https://receipts.brim.example/000505.pdf,,True
TXN-003400,****-****-****-4001,TIM HORTONS #882,58.92,81.25,USD,1.379,2025-09-12 20:16:00,5812,Eating Places & Restaurants,TXC-001,EMP001,Olivia Reyes,Executive,,6,APPROVED,,,,,,,https://receipts.brim.example/003400.pdf,,True
TXN-000822,****-****-****-4008,TIM HORTONS #882,8.49,11.71,USD,1.379,2025-09-13 07:50:00,5814,Fast Food Restaurants,TXC-008,EMP008,Eric Tran,Operations,EMP003,4,APPROVED,,,,,,,https://receipts.brim.example/000822.pdf,,True
TXN-000869,****-****-****-4006,ROADSIDE GRILL CO,23.1,31.85,USD,1.379,2025-09-13 08:27:00,5814,Fast Food Restaurants,TXC-006,EMP006,Bob Kumar,Finance,EMP004,2,APPROVED,,,,,,,https://receipts.brim.example/000869.pdf,,True
TXN-001917,****-****-****-4002,FLYING J #771,119.57,164.89,USD,1.379,2025-09-13 08:48:00,5541,Service Stations,TXC-002,EMP002,Priya Nair,Finance,EMP001,5,APPROVED,,,,,,,https://receipts.brim.example/001917.pdf,,True
TXN-003320,****-****-****-4003,ROADSIDE GRILL CO,44.41,61.24,USD,1.379,2025-09-13 11:50:00,5812,Eating Places & Restaurants,TXC-003,EMP003,Marcus Webb,Operations,EMP001,5,APPROVED,,,,,,,https://receipts.brim.example/003320.pdf,,True
TXN-002903,****-****-****-4007,ULTRAMAR 55,91.27,125.86,USD,1.379,2025-09-13 12:03:00,5172,Petroleum & Petroleum Products,TXC-007,EMP007,Carol White,Finance,EMP004,2,APPROVED,,,,,,,https://receipts.brim.example/002903.pdf,,True
TXN-002061,****-****-****-4008,PETRO-CANADA 8821,58.96,81.31,USD,1.379,2025-09-13 13:34:00,5541,Service Stations,TXC-008,EMP008,Eric Tran,Operations,EMP003,4,APPROVED,,,,,,,https://receipts.brim.example/002061.pdf,,True
TXN-001675,****-****-****-4004,SHELL DT #4421,90.25,124.45,USD,1.379,2025-09-13 13:40:00,5172,Petroleum & Petroleum Products,TXC-004,EMP004,Alice Chen,Finance,EMP002,4,PENDING,,,,,,,https://receipts.brim.example/001675.pdf,,False
TXN-003959,****-****-****-4004,PILOT TRAVEL 209,54.4,75.02,USD,1.379,2025-09-13 14:22:00,5172,Petroleum & Petroleum Products,TXC-004,EMP004,Alice Chen,Finance,EMP002,4,APPROVED,,,,,,,,,True
TXN-001181,****-****-****-4005,PETRO-CANADA 8821,59.81,82.48,USD,1.379,2025-09-13 16:35:00,5541,Service Stations,TXC-005,EMP005,Dana Park,Finance,EMP002,3,APPROVED,,,,,,,https://receipts.brim.example/001181.pdf,TRIP-0079,True
TXN-001138,****-****-****-4009,ROADSIDE GRILL CO,34.53,47.62,USD,1.379,2025-09-13 16:45:00,5814,Fast Food Restaurants,TXC-009,EMP009,Grace Lee,Operations,EMP008,3,APPROVED,,,,,,,https://receipts.brim.example/001138.pdf,,True
TXN-000455,****-****-****-4002,FLYING J #771,25.34,34.94,USD,1.379,2025-09-13 16:50:00,5541,Service Stations,TXC-002,EMP002,Priya Nair,Finance,EMP001,5,APPROVED,,,,,,,https://receipts.brim.example/000455.pdf,,True
TXN-000263,****-****-****-4007,TIM HORTONS #882,30.07,41.47,USD,1.379,2025-09-13 18:14:00,5814,Fast Food Restaurants,TXC-007,EMP007,Carol White,Finance,EMP004,2,APPROVED,,,,,,,https://receipts.brim.example/000263.pdf,,True
TXN-001114,****-****-****-4009,SHELL DT #4421,86.7,119.56,USD,1.379,2025-09-13 19:02:00,5172,Petroleum & Petroleum Products,TXC-009,EMP009,Grace Lee,Operations,EMP008,3,APPROVED,,,,,,,https://receipts.brim.example/001114.pdf,TRIP-0073,True
TXN-002578,****-****-****-4007,COMFORT INN 442,171.85,236.98,USD,1.379,2025-09-13 19:14:00,7011,"Hotels, Motels & Resorts",TXC-007,EMP007,Carol White,Finance,EMP004,2,APPROVED,,,,,,,https://receipts.brim.example/002578.pdf,TRIP-0168,True
TXN-001179,****-****-****-4005,HOLIDAY INN EXPRESS,184.27,254.11,USD,1.379,2025-09-13 20:24:00,7011,"Hotels, Motels & Resorts",TXC-005,EMP005,Dana Park,Finance,EMP002,3,APPROVED,,,,,,,https://receipts.brim.example/001179.pdf,TRIP-0079,True
TXN-000972,****-****-****-4009,BEST WESTERN 71,104.64,144.3,USD,1.379,2025-09-14 07:15:00,7011,"Hotels, Motels & Resorts",TXC-009,EMP009,Grace Lee,Operations,EMP008,3,PENDING,,,,,,,https://receipts.brim.example/000972.pdf,,False
TXN-001350,****-****-****-4008,PILOT TRAVEL 209,65.1,89.77,USD,1.379,2025-09-14 08:26:00,5541,Service Stations,TXC-008,EMP008,Eric Tran,Operations,EMP003,4,PENDING,,,,,,,https://receipts.brim.example/001350.pdf,,False
TXN-000385,****-****-****-4008,SUBWAY 40021,39.57,54.57,USD,1.379,2025-09-14 09:02:00,5812,Eating Places & Restaurants,TXC-008,EMP008,Eric Tran,Operations,EMP003,4,APPROVED,,,,,,,https://receipts.brim.example/000385.pdf,,True
TXN-002648,****-****-****-4009,PILOT TRAVEL 209,47.75,65.85,USD,1.379,2025-09-14 11:30:00,5172,Petroleum & Petroleum Products,TXC-009,EMP009,Grace Lee,Operations,EMP008,3,APPROVED,,,,,,,https://receipts.brim.example/002648.pdf,,True
TXN-002161,****-****-****-4003,QUICK FUEL STOP,43.77,60.36,USD,1.379,2025-09-14 13:59:00,5541,Service Stations,TXC-003,EMP003,Marcus Webb,Operations,EMP001,5,APPROVED,,,,,,,https://receipts.brim.example/002161.pdf,TRIP-0144,True
TXN-001419,****-****-****-4003,BOSTON PIZZA 12,26.69,36.81,USD,1.379,2025-09-14 15:38:00,5812,Eating Places & Restaurants,TXC-003,EMP003,Marcus Webb,Operations,EMP001,5,APPROVED,,,,,,,https://receipts.brim.example/001419.pdf,,True
TXN-000744,****-****-****-4008,ULTRAMAR 55,28.65,39.51,USD,1.379,2025-09-14 15:48:00,5541,Service Stations,TXC-008,EMP008,Eric Tran,Operations,EMP003,4,APPROVED,,,,,,,https://receipts.brim.example/000744.pdf,TRIP-0040,True
TXN-001977,****-****-****-4009,PETRO-CANADA 8821,162.89,224.63,USD,1.379,2025-09-14 15:49:00,5541,Service Stations,TXC-009,EMP009,Grace Lee,Operations,EMP008,3,APPROVED,,,,,,,https://receipts.brim.example/001977.pdf,,True
TXN-002026,****-****-****-4009,BEST BUY 112,361.07,497.92,USD,1.379,2025-09-14 16:18:00,5045,Computers & Peripherals,TXC-009,EMP009,Grace Lee,Operations,EMP008,3,APPROVED,,,,,,,https://receipts.brim.example/002026.pdf,,True
TXN-000758,****-****-****-4009,QUICK FUEL STOP,74.24,102.38,USD,1.379,2025-09-14 16:29:00,5172,Petroleum & Petroleum Products,TXC-009,EMP009,Grace Lee,Operations,EMP008,3,APPROVED,,,,,,,https://receipts.brim.example/000758.pdf,,True
TXN-002412,****-****-****-4009,QUICK FUEL STOP,25.08,34.59,USD,1.379,2025-09-14 17:08:00,5541,Service Stations,TXC-009,EMP009,Grace Lee,Operations,EMP008,3,APPROVED,,,,,,,https://receipts.brim.example/002412.pdf,,True
TXN-000443,****-****-****-4009,MIDAS AUTO 21,204.69,282.27,USD,1.379,2025-09-14 17:15:00,7531,Auto Body Repair Shops,TXC-009,EMP009,Grace Lee,Operations,EMP008,3,APPROVED,,,,,,,https://receipts.brim.example/000443.pdf,,True
TXN-001745,****-****-****-4007,HOME DEPOT 88,76.41,105.37,USD,1.379,2025-09-14 17:25:00,5045,Computers & Peripherals,TXC-007,EMP007,Carol White,Finance,EMP004,2,APPROVED,,,,,,,https://receipts.brim.example/001745.pdf,,True
TXN-002105,****-****-****-4001,GREEN P PARKING,14.3,19.72,USD,1.379,2025-09-14 17:41:00,7523,Parking Lots & Garages,TXC-001,EMP001,Olivia Reyes,Executive,,6,APPROVED,,,,,,,https://receipts.brim.example/002105.pdf,,True
TXN-002369,****-****-****-4003,PETRO-CANADA 8821,22.21,30.63,USD,1.379,2025-09-14 17:58:00,5541,Service Stations,TXC-003,EMP003,Marcus Webb,Operations,EMP001,5,APPROVED,,,,,,,https://receipts.brim.example/002369.pdf,,True
TXN-001023,****-****-****-4002,FLYING J #771,59.9,82.6,USD,1.379,2025-09-14 18:08:00,5172,Petroleum & Petroleum Products,TXC-002,EMP002,Priya Nair,Finance,EMP001,5,APPROVED,,,,,,,https://receipts.brim.example/001023.pdf,,True
TXN-002169,****-****-****-4007,WENDYS 7781,59.48,82.02,USD,1.379,2025-09-14 21:06:00,5814,Fast Food Restaurants,TXC-007,EMP007,Carol White,Finance,EMP004,2,APPROVED,,,,,,,https://receipts.brim.example/002169.pdf,,True
TXN-003908,****-****-****-4002,407 ETR TOLL,14.64,20.19,USD,1.379,2025-09-15 07:34:00,4131,Bus Lines / Tolls,TXC-002,EMP002,Priya Nair,Finance,EMP001,5,APPROVED,,,,,,,https://receipts.brim.example/003908.pdf,,True
TXN-001948,****-****-****-4009,SUBWAY 40021,25.86,35.66,USD,1.379,2025-09-15 07:48:00,5814,Fast Food Restaurants,TXC-009,EMP009,Grace Lee,Operations,EMP008,3,APPROVED,,,,,,,https://receipts.brim.example/001948.pdf,,True
TXN-002452,****-****-****-4009,BOSTON PIZZA 12,10.93,15.07,USD,1.379,2025-09-15 08:05:00,5814,Fast Food Restaurants,TXC-009,EMP009,Grace Lee,Operations,EMP008,3,APPROVED,,,,,,,https://receipts.brim.example/002452.pdf,,True
TXN-001697,****-****-****-4009,PETRO-CANADA 8821,86.59,119.41,USD,1.379,2025-09-15 08:56:00,5172,Petroleum & Petroleum Products,TXC-009,EMP009,Grace Lee,Operations,EMP008,3,APPROVED,,,,,,,https://receipts.brim.example/001697.pdf,,True
TXN-003730,****-****-****-4008,TIM HORTONS #882,34.11,47.04,USD,1.379,2025-09-15 09:54:00,5812,Eating Places & Restaurants,TXC-008,EMP008,Eric Tran,Operations,EMP003,4,APPROVED,,,,,,,https://receipts.brim.example/003730.pdf,,True
TXN-002528,****-****-****-4004,BOSTON PIZZA 12,27.02,37.26,USD,1.379,2025-09-15 11:21:00,5814,Fast Food Restaurants,TXC-004,EMP004,Alice Chen,Finance,EMP002,4,APPROVED,,,,,,,https://receipts.brim.example/002528.pdf,,True
TXN-000743,****-****-****-4008,HOLIDAY INN EXPRESS,89.22,123.03,USD,1.379,2025-09-15 11:55:00,7011,"Hotels, Motels & Resorts",TXC-008,EMP008,Eric Tran,Operations,EMP003,4,APPROVED,,,,,,,https://receipts.brim.example/000743.pdf,TRIP-0040,True
TXN-000785,****-****-****-4002,SHELL DT #4421,61.89,85.35,USD,1.379,2025-09-15 13:31:00,5172,Petroleum & Petroleum Products,TXC-002,EMP002,Priya Nair,Finance,EMP001,5,APPROVED,,,,,,,https://receipts.brim.example/000785.pdf,,True
TXN-000745,****-****-****-4008,BOSTON PIZZA 12,24.74,34.12,USD,1.379,2025-09-15 14:05:00,5814,Fast Food Restaurants,TXC-008,EMP008,Eric Tran,Operations,EMP003,4,APPROVED,,,,,,,https://receipts.brim.example/000745.pdf,TRIP-0040,True
TXN-001089,****-****-****-4009,SHELL DT #4421,159.32,219.7,USD,1.379,2025-09-15 14:18:00,5172,Petroleum & Petroleum Products,TXC-009,EMP009,Grace Lee,Operations,EMP008,3,APPROVED,,,,,,,https://receipts.brim.example/001089.pdf,,True
TXN-004252,****-****-****-4008,WENDYS 7781,69.81,96.27,USD,1.379,2025-09-15 15:58:00,5814,Fast Food Restaurants,TXC-008,EMP008,Eric Tran,Operations,EMP003,4,APPROVED,,,,,,,https://receipts.brim.example/004252.pdf,,True
TXN-003101,****-****-****-4007,GRAND & TOY 5,23.66,32.63,USD,1.379,2025-09-15 15:59:00,5943,Stationery & Writing Supplies,TXC-007,EMP007,Carol White,Finance,EMP004,2,APPROVED,,,,,,,https://receipts.brim.example/003101.pdf,,True
TXN-004288,****-****-****-4003,IMPARK LOT 88,24.52,33.81,USD,1.379,2025-09-15 17:22:00,7523,Parking Lots & Garages,TXC-003,EMP003,Marcus Webb,Operations,EMP001,5,APPROVED,,,,,,,https://receipts.brim.example/004288.pdf,,True
TXN-003359,****-****-****-4006,GRAND & TOY 5,32.12,44.29,USD,1.379,2025-09-15 17:38:00,5111,Stationery & Office Supplies,TXC-006,EMP006,Bob Kumar,Finance,EMP004,2,APPROVED,,,,,,,https://receipts.brim.example/003359.pdf,,True
TXN-002629,****-****-****-4004,407 ETR TOLL,18.75,25.86,USD,1.379,2025-09-15 19:40:00,4131,Bus Lines / Tolls,TXC-004,EMP004,Alice Chen,Finance,EMP002,4,APPROVED,,,,,,,https://receipts.brim.example/002629.pdf,,True
TXN-000595,****-****-****-4007,BOSTON PIZZA 12,29.13,40.17,USD,1.379,2025-09-15 19:54:00,5812,Eating Places & Restaurants,TXC-007,EMP007,Carol White,Finance,EMP004,2,APPROVED,,,,,,,https://receipts.brim.example/000595.pdf,TRIP-0036,True
TXN-000594,****-****-****-4007,PETRO-CANADA 8821,47.59,65.63,USD,1.379,2025-09-15 20:19:00,5172,Petroleum & Petroleum Products,TXC-007,EMP007,Carol White,Finance,EMP004,2,APPROVED,,,,,,,https://receipts.brim.example/000594.pdf,TRIP-0036,True
TXN-000596,****-****-****-4007,ROADSIDE GRILL CO,18.82,25.95,USD,1.379,2025-09-15 20:27:00,5814,Fast Food Restaurants,TXC-007,EMP007,Carol White,Finance,EMP004,2,APPROVED,,,,,,,https://receipts.brim.example/000596.pdf,TRIP-0036,True
TXN-002816,****-****-****-4005,HOME DEPOT 88,146.85,202.51,USD,1.379,2025-09-16 09:45:00,5300,Wholesale Clubs,TXC-005,EMP005,Dana Park,Finance,EMP002,3,APPROVED,,,,,,,https://receipts.brim.example/002816.pdf,,True
TXN-002159,****-****-****-4003,SUPER 8 MOTEL,96.33,132.84,USD,1.379,2025-09-16 09:47:00,7011,"Hotels, Motels & Resorts",TXC-003,EMP003,Marcus Webb,Operations,EMP001,5,APPROVED,,,,,,,https://receipts.brim.example/002159.pdf,TRIP-0144,True
TXN-003237,****-****-****-4003,BOSTON PIZZA 12,11.03,15.21,USD,1.379,2025-09-16 11:19:00,5814,Fast Food Restaurants,TXC-003,EMP003,Marcus Webb,Operations,EMP001,5,APPROVED,,,,,,,https://receipts.brim.example/003237.pdf,TRIP-0211,True
TXN-000897,****-****-****-4002,MCDONALDS DT QPS,25.49,35.15,USD,1.379,2025-09-16 11:21:00,5812,Eating Places & Restaurants,TXC-002,EMP002,Priya Nair,Finance,EMP001,5,APPROVED,,,,,,,https://receipts.brim.example/000897.pdf,,True
TXN-004102,****-****-****-4004,ULTRAMAR 55,67.03,92.43,USD,1.379,2025-09-16 12:21:00,5172,Petroleum & Petroleum Products,TXC-004,EMP004,Alice Chen,Finance,EMP002,4,APPROVED,,,,,,,https://receipts.brim.example/004102.pdf,,True
TXN-001990,****-****-****-4002,407 ETR TOLL,13.73,18.93,USD,1.379,2025-09-16 13:11:00,4131,Bus Lines / Tolls,TXC-002,EMP002,Priya Nair,Finance,EMP001,5,APPROVED,,,,,,,https://receipts.brim.example/001990.pdf,,True
TXN-001426,****-****-****-4007,PETRO-CANADA 8821,206.6,284.9,USD,1.379,2025-09-16 13:13:00,5541,Service Stations,TXC-007,EMP007,Carol White,Finance,EMP004,2,APPROVED,,,,,,,,,True
TXN-003604,****-****-****-4009,PETRO-CANADA 8821,79.72,109.93,USD,1.379,2025-09-16 13:18:00,5172,Petroleum & Petroleum Products,TXC-009,EMP009,Grace Lee,Operations,EMP008,3,APPROVED,,,,,,,https://receipts.brim.example/003604.pdf,TRIP-0238,True
TXN-003620,****-****-****-4004,PRECISE PARKLINK,11.36,15.67,USD,1.379,2025-09-16 13:18:00,4131,Bus Lines / Tolls,TXC-004,EMP004,Alice Chen,Finance,EMP002,4,APPROVED,,,,,,,https://receipts.brim.example/003620.pdf,,True
TXN-002164,****-****-****-4008,FLYING J #771,28.76,39.66,USD,1.379,2025-09-16 13:46:00,5172,Petroleum & Petroleum Products,TXC-008,EMP008,Eric Tran,Operations,EMP003,4,APPROVED,,,,,,,https://receipts.brim.example/002164.pdf,,True
TXN-002224,****-****-****-4009,ULTRAMAR 55,65.18,89.88,USD,1.379,2025-09-16 14:17:00,5541,Service Stations,TXC-009,EMP009,Grace Lee,Operations,EMP008,3,APPROVED,,,,,,,https://receipts.brim.example/002224.pdf,,True
TXN-001786,****-****-****-4004,SHELL DT #4421,114.11,157.36,USD,1.379,2025-09-16 14:26:00,5541,Service Stations,TXC-004,EMP004,Alice Chen,Finance,EMP002,4,APPROVED,,,,,,,https://receipts.brim.example/001786.pdf,,True
TXN-003769,****-****-****-4007,ESSO RETAIL 113,40.42,55.74,USD,1.379,2025-09-16 15:18:00,5172,Petroleum & Petroleum Products,TXC-007,EMP007,Carol White,Finance,EMP004,2,APPROVED,,,,,,,https://receipts.brim.example/003769.pdf,TRIP-0247,True
TXN-003329,****-****-****-4009,COSTCO WHSE 44,99.68,137.46,USD,1.379,2025-09-16 15:31:00,5045,Computers & Peripherals,TXC-009,EMP009,Grace Lee,Operations,EMP008,3,APPROVED,,,,,,,https://receipts.brim.example/003329.pdf,,True
TXN-003605,****-****-****-4009,QUICK FUEL STOP,121.98,168.21,USD,1.379,2025-09-16 18:46:00,5541,Service Stations,TXC-009,EMP009,Grace Lee,Operations,EMP008,3,APPROVED,,,,,,,,TRIP-0238,True
TXN-002908,****-****-****-4008,MIDAS AUTO 21,161.77,223.08,USD,1.379,2025-09-16 19:47:00,7531,Auto Body Repair Shops,TXC-008,EMP008,Eric Tran,Operations,EMP003,4,PENDING,,,,,,,https://receipts.brim.example/002908.pdf,,False
TXN-003603,****-****-****-4009,A&W STORE 551,27.5,37.92,USD,1.379,2025-09-16 19:53:00,5814,Fast Food Restaurants,TXC-009,EMP009,Grace Lee,Operations,EMP008,3,APPROVED,,,,,,,https://receipts.brim.example/003603.pdf,TRIP-0238,True
TXN-003567,****-****-****-4004,COMFORT INN 442,131.62,181.5,USD,1.379,2025-09-16 19:59:00,7011,"Hotels, Motels & Resorts",TXC-004,EMP004,Alice Chen,Finance,EMP002,4,APPROVED,,,,,,,https://receipts.brim.example/003567.pdf,TRIP-0236,True
TXN-000766,****-****-****-4008,SHELL DT #4421,65.57,90.42,USD,1.379,2025-09-16 20:03:00,5541,Service Stations,TXC-008,EMP008,Eric Tran,Operations,EMP003,4,APPROVED,,,,,,,https://receipts.brim.example/000766.pdf,,True
TXN-003568,****-****-****-4004,QUICK FUEL STOP,48.49,66.87,USD,1.379,2025-09-16 23:40:00,5541,Service Stations,TXC-004,EMP004,Alice Chen,Finance,EMP002,4,APPROVED,,,,,,,https://receipts.brim.example/003568.pdf,TRIP-0236,True
TXN-003236,****-****-****-4003,BEST WESTERN 71,113.88,157.04,USD,1.379,2025-09-17 07:02:00,7011,"Hotels, Motels & Resorts",TXC-003,EMP003,Marcus Webb,Operations,EMP001,5,PENDING,,,,,,,https://receipts.brim.example/003236.pdf,TRIP-0211,False
TXN-001820,****-****-****-4009,GOOGLE WORKSPACE,116.91,161.22,USD,1.379,2025-09-17 08:16:00,5734,Computer Software Stores,TXC-009,EMP009,Grace Lee,Operations,EMP008,3,APPROVED,,,,,,,https://receipts.brim.example/001820.pdf,,True
TXN-004248,****-****-****-4002,QUICK FUEL STOP,72.96,100.61,USD,1.379,2025-09-17 08:35:00,5541,Service Stations,TXC-002,EMP002,Priya Nair,Finance,EMP001,5,APPROVED,,,,,,,https://receipts.brim.example/004248.pdf,,True
TXN-002160,****-****-****-4003,ULTRAMAR 55,127.05,175.2,USD,1.379,2025-09-17 10:15:00,5172,Petroleum & Petroleum Products,TXC-003,EMP003,Marcus Webb,Operations,EMP001,5,APPROVED,,,,,,,https://receipts.brim.example/002160.pdf,TRIP-0144,True
TXN-000513,****-****-****-4009,AMAZON MKTPLACE,78.52,108.28,USD,1.379,2025-09-17 10:46:00,5943,Stationery & Writing Supplies,TXC-009,EMP009,Grace Lee,Operations,EMP008,3,APPROVED,,,,,,,https://receipts.brim.example/000513.pdf,,True
TXN-002085,****-****-****-4007,MICROSOFT 365,122.33,168.69,USD,1.379,2025-09-17 12:27:00,4814,Telecom Services,TXC-007,EMP007,Carol White,Finance,EMP004,2,APPROVED,,,,,,,https://receipts.brim.example/002085.pdf,,True
TXN-002893,****-****-****-4009,SHELL DT #4421,177.4,244.63,USD,1.379,2025-09-17 12:30:00,5541,Service Stations,TXC-009,EMP009,Grace Lee,Operations,EMP008,3,APPROVED,,,,,,,https://receipts.brim.example/002893.pdf,,True
TXN-003679,****-****-****-4009,ESSO RETAIL 113,58.23,80.3,USD,1.379,2025-09-17 12:49:00,5541,Service Stations,TXC-009,EMP009,Grace Lee,Operations,EMP008,3,APPROVED,,,,,,,https://receipts.brim.example/003679.pdf,,True
TXN-004231,****-****-****-4009,GOOGLE WORKSPACE,83.42,115.04,USD,1.379,2025-09-17 14:03:00,5734,Computer Software Stores,TXC-009,EMP009,Grace Lee,Operations,EMP008,3,APPROVED,,,,,,,https://receipts.brim.example/004231.pdf,,True
TXN-000593,****-****-****-4007,DAYS INN 209,167.79,231.38,USD,1.379,2025-09-17 16:16:00,7011,"Hotels, Motels & Resorts",TXC-007,EMP007,Carol White,Finance,EMP004,2,APPROVED,,,,,,,https://receipts.brim.example/000593.pdf,TRIP-0036,True
TXN-003602,****-****-****-4009,DAYS INN 209,111.27,153.44,USD,1.379,2025-09-17 17:40:00,7011,"Hotels, Motels & Resorts",TXC-009,EMP009,Grace Lee,Operations,EMP008,3,APPROVED,,,,,,,https://receipts.brim.example/003602.pdf,TRIP-0238,True
TXN-002464,****-****-****-4003,QUICK FUEL STOP,78.98,108.91,USD,1.379,2025-09-17 17:57:00,5172,Petroleum & Petroleum Products,TXC-003,EMP003,Marcus Webb,Operations,EMP001,5,APPROVED,,,,,,,https://receipts.brim.example/002464.pdf,,True
TXN-001246,****-****-****-4008,SHELL DT #4421,29.87,41.19,USD,1.379,2025-09-17 18:40:00,5172,Petroleum & Petroleum Products,TXC-008,EMP008,Eric Tran,Operations,EMP003,4,APPROVED,,,,,,,https://receipts.brim.example/001246.pdf,,True
TXN-003768,****-****-****-4007,BEST WESTERN 71,184.93,255.02,USD,1.379,2025-09-17 19:57:00,7011,"Hotels, Motels & Resorts",TXC-007,EMP007,Carol White,Finance,EMP004,2,APPROVED,,,,,,,https://receipts.brim.example/003768.pdf,TRIP-0247,True
TXN-002073,****-****-****-4009,ROGERS WIRELESS,99.34,136.99,USD,1.379,2025-09-17 19:58:00,4814,Telecom Services,TXC-009,EMP009,Grace Lee,Operations,EMP008,3,APPROVED,,,,,,,https://receipts.brim.example/002073.pdf,,True
TXN-001080,****-****-****-4004,AMAZON MKTPLACE,26.45,36.47,USD,1.379,2025-09-17 20:55:00,5111,Stationery & Office Supplies,TXC-004,EMP004,Alice Chen,Finance,EMP002,4,APPROVED,,,,,,,https://receipts.brim.example/001080.pdf,,True
TXN-000633,****-****-****-4007,A&W STORE 551,21.9,30.2,USD,1.379,2025-09-17 21:32:00,5814,Fast Food Restaurants,TXC-007,EMP007,Carol White,Finance,EMP004,2,APPROVED,,,,,,,https://receipts.brim.example/000633.pdf,,True
TXN-001188,****-****-****-4005,FOUNTAIN TIRE,355.96,490.87,USD,1.379,2025-09-18 07:42:00,7538,Automotive Service Shops,TXC-005,EMP005,Dana Park,Finance,EMP002,3,APPROVED,,,,,,,https://receipts.brim.example/001188.pdf,,True
TXN-002426,****-****-****-4002,QUICK FUEL STOP,61.16,84.34,USD,1.379,2025-09-18 09:56:00,5172,Petroleum & Petroleum Products,TXC-002,EMP002,Priya Nair,Finance,EMP001,5,APPROVED,,,,,,,,,True
TXN-004055,****-****-****-4008,SHELL DT #4421,40.93,56.44,USD,1.379,2025-09-18 10:11:00,5541,Service Stations,TXC-008,EMP008,Eric Tran,Operations,EMP003,4,APPROVED,,,,,,,https://receipts.brim.example/004055.pdf,,True
TXN-000602,****-****-****-4007,SHELL DT #4421,97.59,134.58,USD,1.379,2025-09-18 10:17:00,5541,Service Stations,TXC-007,EMP007,Carol White,Finance,EMP004,2,APPROVED,,,,,,,https://receipts.brim.example/000602.pdf,,True
TXN-000224,****-****-****-4007,ROADSIDE GRILL CO,64.14,88.45,USD,1.379,2025-09-18 12:29:00,5814,Fast Food Restaurants,TXC-007,EMP007,Carol White,Finance,EMP004,2,APPROVED,,,,,,,https://receipts.brim.example/000224.pdf,,True
TXN-002894,****-****-****-4009,GOOGLE WORKSPACE,122.69,169.19,USD,1.379,2025-09-18 13:55:00,5734,Computer Software Stores,TXC-009,EMP009,Grace Lee,Operations,EMP008,3,PENDING,,,,,,,https://receipts.brim.example/002894.pdf,,False
TXN-000422,****-****-****-4006,HOLIDAY INN EXPRESS,100.63,138.77,USD,1.379,2025-09-18 13:59:00,7011,"Hotels, Motels & Resorts",TXC-006,EMP006,Bob Kumar,Finance,EMP004,2,APPROVED,,,,,,,,,True
TXN-002762,****-****-****-4007,MCDONALDS DT QPS,76.38,105.33,USD,1.379,2025-09-18 15:54:00,5812,Eating Places & Restaurants,TXC-007,EMP007,Carol White,Finance,EMP004,2,APPROVED,,,,,,,https://receipts.brim.example/002762.pdf,,True
TXN-001486,****-****-****-4003,PETRO-CANADA 8821,16.11,22.22,USD,1.379,2025-09-18 20:33:00,5172,Petroleum & Petroleum Products,TXC-003,EMP003,Marcus Webb,Operations,EMP001,5,APPROVED,,,,,,,https://receipts.brim.example/001486.pdf,,True
TXN-004245,****-****-****-4007,A&W STORE 551,49.9,68.81,USD,1.379,2025-09-18 21:47:00,5814,Fast Food Restaurants,TXC-007,EMP007,Carol White,Finance,EMP004,2,APPROVED,,,,,,,https://receipts.brim.example/004245.pdf,,True
TXN-001721,****-****-****-4003,WENDYS 7781,13.21,18.22,USD,1.379,2025-09-18 21:50:00,5812,Eating Places & Restaurants,TXC-003,EMP003,Marcus Webb,Operations,EMP001,5,APPROVED,,,,,,,https://receipts.brim.example/001721.pdf,,True
TXN-000711,****-****-****-4009,BOSTON PIZZA 12,31.81,43.87,USD,1.379,2025-09-19 07:25:00,5812,Eating Places & Restaurants,TXC-009,EMP009,Grace Lee,Operations,EMP008,3,APPROVED,,,,,,,https://receipts.brim.example/000711.pdf,,True
TXN-000545,****-****-****-4003,WENDYS 7781,60.23,83.06,USD,1.379,2025-09-19 07:34:00,5812,Eating Places & Restaurants,TXC-003,EMP003,Marcus Webb,Operations,EMP001,5,APPROVED,,,,,,,https://receipts.brim.example/000545.pdf,,True
TXN-000105,****-****-****-4009,HOLIDAY INN EXPRESS,179.0,246.84,USD,1.379,2025-09-19 10:14:00,7011,"Hotels, Motels & Resorts",TXC-009,EMP009,Grace Lee,Operations,EMP008,3,APPROVED,,,,,,,https://receipts.brim.example/000105.pdf,TRIP-0001,True
TXN-004220,****-****-****-4009,MIDAS AUTO 21,221.76,305.81,USD,1.379,2025-09-19 10:41:00,7538,Automotive Service Shops,TXC-009,EMP009,Grace Lee,Operations,EMP008,3,APPROVED,,,,,,,,,True
TXN-003727,****-****-****-4003,QUICK FUEL STOP,104.95,144.73,USD,1.379,2025-09-19 10:43:00,5541,Service Stations,TXC-003,EMP003,Marcus Webb,Operations,EMP001,5,APPROVED,,,,,,,https://receipts.brim.example/003727.pdf,,True
TXN-000230,****-****-****-4004,PETRO-CANADA 8821,32.74,45.15,USD,1.379,2025-09-19 10:51:00,5541,Service Stations,TXC-004,EMP004,Alice Chen,Finance,EMP002,4,APPROVED,,,,,,,https://receipts.brim.example/000230.pdf,,True
TXN-002778,****-****-****-4009,PETRO-CANADA 8821,82.28,113.46,USD,1.379,2025-09-19 12:02:00,5172,Petroleum & Petroleum Products,TXC-009,EMP009,Grace Lee,Operations,EMP008,3,APPROVED,,,,,,,https://receipts.brim.example/002778.pdf,,True
TXN-001656,****-****-****-4007,407 ETR TOLL,17.52,24.16,USD,1.379,2025-09-19 12:17:00,7523,Parking Lots & Garages,TXC-007,EMP007,Carol White,Finance,EMP004,2,APPROVED,,,,,,,https://receipts.brim.example/001656.pdf,,True
TXN-001788,****-****-****-4007,QUICK FUEL STOP,65.02,89.66,USD,1.379,2025-09-19 12:50:00,5172,Petroleum & Petroleum Products,TXC-007,EMP007,Carol White,Finance,EMP004,2,APPROVED,,,,,,,https://receipts.brim.example/001788.pdf,,True
TXN-001228,****-****-****-4002,PILOT TRAVEL 209,127.38,175.66,USD,1.379,2025-09-19 12:51:00,5172,Petroleum & Petroleum Products,TXC-002,EMP002,Priya Nair,Finance,EMP001,5,APPROVED,,,,,,,https://receipts.brim.example/001228.pdf,,True
TXN-000548,****-****-****-4007,GRAND & TOY 5,24.27,33.47,USD,1.379,2025-09-19 14:45:00,5943,Stationery & Writing Supplies,TXC-007,EMP007,Carol White,Finance,EMP004,2,APPROVED,,,,,,,https://receipts.brim.example/000548.pdf,,True
TXN-003055,****-****-****-4003,TIM HORTONS #882,22.55,31.1,USD,1.379,2025-09-19 15:22:00,5812,Eating Places & Restaurants,TXC-003,EMP003,Marcus Webb,Operations,EMP001,5,APPROVED,,,,,,,https://receipts.brim.example/003055.pdf,TRIP-0199,True
TXN-003780,****-****-****-4009,QUICK FUEL STOP,48.02,66.22,USD,1.379,2025-09-19 16:42:00,5541,Service Stations,TXC-009,EMP009,Grace Lee,Operations,EMP008,3,APPROVED,,,,,,,https://receipts.brim.example/003780.pdf,,True
TXN-004033,****-****-****-4009,PILOT TRAVEL 209,97.08,133.87,USD,1.379,2025-09-19 18:47:00,5541,Service Stations,TXC-009,EMP009,Grace Lee,Operations,EMP008,3,APPROVED,,,,,,,https://receipts.brim.example/004033.pdf,,True
TXN-001937,****-****-****-4008,FLYING J #771,51.92,71.6,USD,1.379,2025-09-19 18:53:00,5172,Petroleum & Petroleum Products,TXC-008,EMP008,Eric Tran,Operations,EMP003,4,APPROVED,,,,,,,https://receipts.brim.example/001937.pdf,,True
TXN-000585,****-****-****-4001,HOLIDAY INN EXPRESS,81.51,112.4,USD,1.379,2025-09-19 21:21:00,7011,"Hotels, Motels & Resorts",TXC-001,EMP001,Olivia Reyes,Executive,,6,APPROVED,,,,,,,https://receipts.brim.example/000585.pdf,,True
TXN-001203,****-****-****-4008,FLYING J #771,25.02,34.5,USD,1.379,2025-09-20 05:43:00,5172,Petroleum & Petroleum Products,TXC-008,EMP008,Eric Tran,Operations,EMP003,4,APPROVED,,,,,,,https://receipts.brim.example/001203.pdf,TRIP-0080,True
TXN-000955,****-****-****-4002,PILOT TRAVEL 209,68.54,94.52,USD,1.379,2025-09-20 08:11:00,5172,Petroleum & Petroleum Products,TXC-002,EMP002,Priya Nair,Finance,EMP001,5,APPROVED,,,,,,,https://receipts.brim.example/000955.pdf,,True
TXN-000563,****-****-****-4008,IMPARK LOT 88,25.05,34.54,USD,1.379,2025-09-20 09:29:00,7523,Parking Lots & Garages,TXC-008,EMP008,Eric Tran,Operations,EMP003,4,APPROVED,,,,,,,https://receipts.brim.example/000563.pdf,,True
TXN-003054,****-****-****-4003,HOLIDAY INN EXPRESS,100.75,138.93,USD,1.379,2025-09-20 11:08:00,7011,"Hotels, Motels & Resorts",TXC-003,EMP003,Marcus Webb,Operations,EMP001,5,PENDING,,,,,,,,TRIP-0199,False
TXN-001538,****-****-****-4002,CANADIAN TIRE 445,211.49,291.64,USD,1.379,2025-09-20 11:29:00,7531,Auto Body Repair Shops,TXC-002,EMP002,Priya Nair,Finance,EMP001,5,APPROVED,,,,,,,https://receipts.brim.example/001538.pdf,,True
TXN-000439,****-****-****-4003,PRECISE PARKLINK,9.85,13.58,USD,1.379,2025-09-20 11:40:00,4131,Bus Lines / Tolls,TXC-003,EMP003,Marcus Webb,Operations,EMP001,5,APPROVED,,,,,,,https://receipts.brim.example/000439.pdf,,True
TXN-004271,****-****-****-4009,SHELL DT #4421,41.22,56.84,USD,1.379,2025-09-20 13:36:00,5172,Petroleum & Petroleum Products,TXC-009,EMP009,Grace Lee,Operations,EMP008,3,APPROVED,,,,,,,https://receipts.brim.example/004271.pdf,,True
TXN-001880,****-****-****-4009,WENDYS 7781,28.91,39.87,USD,1.379,2025-09-20 15:09:00,5814,Fast Food Restaurants,TXC-009,EMP009,Grace Lee,Operations,EMP008,3,APPROVED,,,,,,,https://receipts.brim.example/001880.pdf,,True
TXN-001846,****-****-****-4008,SHELL DT #4421,69.34,95.62,USD,1.379,2025-09-20 15:54:00,5172,Petroleum & Petroleum Products,TXC-008,EMP008,Eric Tran,Operations,EMP003,4,APPROVED,,,,,,,https://receipts.brim.example/001846.pdf,,True
TXN-002663,****-****-****-4002,SHELL DT #4421,131.4,181.2,USD,1.379,2025-09-20 17:06:00,5172,Petroleum & Petroleum Products,TXC-002,EMP002,Priya Nair,Finance,EMP001,5,APPROVED,,,,,,,https://receipts.brim.example/002663.pdf,,True
TXN-003215,****-****-****-4009,DAYS INN 209,225.78,311.35,USD,1.379,2025-09-20 18:30:00,7011,"Hotels, Motels & Resorts",TXC-009,EMP009,Grace Lee,Operations,EMP008,3,APPROVED,,,,,,,https://receipts.brim.example/003215.pdf,TRIP-0210,True
TXN-001740,****-****-****-4009,PETRO-CANADA 8821,143.25,197.54,USD,1.379,2025-09-20 21:07:00,5541,Service Stations,TXC-009,EMP009,Grace Lee,Operations,EMP008,3,APPROVED,,,,,,,https://receipts.brim.example/001740.pdf,,True
TXN-004326,****-****-****-4004,A&W STORE 551,11.17,15.4,USD,1.379,2025-09-20 21:14:00,5814,Fast Food Restaurants,TXC-004,EMP004,Alice Chen,Finance,EMP002,4,APPROVED,,,,,,,https://receipts.brim.example/004326.pdf,TRIP-0292,True
TXN-000106,****-****-****-4009,MCDONALDS DT QPS,33.75,46.54,USD,1.379,2025-09-21 06:54:00,5812,Eating Places & Restaurants,TXC-009,EMP009,Grace Lee,Operations,EMP008,3,APPROVED,,,,,,,https://receipts.brim.example/000106.pdf,TRIP-0001,True
TXN-003235,****-****-****-4001,PRECISE PARKLINK,24.99,34.46,USD,1.379,2025-09-21 08:25:00,7523,Parking Lots & Garages,TXC-001,EMP001,Olivia Reyes,Executive,,6,APPROVED,,,,,,,https://receipts.brim.example/003235.pdf,,True
TXN-001202,****-****-****-4008,HOLIDAY INN EXPRESS,247.92,341.88,USD,1.379,2025-09-21 08:57:00,7011,"Hotels, Motels & Resorts",TXC-008,EMP008,Eric Tran,Operations,EMP003,4,APPROVED,,,,,,,https://receipts.brim.example/001202.pdf,TRIP-0080,True
TXN-003261,****-****-****-4008,CANADIAN TIRE 445,61.83,85.26,USD,1.379,2025-09-21 13:28:00,7538,Automotive Service Shops,TXC-008,EMP008,Eric Tran,Operations,EMP003,4,PENDING,,,,,,,https://receipts.brim.example/003261.pdf,,False
TXN-003588,****-****-****-4008,HOLIDAY INN EXPRESS,135.7,187.13,USD,1.379,2025-09-21 15:50:00,7011,"Hotels, Motels & Resorts",TXC-008,EMP008,Eric Tran,Operations,EMP003,4,APPROVED,,,,,,,,,True
TXN-002591,****-****-****-4002,BEST WESTERN 71,131.17,180.88,USD,1.379,2025-09-21 17:07:00,7011,"Hotels, Motels & Resorts",TXC-002,EMP002,Priya Nair,Finance,EMP001,5,APPROVED,,,,,,,https://receipts.brim.example/002591.pdf,,True
TXN-002801,****-****-****-4004,PILOT TRAVEL 209,76.63,105.67,USD,1.379,2025-09-21 17:19:00,5172,Petroleum & Petroleum Products,TXC-004,EMP004,Alice Chen,Finance,EMP002,4,APPROVED,,,,,,,https://receipts.brim.example/002801.pdf,,True
TXN-003216,****-****-****-4009,WENDYS 7781,30.78,42.45,USD,1.379,2025-09-21 17:40:00,5812,Eating Places & Restaurants,TXC-009,EMP009,Grace Lee,Operations,EMP008,3,APPROVED,,,,,,,https://receipts.brim.example/003216.pdf,TRIP-0210,True
TXN-000406,****-****-****-4007,MIDAS AUTO 21,168.71,232.65,USD,1.379,2025-09-21 17:58:00,7531,Auto Body Repair Shops,TXC-007,EMP007,Carol White,Finance,EMP004,2,APPROVED,,,,,,,https://receipts.brim.example/000406.pdf,,True
TXN-001505,****-****-****-4004,BEST BUY 112,253.58,349.69,USD,1.379,2025-09-21 17:59:00,5300,Wholesale Clubs,TXC-004,EMP004,Alice Chen,Finance,EMP002,4,APPROVED,,,,,,,https://receipts.brim.example/001505.pdf,,True
TXN-004325,****-****-****-4004,BEST WESTERN 71,119.67,165.02,USD,1.379,2025-09-21 18:47:00,7011,"Hotels, Motels & Resorts",TXC-004,EMP004,Alice Chen,Finance,EMP002,4,APPROVED,,,,,,,https://receipts.brim.example/004325.pdf,TRIP-0292,True
TXN-003551,****-****-****-4002,AMAZON MKTPLACE,66.03,91.06,USD,1.379,2025-09-22 10:22:00,5111,Stationery & Office Supplies,TXC-002,EMP002,Priya Nair,Finance,EMP001,5,APPROVED,,,,,,,https://receipts.brim.example/003551.pdf,,True
TXN-002915,****-****-****-4009,ROGERS WIRELESS,70.89,97.76,USD,1.379,2025-09-22 12:48:00,5734,Computer Software Stores,TXC-009,EMP009,Grace Lee,Operations,EMP008,3,APPROVED,,,,,,,https://receipts.brim.example/002915.pdf,,True
TXN-004059,****-****-****-4006,PETRO-CANADA 8821,72.89,100.52,USD,1.379,2025-09-22 13:38:00,5541,Service Stations,TXC-006,EMP006,Bob Kumar,Finance,EMP004,2,APPROVED,,,,,,,https://receipts.brim.example/004059.pdf,,True
TXN-002198,****-****-****-4002,FOUNTAIN TIRE,219.45,302.62,USD,1.379,2025-09-22 13:48:00,7531,Auto Body Repair Shops,TXC-002,EMP002,Priya Nair,Finance,EMP001,5,APPROVED,,,,,,,https://receipts.brim.example/002198.pdf,,True
TXN-004327,****-****-****-4004,ESSO RETAIL 113,38.11,52.55,USD,1.379,2025-09-22 14:11:00,5541,Service Stations,TXC-004,EMP004,Alice Chen,Finance,EMP002,4,APPROVED,,,,,,,https://receipts.brim.example/004327.pdf,TRIP-0292,True
TXN-001268,****-****-****-4008,COSTCO WHSE 44,158.69,218.83,USD,1.379,2025-09-22 16:25:00,5300,Wholesale Clubs,TXC-008,EMP008,Eric Tran,Operations,EMP003,4,PENDING,,,,,,,https://receipts.brim.example/001268.pdf,,False
TXN-003052,****-****-****-4007,MCDONALDS DT QPS,30.06,41.45,USD,1.379,2025-09-22 16:25:00,5812,Eating Places & Restaurants,TXC-007,EMP007,Carol White,Finance,EMP004,2,APPROVED,,,,,,,https://receipts.brim.example/003052.pdf,,True
TXN-003976,****-****-****-4008,COSTCO WHSE 44,82.83,114.22,USD,1.379,2025-09-22 16:28:00,5300,Wholesale Clubs,TXC-008,EMP008,Eric Tran,Operations,EMP003,4,APPROVED,,,,,,,https://receipts.brim.example/003976.pdf,,True
TXN-001494,****-****-****-4007,PETRO-CANADA 8821,37.38,51.55,USD,1.379,2025-09-22 16:44:00,5541,Service Stations,TXC-007,EMP007,Carol White,Finance,EMP004,2,APPROVED,,,,,,,https://receipts.brim.example/001494.pdf,,True
TXN-004323,****-****-****-4006,STAPLES #112,18.93,26.1,USD,1.379,2025-09-22 16:58:00,5943,Stationery & Writing Supplies,TXC-006,EMP006,Bob Kumar,Finance,EMP004,2,APPROVED,,,,,,,https://receipts.brim.example/004323.pdf,,True
TXN-002383,****-****-****-4007,IMPARK LOT 88,19.21,26.49,USD,1.379,2025-09-22 17:02:00,4131,Bus Lines / Tolls,TXC-007,EMP007,Carol White,Finance,EMP004,2,APPROVED,,,,,,,https://receipts.brim.example/002383.pdf,,True
TXN-002671,****-****-****-4009,FLYING J #771,154.97,213.7,USD,1.379,2025-09-22 18:42:00,5172,Petroleum & Petroleum Products,TXC-009,EMP009,Grace Lee,Operations,EMP008,3,APPROVED,,,,,,,https://receipts.brim.example/002671.pdf,,True
TXN-000463,****-****-****-4004,A&W STORE 551,10.22,14.09,USD,1.379,2025-09-22 18:51:00,5812,Eating Places & Restaurants,TXC-004,EMP004,Alice Chen,Finance,EMP002,4,APPROVED,,,,,,,https://receipts.brim.example/000463.pdf,,True
TXN-002316,****-****-****-4002,PETRO-CANADA 8821,114.59,158.02,USD,1.379,2025-09-22 19:29:00,5172,Petroleum & Petroleum Products,TXC-002,EMP002,Priya Nair,Finance,EMP001,5,APPROVED,,,,,,,https://receipts.brim.example/002316.pdf,,True
TXN-001882,****-****-****-4005,ULTRAMAR 55,42.05,57.99,USD,1.379,2025-09-23 09:41:00,5541,Service Stations,TXC-005,EMP005,Dana Park,Finance,EMP002,3,APPROVED,,,,,,,https://receipts.brim.example/001882.pdf,,True
TXN-000723,****-****-****-4009,CANADIAN TIRE 445,193.43,266.74,USD,1.379,2025-09-23 11:43:00,7531,Auto Body Repair Shops,TXC-009,EMP009,Grace Lee,Operations,EMP008,3,APPROVED,,,,,,,https://receipts.brim.example/000723.pdf,,True
TXN-002322,****-****-****-4007,SUBWAY 40021,18.43,25.41,USD,1.379,2025-09-23 12:14:00,5812,Eating Places & Restaurants,TXC-007,EMP007,Carol White,Finance,EMP004,2,APPROVED,,,,,,,https://receipts.brim.example/002322.pdf,,True
TXN-000561,****-****-****-4009,ESSO RETAIL 113,48.17,66.43,USD,1.379,2025-09-23 14:09:00,5172,Petroleum & Petroleum Products,TXC-009,EMP009,Grace Lee,Operations,EMP008,3,APPROVED,,,,,,,https://receipts.brim.example/000561.pdf,,True
TXN-003239,****-****-****-4003,WENDYS 7781,20.6,28.41,USD,1.379,2025-09-23 14:17:00,5812,Eating Places & Restaurants,TXC-003,EMP003,Marcus Webb,Operations,EMP001,5,APPROVED,,,,,,,https://receipts.brim.example/003239.pdf,TRIP-0212,True
TXN-000948,****-****-****-4005,A&W STORE 551,8.71,12.01,USD,1.379,2025-09-23 15:05:00,5812,Eating Places & Restaurants,TXC-005,EMP005,Dana Park,Finance,EMP002,3,APPROVED,,,,,,,https://receipts.brim.example/000948.pdf,,True
TXN-004162,****-****-****-4007,ROGERS WIRELESS,134.73,185.79,USD,1.379,2025-09-23 15:10:00,4814,Telecom Services,TXC-007,EMP007,Carol White,Finance,EMP004,2,APPROVED,,,,,,,https://receipts.brim.example/004162.pdf,,True
TXN-002239,****-****-****-4002,COSTCO WHSE 44,247.36,341.11,USD,1.379,2025-09-23 16:00:00,5045,Computers & Peripherals,TXC-002,EMP002,Priya Nair,Finance,EMP001,5,APPROVED,,,,,,,https://receipts.brim.example/002239.pdf,,True
TXN-003238,****-****-****-4003,DAYS INN 209,251.47,346.78,USD,1.379,2025-09-23 17:44:00,7011,"Hotels, Motels & Resorts",TXC-003,EMP003,Marcus Webb,Operations,EMP001,5,APPROVED,,,,,,,https://receipts.brim.example/003238.pdf,TRIP-0212,True
TXN-000264,****-****-****-4007,407 ETR TOLL,24.69,34.05,USD,1.379,2025-09-23 20:05:00,4131,Bus Lines / Tolls,TXC-007,EMP007,Carol White,Finance,EMP004,2,APPROVED,,,,,,,https://receipts.brim.example/000264.pdf,,True
TXN-004328,****-****-****-4004,BOSTON PIZZA 12,25.29,34.87,USD,1.379,2025-09-23 20:52:00,5812,Eating Places & Restaurants,TXC-004,EMP004,Alice Chen,Finance,EMP002,4,APPROVED,,,,,,,https://receipts.brim.example/004328.pdf,TRIP-0292,True
TXN-000208,****-****-****-4009,FOUNTAIN TIRE,155.34,214.21,USD,1.379,2025-09-24 09:38:00,7538,Automotive Service Shops,TXC-009,EMP009,Grace Lee,Operations,EMP008,3,APPROVED,,,,,,,https://receipts.brim.example/000208.pdf,,True
TXN-000620,****-****-****-4007,SHELL DT #4421,33.68,46.44,USD,1.379,2025-09-24 10:28:00,5172,Petroleum & Petroleum Products,TXC-007,EMP007,Carol White,Finance,EMP004,2,APPROVED,,,,,,,https://receipts.brim.example/000620.pdf,,True
TXN-003039,****-****-****-4007,PETRO-CANADA 8821,48.91,67.45,USD,1.379,2025-09-24 10:56:00,5172,Petroleum & Petroleum Products,TXC-007,EMP007,Carol White,Finance,EMP004,2,APPROVED,,,,,,,https://receipts.brim.example/003039.pdf,,True
TXN-000930,****-****-****-4001,PETRO-CANADA 8821,87.26,120.33,USD,1.379,2025-09-24 11:04:00,5172,Petroleum & Petroleum Products,TXC-001,EMP001,Olivia Reyes,Executive,,6,APPROVED,,,,,,,https://receipts.brim.example/000930.pdf,,True
TXN-002919,****-****-****-4004,IMPARK LOT 88,42.46,58.55,USD,1.379,2025-09-24 11:41:00,4131,Bus Lines / Tolls,TXC-004,EMP004,Alice Chen,Finance,EMP002,4,APPROVED,,,,,,,https://receipts.brim.example/002919.pdf,,True
TXN-001521,****-****-****-4002,ESSO RETAIL 113,44.58,61.48,USD,1.379,2025-09-24 12:14:00,5541,Service Stations,TXC-002,EMP002,Priya Nair,Finance,EMP001,5,APPROVED,,,,,,,https://receipts.brim.example/001521.pdf,,True
TXN-002532,****-****-****-4008,SUBWAY 40021,43.77,60.36,USD,1.379,2025-09-24 14:19:00,5814,Fast Food Restaurants,TXC-008,EMP008,Eric Tran,Operations,EMP003,4,APPROVED,,,,,,,https://receipts.brim.example/002532.pdf,,True
TXN-002107,****-****-****-4004,PILOT TRAVEL 209,103.39,142.57,USD,1.379,2025-09-24 17:05:00,5172,Petroleum & Petroleum Products,TXC-004,EMP004,Alice Chen,Finance,EMP002,4,APPROVED,,,,,,,https://receipts.brim.example/002107.pdf,,True
TXN-002585,****-****-****-4009,TIM HORTONS #882,12.67,17.47,USD,1.379,2025-09-24 18:12:00,5812,Eating Places & Restaurants,TXC-009,EMP009,Grace Lee,Operations,EMP008,3,APPROVED,,,,,,,https://receipts.brim.example/002585.pdf,,True
TXN-000682,****-****-****-4004,BOSTON PIZZA 12,20.22,27.88,USD,1.379,2025-09-24 18:18:00,5812,Eating Places & Restaurants,TXC-004,EMP004,Alice Chen,Finance,EMP002,4,APPROVED,,,,,,,https://receipts.brim.example/000682.pdf,,True
TXN-004006,****-****-****-4008,GRAND & TOY 5,90.49,124.79,USD,1.379,2025-09-24 19:51:00,5943,Stationery & Writing Supplies,TXC-008,EMP008,Eric Tran,Operations,EMP003,4,APPROVED,,,,,,,https://receipts.brim.example/004006.pdf,,True
TXN-001715,****-****-****-4007,TIM HORTONS #882,38.52,53.12,USD,1.379,2025-09-24 21:03:00,5812,Eating Places & Restaurants,TXC-007,EMP007,Carol White,Finance,EMP004,2,APPROVED,,,,,,,https://receipts.brim.example/001715.pdf,TRIP-0117,True
TXN-000107,****-****-****-4009,COSTCO WHSE 44,66.67,91.94,USD,1.379,2025-09-24 21:45:00,5045,Computers & Peripherals,TXC-009,EMP009,Grace Lee,Operations,EMP008,3,APPROVED,,,,,,,https://receipts.brim.example/000107.pdf,,True
TXN-003702,****-****-****-4008,PETRO-CANADA 8821,100.07,138.0,USD,1.379,2025-09-25 07:40:00,5172,Petroleum & Petroleum Products,TXC-008,EMP008,Eric Tran,Operations,EMP003,4,APPROVED,,,,,,,https://receipts.brim.example/003702.pdf,,True
TXN-002215,****-****-****-4004,BOSTON PIZZA 12,10.72,14.78,USD,1.379,2025-09-25 08:44:00,5812,Eating Places & Restaurants,TXC-004,EMP004,Alice Chen,Finance,EMP002,4,APPROVED,,,,,,,https://receipts.brim.example/002215.pdf,,True
TXN-003738,****-****-****-4002,MIDAS AUTO 21,238.46,328.84,USD,1.379,2025-09-25 08:44:00,7538,Automotive Service Shops,TXC-002,EMP002,Priya Nair,Finance,EMP001,5,APPROVED,,,,,,,https://receipts.brim.example/003738.pdf,,True
TXN-001158,****-****-****-4007,GOOGLE WORKSPACE,71.6,98.74,USD,1.379,2025-09-25 08:45:00,4814,Telecom Services,TXC-007,EMP007,Carol White,Finance,EMP004,2,APPROVED,,,,,,,https://receipts.brim.example/001158.pdf,,True
TXN-002723,****-****-****-4003,PETRO-CANADA 8821,208.52,287.55,USD,1.379,2025-09-25 09:04:00,5541,Service Stations,TXC-003,EMP003,Marcus Webb,Operations,EMP001,5,APPROVED,,,,,,,https://receipts.brim.example/002723.pdf,,True
TXN-002555,****-****-****-4008,ULTRAMAR 55,98.27,135.51,USD,1.379,2025-09-25 09:10:00,5541,Service Stations,TXC-008,EMP008,Eric Tran,Operations,EMP003,4,APPROVED,,,,,,,https://receipts.brim.example/002555.pdf,,True
TXN-002995,****-****-****-4003,CANADIAN TIRE 445,269.9,372.19,USD,1.379,2025-09-25 09:37:00,7531,Auto Body Repair Shops,TXC-003,EMP003,Marcus Webb,Operations,EMP001,5,APPROVED,,,,,,,,,True
TXN-002031,****-****-****-4008,ROADSIDE GRILL CO,14.19,19.57,USD,1.379,2025-09-25 09:44:00,5814,Fast Food Restaurants,TXC-008,EMP008,Eric Tran,Operations,EMP003,4,APPROVED,,,,,,,https://receipts.brim.example/002031.pdf,,True
TXN-003385,****-****-****-4009,HOLIDAY INN EXPRESS,143.38,197.72,USD,1.379,2025-09-25 10:16:00,7011,"Hotels, Motels & Resorts",TXC-009,EMP009,Grace Lee,Operations,EMP008,3,APPROVED,,,,,,,https://receipts.brim.example/003385.pdf,TRIP-0223,True
TXN-001867,****-****-****-4009,BEST WESTERN 71,94.22,129.93,USD,1.379,2025-09-25 10:23:00,7011,"Hotels, Motels & Resorts",TXC-009,EMP009,Grace Lee,Operations,EMP008,3,APPROVED,,,,,,,https://receipts.brim.example/001867.pdf,,True
TXN-003490,****-****-****-4004,GREEN P PARKING,18.42,25.4,USD,1.379,2025-09-25 13:21:00,7523,Parking Lots & Garages,TXC-004,EMP004,Alice Chen,Finance,EMP002,4,APPROVED,,,,,,,https://receipts.brim.example/003490.pdf,,True
TXN-002758,****-****-****-4004,QUICK FUEL STOP,25.73,35.48,USD,1.379,2025-09-25 13:23:00,5541,Service Stations,TXC-004,EMP004,Alice Chen,Finance,EMP002,4,APPROVED,,,,,,,https://receipts.brim.example/002758.pdf,,True
TXN-003852,****-****-****-4008,BEST WESTERN 71,181.06,249.68,USD,1.379,2025-09-25 14:45:00,7011,"Hotels, Motels & Resorts",TXC-008,EMP008,Eric Tran,Operations,EMP003,4,APPROVED,,,,,,,https://receipts.brim.example/003852.pdf,TRIP-0257,True
TXN-003084,****-****-****-4008,STAPLES #112,74.65,102.94,USD,1.379,2025-09-25 15:51:00,5111,Stationery & Office Supplies,TXC-008,EMP008,Eric Tran,Operations,EMP003,4,APPROVED,,,,,,,https://receipts.brim.example/003084.pdf,,True
TXN-003240,****-****-****-4003,WENDYS 7781,12.29,16.95,USD,1.379,2025-09-25 17:06:00,5812,Eating Places & Restaurants,TXC-003,EMP003,Marcus Webb,Operations,EMP001,5,APPROVED,,,,,,,https://receipts.brim.example/003240.pdf,TRIP-0212,True
TXN-003014,****-****-****-4009,A&W STORE 551,19.64,27.08,USD,1.379,2025-09-25 17:21:00,5814,Fast Food Restaurants,TXC-009,EMP009,Grace Lee,Operations,EMP008,3,APPROVED,,,,,,,https://receipts.brim.example/003014.pdf,,True
TXN-000728,****-****-****-4007,FLYING J #771,29.42,40.57,USD,1.379,2025-09-25 17:24:00,5172,Petroleum & Petroleum Products,TXC-007,EMP007,Carol White,Finance,EMP004,2,APPROVED,,,,,,,https://receipts.brim.example/000728.pdf,,True
TXN-003894,****-****-****-4004,HOME DEPOT 88,106.89,147.4,USD,1.379,2025-09-25 17:47:00,5300,Wholesale Clubs,TXC-004,EMP004,Alice Chen,Finance,EMP002,4,APPROVED,,,,,,,https://receipts.brim.example/003894.pdf,,True
TXN-003944,****-****-****-4007,ESSO RETAIL 113,41.04,56.59,USD,1.379,2025-09-25 18:35:00,5541,Service Stations,TXC-007,EMP007,Carol White,Finance,EMP004,2,APPROVED,,,,,,,https://receipts.brim.example/003944.pdf,,True
TXN-002419,****-****-****-4002,PRECISE PARKLINK,30.32,41.81,USD,1.379,2025-09-25 19:05:00,4131,Bus Lines / Tolls,TXC-002,EMP002,Priya Nair,Finance,EMP001,5,APPROVED,,,,,,,https://receipts.brim.example/002419.pdf,,True
TXN-003231,****-****-****-4007,ULTRAMAR 55,138.46,190.94,USD,1.379,2025-09-25 19:07:00,5172,Petroleum & Petroleum Products,TXC-007,EMP007,Carol White,Finance,EMP004,2,PENDING,,,,,,,https://receipts.brim.example/003231.pdf,,False
TXN-001713,****-****-****-4007,HOLIDAY INN EXPRESS,155.58,214.54,USD,1.379,2025-09-25 19:26:00,7011,"Hotels, Motels & Resorts",TXC-007,EMP007,Carol White,Finance,EMP004,2,APPROVED,,,,,,,https://receipts.brim.example/001713.pdf,TRIP-0117,True
TXN-004064,****-****-****-4007,STAPLES #112,28.73,39.62,USD,1.379,2025-09-25 19:50:00,5111,Stationery & Office Supplies,TXC-007,EMP007,Carol White,Finance,EMP004,2,APPROVED,,,,,,,https://receipts.brim.example/004064.pdf,,True
TXN-002871,****-****-****-4008,AMAZON MKTPLACE,119.19,164.36,USD,1.379,2025-09-26 07:25:00,5943,Stationery & Writing Supplies,TXC-008,EMP008,Eric Tran,Operations,EMP003,4,APPROVED,,,,,,,https://receipts.brim.example/002871.pdf,,True
TXN-003386,****-****-****-4009,PETRO-CANADA 8821,78.25,107.91,USD,1.379,2025-09-26 07:51:00,5172,Petroleum & Petroleum Products,TXC-009,EMP009,Grace Lee,Operations,EMP008,3,APPROVED,,,,,,,https://receipts.brim.example/003386.pdf,TRIP-0223,True
TXN-001968,****-****-****-4003,ROADSIDE GRILL CO,28.01,38.63,USD,1.379,2025-09-26 08:08:00,5812,Eating Places & Restaurants,TXC-003,EMP003,Marcus Webb,Operations,EMP001,5,APPROVED,,,,,,,https://receipts.brim.example/001968.pdf,TRIP-0132,True
TXN-003706,****-****-****-4004,FLYING J #771,86.14,118.79,USD,1.379,2025-09-26 08:24:00,5172,Petroleum & Petroleum Products,TXC-004,EMP004,Alice Chen,Finance,EMP002,4,APPROVED,,,,,,,https://receipts.brim.example/003706.pdf,,True
TXN-000970,****-****-****-4001,QUICK FUEL STOP,25.78,35.55,USD,1.379,2025-09-26 08:38:00,5541,Service Stations,TXC-001,EMP001,Olivia Reyes,Executive,,6,APPROVED,,,,,,,https://receipts.brim.example/000970.pdf,,True
TXN-003244,****-****-****-4007,MIDAS AUTO 21,628.3,866.43,USD,1.379,2025-09-26 09:06:00,7538,Automotive Service Shops,TXC-007,EMP007,Carol White,Finance,EMP004,2,APPROVED,,,,,,,https://receipts.brim.example/003244.pdf,,True
TXN-000911,****-****-****-4003,DAYS INN 209,222.38,306.66,USD,1.379,2025-09-26 10:59:00,7011,"Hotels, Motels & Resorts",TXC-003,EMP003,Marcus Webb,Operations,EMP001,5,PENDING,,,,,,,https://receipts.brim.example/000911.pdf,,False
TXN-002773,****-****-****-4008,FLYING J #771,98.43,135.73,USD,1.379,2025-09-26 11:21:00,5172,Petroleum & Petroleum Products,TXC-008,EMP008,Eric Tran,Operations,EMP003,4,PENDING,,,,,,,https://receipts.brim.example/002773.pdf,,False
TXN-002622,****-****-****-4009,SHELL DT #4421,20.7,28.55,USD,1.379,2025-09-26 11:35:00,5541,Service Stations,TXC-009,EMP009,Grace Lee,Operations,EMP008,3,APPROVED,,,,,,,https://receipts.brim.example/002622.pdf,,True
TXN-002623,****-****-****-4009,ULTRAMAR 55,55.99,77.21,USD,1.379,2025-09-26 14:11:00,5172,Petroleum & Petroleum Products,TXC-009,EMP009,Grace Lee,Operations,EMP008,3,APPROVED,,,,,,,https://receipts.brim.example/002623.pdf,,True
TXN-003853,****-****-****-4008,ESSO RETAIL 113,93.63,129.12,USD,1.379,2025-09-26 14:17:00,5541,Service Stations,TXC-008,EMP008,Eric Tran,Operations,EMP003,4,APPROVED,,,,,,,https://receipts.brim.example/003853.pdf,TRIP-0257,True
TXN-001714,****-****-****-4007,ULTRAMAR 55,63.88,88.09,USD,1.379,2025-09-26 14:31:00,5541,Service Stations,TXC-007,EMP007,Carol White,Finance,EMP004,2,APPROVED,,,,,,,https://receipts.brim.example/001714.pdf,TRIP-0117,True
TXN-004087,****-****-****-4003,GOOGLE WORKSPACE,77.43,106.78,USD,1.379,2025-09-26 14:33:00,5734,Computer Software Stores,TXC-003,EMP003,Marcus Webb,Operations,EMP001,5,APPROVED,,,,,,,https://receipts.brim.example/004087.pdf,,True
TXN-002997,****-****-****-4001,BOSTON PIZZA 12,7.6,10.48,USD,1.379,2025-09-26 15:11:00,5814,Fast Food Restaurants,TXC-001,EMP001,Olivia Reyes,Executive,,6,APPROVED,,,,,,,https://receipts.brim.example/002997.pdf,,True
TXN-001431,****-****-****-4007,QUICK FUEL STOP,93.72,129.24,USD,1.379,2025-09-26 15:47:00,5541,Service Stations,TXC-007,EMP007,Carol White,Finance,EMP004,2,APPROVED,,,,,,,https://receipts.brim.example/001431.pdf,,True
TXN-001630,****-****-****-4009,PILOT TRAVEL 209,47.42,65.39,USD,1.379,2025-09-26 17:33:00,5172,Petroleum & Petroleum Products,TXC-009,EMP009,Grace Lee,Operations,EMP008,3,APPROVED,,,,,,,https://receipts.brim.example/001630.pdf,,True
TXN-002315,****-****-****-4008,CANADIAN TIRE 445,425.58,586.87,USD,1.379,2025-09-26 21:32:00,7538,Automotive Service Shops,TXC-008,EMP008,Eric Tran,Operations,EMP003,4,APPROVED,,,,,,,https://receipts.brim.example/002315.pdf,,True
TXN-002741,****-****-****-4004,BOSTON PIZZA 12,18.27,25.19,USD,1.379,2025-09-26 21:52:00,5814,Fast Food Restaurants,TXC-004,EMP004,Alice Chen,Finance,EMP002,4,APPROVED,,,,,,,https://receipts.brim.example/002741.pdf,,True
TXN-000484,****-****-****-4007,MCDONALDS DT QPS,17.52,24.16,USD,1.379,2025-09-26 23:23:00,5812,Eating Places & Restaurants,TXC-007,EMP007,Carol White,Finance,EMP004,2,APPROVED,,,,,,,https://receipts.brim.example/000484.pdf,TRIP-0030,True
TXN-001367,****-****-****-4008,ESSO RETAIL 113,127.58,175.93,USD,1.379,2025-09-26 23:28:00,5541,Service Stations,TXC-008,EMP008,Eric Tran,Operations,EMP003,4,APPROVED,,,,,,,https://receipts.brim.example/001367.pdf,TRIP-0093,True
TXN-001383,****-****-****-4007,BOSTON PIZZA 12,18.98,26.17,USD,1.379,2025-09-27 09:33:00,5814,Fast Food Restaurants,TXC-007,EMP007,Carol White,Finance,EMP004,2,APPROVED,,,,,,,https://receipts.brim.example/001383.pdf,,True
TXN-002668,****-****-****-4009,MCDONALDS DT QPS,10.58,14.59,USD,1.379,2025-09-27 10:43:00,5814,Fast Food Restaurants,TXC-009,EMP009,Grace Lee,Operations,EMP008,3,APPROVED,,,,,,,https://receipts.brim.example/002668.pdf,,True
TXN-003191,****-****-****-4004,BOSTON PIZZA 12,34.19,47.15,USD,1.379,2025-09-27 13:45:00,5812,Eating Places & Restaurants,TXC-004,EMP004,Alice Chen,Finance,EMP002,4,APPROVED,,,,,,,https://receipts.brim.example/003191.pdf,,True
TXN-004330,****-****-****-4008,407 ETR TOLL,19.72,27.19,USD,1.379,2025-09-27 15:04:00,7523,Parking Lots & Garages,TXC-008,EMP008,Eric Tran,Operations,EMP003,4,APPROVED,,,,,,,https://receipts.brim.example/004330.pdf,,True
TXN-001136,****-****-****-4007,PRECISE PARKLINK,9.16,12.63,USD,1.379,2025-09-27 15:39:00,4131,Bus Lines / Tolls,TXC-007,EMP007,Carol White,Finance,EMP004,2,APPROVED,,,,,,,https://receipts.brim.example/001136.pdf,,True
TXN-000372,****-****-****-4002,PETRO-CANADA 8821,60.46,83.37,USD,1.379,2025-09-27 15:51:00,5172,Petroleum & Petroleum Products,TXC-002,EMP002,Priya Nair,Finance,EMP001,5,PENDING,,,,,,,https://receipts.brim.example/000372.pdf,,False
TXN-003369,****-****-****-4004,QUICK FUEL STOP,49.86,68.76,USD,1.379,2025-09-27 17:39:00,5172,Petroleum & Petroleum Products,TXC-004,EMP004,Alice Chen,Finance,EMP002,4,APPROVED,,,,,,,https://receipts.brim.example/003369.pdf,,True
TXN-002171,****-****-****-4008,QUICK FUEL STOP,99.21,136.81,USD,1.379,2025-09-27 19:01:00,5541,Service Stations,TXC-008,EMP008,Eric Tran,Operations,EMP003,4,PENDING,,,,,,,https://receipts.brim.example/002171.pdf,,False
TXN-000481,****-****-****-4007,SUPER 8 MOTEL,128.6,177.34,USD,1.379,2025-09-27 21:24:00,7011,"Hotels, Motels & Resorts",TXC-007,EMP007,Carol White,Finance,EMP004,2,APPROVED,,,,,,,https://receipts.brim.example/000481.pdf,TRIP-0030,True
TXN-001716,****-****-****-4007,A&W STORE 551,17.94,24.74,USD,1.379,2025-09-27 21:27:00,5812,Eating Places & Restaurants,TXC-007,EMP007,Carol White,Finance,EMP004,2,APPROVED,,,,,,,https://receipts.brim.example/001716.pdf,TRIP-0117,True
TXN-001366,****-****-****-4008,SUPER 8 MOTEL,142.48,196.48,USD,1.379,2025-09-27 21:39:00,7011,"Hotels, Motels & Resorts",TXC-008,EMP008,Eric Tran,Operations,EMP003,4,APPROVED,,,,,,,https://receipts.brim.example/001366.pdf,TRIP-0093,True
TXN-000483,****-****-****-4007,A&W STORE 551,20.76,28.63,USD,1.379,2025-09-28 01:44:00,5812,Eating Places & Restaurants,TXC-007,EMP007,Carol White,Finance,EMP004,2,APPROVED,,,,,,,https://receipts.brim.example/000483.pdf,TRIP-0030,True
TXN-000731,****-****-****-4008,IMPARK LOT 88,20.91,28.83,USD,1.379,2025-09-28 08:28:00,4131,Bus Lines / Tolls,TXC-008,EMP008,Eric Tran,Operations,EMP003,4,APPROVED,,,,,,,https://receipts.brim.example/000731.pdf,,True
TXN-004140,****-****-****-4008,PETRO-CANADA 8821,178.29,245.86,USD,1.379,2025-09-28 08:37:00,5541,Service Stations,TXC-008,EMP008,Eric Tran,Operations,EMP003,4,APPROVED,,,,,,,https://receipts.brim.example/004140.pdf,,True
TXN-004297,****-****-****-4009,FLYING J #771,37.79,52.11,USD,1.379,2025-09-28 10:23:00,5172,Petroleum & Petroleum Products,TXC-009,EMP009,Grace Lee,Operations,EMP008,3,APPROVED,,,,,,,https://receipts.brim.example/004297.pdf,,True
TXN-001388,****-****-****-4004,ULTRAMAR 55,63.42,87.46,USD,1.379,2025-09-28 11:09:00,5172,Petroleum & Petroleum Products,TXC-004,EMP004,Alice Chen,Finance,EMP002,4,APPROVED,,,,,,,https://receipts.brim.example/001388.pdf,,True
TXN-003061,****-****-****-4003,407 ETR TOLL,33.0,45.51,USD,1.379,2025-09-28 12:05:00,7523,Parking Lots & Garages,TXC-003,EMP003,Marcus Webb,Operations,EMP001,5,APPROVED,,,,,,,https://receipts.brim.example/003061.pdf,,True
TXN-001967,****-****-****-4003,BEST WESTERN 71,203.66,280.85,USD,1.379,2025-09-28 12:32:00,7011,"Hotels, Motels & Resorts",TXC-003,EMP003,Marcus Webb,Operations,EMP001,5,APPROVED,,,,,,,https://receipts.brim.example/001967.pdf,TRIP-0132,True
TXN-004270,****-****-****-4009,ULTRAMAR 55,110.61,152.53,USD,1.379,2025-09-28 13:17:00,5172,Petroleum & Petroleum Products,TXC-009,EMP009,Grace Lee,Operations,EMP008,3,APPROVED,,,,,,,https://receipts.brim.example/004270.pdf,,True
TXN-002699,****-****-****-4008,ESSO RETAIL 113,49.38,68.1,USD,1.379,2025-09-28 13:21:00,5541,Service Stations,TXC-008,EMP008,Eric Tran,Operations,EMP003,4,APPROVED,,,,,,,https://receipts.brim.example/002699.pdf,,True
TXN-000373,****-****-****-4009,PRECISE PARKLINK,24.75,34.13,USD,1.379,2025-09-28 13:32:00,7523,Parking Lots & Garages,TXC-009,EMP009,Grace Lee,Operations,EMP008,3,APPROVED,,,,,,,https://receipts.brim.example/000373.pdf,,True
TXN-004069,****-****-****-4009,ULTRAMAR 55,52.48,72.37,USD,1.379,2025-09-28 13:41:00,5172,Petroleum & Petroleum Products,TXC-009,EMP009,Grace Lee,Operations,EMP008,3,APPROVED,,,,,,,https://receipts.brim.example/004069.pdf,,True
TXN-004249,****-****-****-4009,PETRO-CANADA 8821,79.26,109.3,USD,1.379,2025-09-28 16:56:00,5172,Petroleum & Petroleum Products,TXC-009,EMP009,Grace Lee,Operations,EMP008,3,APPROVED,,,,,,,https://receipts.brim.example/004249.pdf,,True
TXN-001245,****-****-****-4008,ESSO RETAIL 113,39.56,54.55,USD,1.379,2025-09-28 17:45:00,5541,Service Stations,TXC-008,EMP008,Eric Tran,Operations,EMP003,4,APPROVED,,,,,,,https://receipts.brim.example/001245.pdf,,True
TXN-000482,****-****-****-4007,MCDONALDS DT QPS,33.82,46.64,USD,1.379,2025-09-28 18:20:00,5814,Fast Food Restaurants,TXC-007,EMP007,Carol White,Finance,EMP004,2,APPROVED,,,,,,,https://receipts.brim.example/000482.pdf,TRIP-0030,True
TXN-001960,****-****-****-4002,PETRO-CANADA 8821,25.36,34.97,USD,1.379,2025-09-28 19:33:00,5172,Petroleum & Petroleum Products,TXC-002,EMP002,Priya Nair,Finance,EMP001,5,APPROVED,,,,,,,https://receipts.brim.example/001960.pdf,,True
TXN-001368,****-****-****-4008,WENDYS 7781,30.13,41.55,USD,1.379,2025-09-28 19:52:00,5812,Eating Places & Restaurants,TXC-008,EMP008,Eric Tran,Operations,EMP003,4,APPROVED,,,,,,,https://receipts.brim.example/001368.pdf,TRIP-0093,True
TXN-002851,****-****-****-4008,ULTRAMAR 55,26.55,36.61,USD,1.379,2025-09-28 20:59:00,5541,Service Stations,TXC-008,EMP008,Eric Tran,Operations,EMP003,4,APPROVED,,,,,,,https://receipts.brim.example/002851.pdf,,True
TXN-001974,****-****-****-4002,BOSTON PIZZA 12,30.81,42.49,USD,1.379,2025-09-29 07:37:00,5812,Eating Places & Restaurants,TXC-002,EMP002,Priya Nair,Finance,EMP001,5,APPROVED,,,,,,,https://receipts.brim.example/001974.pdf,,True
TXN-001709,****-****-****-4002,PILOT TRAVEL 209,15.92,21.95,USD,1.379,2025-09-29 07:50:00,5172,Petroleum & Petroleum Products,TXC-002,EMP002,Priya Nair,Finance,EMP001,5,APPROVED,,,,,,,https://receipts.brim.example/001709.pdf,,True
TXN-002631,****-****-****-4003,A&W STORE 551,23.01,31.73,USD,1.379,2025-09-29 08:07:00,5814,Fast Food Restaurants,TXC-003,EMP003,Marcus Webb,Operations,EMP001,5,APPROVED,,,,,,,https://receipts.brim.example/002631.pdf,,True
TXN-002935,****-****-****-4009,BOSTON PIZZA 12,59.31,81.79,USD,1.379,2025-09-29 08:47:00,5812,Eating Places & Restaurants,TXC-009,EMP009,Grace Lee,Operations,EMP008,3,APPROVED,,,,,,,https://receipts.brim.example/002935.pdf,,True
TXN-000409,****-****-****-4009,PILOT TRAVEL 209,44.87,61.88,USD,1.379,2025-09-29 09:43:00,5541,Service Stations,TXC-009,EMP009,Grace Lee,Operations,EMP008,3,APPROVED,,,,,,,https://receipts.brim.example/000409.pdf,,True
TXN-003451,****-****-****-4005,MICROSOFT 365,51.08,70.44,USD,1.379,2025-09-29 10:42:00,4814,Telecom Services,TXC-005,EMP005,Dana Park,Finance,EMP002,3,PENDING,,,,,,,https://receipts.brim.example/003451.pdf,,False
TXN-000671,****-****-****-4004,ULTRAMAR 55,89.85,123.9,USD,1.379,2025-09-29 10:49:00,5541,Service Stations,TXC-004,EMP004,Alice Chen,Finance,EMP002,4,APPROVED,,,,,,,https://receipts.brim.example/000671.pdf,,True
TXN-000632,****-****-****-4008,HOME DEPOT 88,142.2,196.09,USD,1.379,2025-09-29 10:56:00,5300,Wholesale Clubs,TXC-008,EMP008,Eric Tran,Operations,EMP003,4,APPROVED,,,,,,,https://receipts.brim.example/000632.pdf,,True
TXN-002670,****-****-****-4003,GREEN P PARKING,23.6,32.54,USD,1.379,2025-09-29 11:38:00,4131,Bus Lines / Tolls,TXC-003,EMP003,Marcus Webb,Operations,EMP001,5,APPROVED,,,,,,,https://receipts.brim.example/002670.pdf,,True
TXN-001690,****-****-****-4009,BOSTON PIZZA 12,71.35,98.39,USD,1.379,2025-09-29 12:22:00,5812,Eating Places & Restaurants,TXC-009,EMP009,Grace Lee,Operations,EMP008,3,APPROVED,,,,,,,https://receipts.brim.example/001690.pdf,,True
TXN-002019,****-****-****-4007,BEST WESTERN 71,179.94,248.14,USD,1.379,2025-09-29 12:22:00,7011,"Hotels, Motels & Resorts",TXC-007,EMP007,Carol White,Finance,EMP004,2,PENDING,,,,,,,https://receipts.brim.example/002019.pdf,,False
TXN-002998,****-****-****-4007,GRAND & TOY 5,46.34,63.9,USD,1.379,2025-09-29 13:05:00,5111,Stationery & Office Supplies,TXC-007,EMP007,Carol White,Finance,EMP004,2,APPROVED,,,,,,,https://receipts.brim.example/002998.pdf,,True
TXN-000623,****-****-****-4009,SUPER 8 MOTEL,291.48,401.95,USD,1.379,2025-09-29 13:29:00,7011,"Hotels, Motels & Resorts",TXC-009,EMP009,Grace Lee,Operations,EMP008,3,APPROVED,,,,,,,https://receipts.brim.example/000623.pdf,,True
TXN-000976,****-****-****-4009,FLYING J #771,45.53,62.79,USD,1.379,2025-09-29 15:35:00,5541,Service Stations,TXC-009,EMP009,Grace Lee,Operations,EMP008,3,APPROVED,,,,,,,https://receipts.brim.example/000976.pdf,,True
TXN-004118,****-****-****-4004,PRECISE PARKLINK,17.52,24.16,USD,1.379,2025-09-29 16:16:00,4131,Bus Lines / Tolls,TXC-004,EMP004,Alice Chen,Finance,EMP002,4,APPROVED,,,,,,,https://receipts.brim.example/004118.pdf,,True
TXN-001921,****-****-****-4009,SUBWAY 40021,26.16,36.07,USD,1.379,2025-09-29 16:44:00,5814,Fast Food Restaurants,TXC-009,EMP009,Grace Lee,Operations,EMP008,3,APPROVED,,,,,,,https://receipts.brim.example/001921.pdf,,True
TXN-004154,****-****-****-4008,ESSO RETAIL 113,111.8,154.17,USD,1.379,2025-09-29 17:15:00,5172,Petroleum & Petroleum Products,TXC-008,EMP008,Eric Tran,Operations,EMP003,4,APPROVED,,,,,,,https://receipts.brim.example/004154.pdf,,True
TXN-001004,****-****-****-4004,ROGERS WIRELESS,201.85,278.35,USD,1.379,2025-09-29 17:21:00,4814,Telecom Services,TXC-004,EMP004,Alice Chen,Finance,EMP002,4,APPROVED,,,,,,,https://receipts.brim.example/001004.pdf,,True
TXN-002137,****-****-****-4004,PETRO-CANADA 8821,72.04,99.34,USD,1.379,2025-09-29 18:19:00,5172,Petroleum & Petroleum Products,TXC-004,EMP004,Alice Chen,Finance,EMP002,4,APPROVED,,,,,,,https://receipts.brim.example/002137.pdf,,True
TXN-003254,****-****-****-4003,MCDONALDS DT QPS,13.73,18.93,USD,1.379,2025-09-30 07:20:00,5814,Fast Food Restaurants,TXC-003,EMP003,Marcus Webb,Operations,EMP001,5,APPROVED,,,,,,,https://receipts.brim.example/003254.pdf,,True
TXN-003209,****-****-****-4009,ULTRAMAR 55,149.55,206.23,USD,1.379,2025-09-30 11:16:00,5541,Service Stations,TXC-009,EMP009,Grace Lee,Operations,EMP008,3,APPROVED,,,,,,,https://receipts.brim.example/003209.pdf,,True
TXN-003128,****-****-****-4009,WENDYS 7781,11.29,15.57,USD,1.379,2025-09-30 13:52:00,5814,Fast Food Restaurants,TXC-009,EMP009,Grace Lee,Operations,EMP008,3,APPROVED,,,,,,,https://receipts.brim.example/003128.pdf,,True
TXN-000428,****-****-****-4007,ROADSIDE GRILL CO,68.66,94.68,USD,1.379,2025-09-30 15:07:00,5814,Fast Food Restaurants,TXC-007,EMP007,Carol White,Finance,EMP004,2,PENDING,,,,,,,https://receipts.brim.example/000428.pdf,,False
TXN-000495,****-****-****-4008,CANADIAN TIRE 445,337.33,465.18,USD,1.379,2025-09-30 15:43:00,7538,Automotive Service Shops,TXC-008,EMP008,Eric Tran,Operations,EMP003,4,APPROVED,,,,,,,,,True
TXN-002659,****-****-****-4007,SUBWAY 40021,28.29,39.01,USD,1.379,2025-09-30 17:30:00,5812,Eating Places & Restaurants,TXC-007,EMP007,Carol White,Finance,EMP004,2,APPROVED,,,,,,,https://receipts.brim.example/002659.pdf,,True
TXN-000793,****-****-****-4004,ESSO RETAIL 113,35.64,49.15,USD,1.379,2025-09-30 18:03:00,5172,Petroleum & Petroleum Products,TXC-004,EMP004,Alice Chen,Finance,EMP002,4,APPROVED,,,,,,,https://receipts.brim.example/000793.pdf,,True
TXN-001204,****-****-****-4002,FLYING J #771,60.84,83.9,USD,1.379,2025-09-30 21:21:00,5172,Petroleum & Petroleum Products,TXC-002,EMP002,Priya Nair,Finance,EMP001,5,APPROVED,,,,,,,https://receipts.brim.example/001204.pdf,,True
TXN-002563,****-****-****-4007,BEST WESTERN 71,73.74,101.69,USD,1.379,2025-10-01 07:03:00,7011,"Hotels, Motels & Resorts",TXC-007,EMP007,Carol White,Finance,EMP004,2,APPROVED,,,,,,,https://receipts.brim.example/002563.pdf,TRIP-0167,True
TXN-002702,****-****-****-4007,COSTCO WHSE 44,157.18,216.75,USD,1.379,2025-10-01 07:29:00,5300,Wholesale Clubs,TXC-007,EMP007,Carol White,Finance,EMP004,2,APPROVED,,,,,,,,,True
TXN-002566,****-****-****-4007,ROADSIDE GRILL CO,12.69,17.5,USD,1.379,2025-10-01 07:38:00,5814,Fast Food Restaurants,TXC-007,EMP007,Carol White,Finance,EMP004,2,APPROVED,,,,,,,https://receipts.brim.example/002566.pdf,TRIP-0167,True
TXN-003764,****-****-****-4008,PETRO-CANADA 8821,62.27,85.87,USD,1.379,2025-10-01 07:55:00,5172,Petroleum & Petroleum Products,TXC-008,EMP008,Eric Tran,Operations,EMP003,4,APPROVED,,,,,,,https://receipts.brim.example/003764.pdf,,True
TXN-001434,****-****-****-4008,TIM HORTONS #882,37.75,52.06,USD,1.379,2025-10-01 09:13:00,5814,Fast Food Restaurants,TXC-008,EMP008,Eric Tran,Operations,EMP003,4,APPROVED,,,,,,,https://receipts.brim.example/001434.pdf,TRIP-0097,True
TXN-002823,****-****-****-4009,COMFORT INN 442,227.02,313.06,USD,1.379,2025-10-01 09:37:00,7011,"Hotels, Motels & Resorts",TXC-009,EMP009,Grace Lee,Operations,EMP008,3,APPROVED,,,,,,,https://receipts.brim.example/002823.pdf,,True
TXN-000161,****-****-****-4003,COSTCO WHSE 44,99.87,137.72,USD,1.379,2025-10-01 09:57:00,5300,Wholesale Clubs,TXC-003,EMP003,Marcus Webb,Operations,EMP001,5,APPROVED,,,,,,,https://receipts.brim.example/000161.pdf,,True
TXN-000024,****-****-****-4006,STAPLES #112,15.4,21.24,USD,1.379,2025-10-01 10:00:00,5111,Stationery & Office Supplies,TXC-006,EMP006,Bob Kumar,Finance,EMP004,2,APPROVED,,,,,,,https://receipts.brim.example/000024.pdf,,True
TXN-003246,****-****-****-4009,BOSTON PIZZA 12,15.25,21.03,USD,1.379,2025-10-01 12:57:00,5812,Eating Places & Restaurants,TXC-009,EMP009,Grace Lee,Operations,EMP008,3,APPROVED,,,,,,,https://receipts.brim.example/003246.pdf,TRIP-0213,True
TXN-002070,****-****-****-4004,GREEN P PARKING,32.78,45.2,USD,1.379,2025-10-01 14:27:00,4131,Bus Lines / Tolls,TXC-004,EMP004,Alice Chen,Finance,EMP002,4,APPROVED,,,,,,,https://receipts.brim.example/002070.pdf,,True
TXN-003401,****-****-****-4007,GOOGLE WORKSPACE,146.76,202.38,USD,1.379,2025-10-01 16:04:00,5734,Computer Software Stores,TXC-007,EMP007,Carol White,Finance,EMP004,2,PENDING,,,,,,,https://receipts.brim.example/003401.pdf,,False
TXN-000314,****-****-****-4008,AMAZON MKTPLACE,72.01,99.3,USD,1.379,2025-10-01 16:25:00,5943,Stationery & Writing Supplies,TXC-008,EMP008,Eric Tran,Operations,EMP003,4,APPROVED,,,,,,,https://receipts.brim.example/000314.pdf,,True
TXN-003982,****-****-****-4008,QUICK FUEL STOP,75.14,103.62,USD,1.379,2025-10-01 17:17:00,5541,Service Stations,TXC-008,EMP008,Eric Tran,Operations,EMP003,4,APPROVED,,,,,,,https://receipts.brim.example/003982.pdf,,True
TXN-001143,****-****-****-4009,GRAND & TOY 5,61.39,84.66,USD,1.379,2025-10-01 18:08:00,5111,Stationery & Office Supplies,TXC-009,EMP009,Grace Lee,Operations,EMP008,3,APPROVED,,,,,,,https://receipts.brim.example/001143.pdf,,True
TXN-004092,****-****-****-4006,PILOT TRAVEL 209,82.65,113.97,USD,1.379,2025-10-01 19:15:00,5541,Service Stations,TXC-006,EMP006,Bob Kumar,Finance,EMP004,2,APPROVED,,,,,,,https://receipts.brim.example/004092.pdf,,True
TXN-003592,****-****-****-4008,HOLIDAY INN EXPRESS,302.65,417.35,USD,1.379,2025-10-01 19:16:00,7011,"Hotels, Motels & Resorts",TXC-008,EMP008,Eric Tran,Operations,EMP003,4,APPROVED,,,,,,,https://receipts.brim.example/003592.pdf,,True
TXN-002368,****-****-****-4004,SUBWAY 40021,45.96,63.38,USD,1.379,2025-10-01 21:11:00,5814,Fast Food Restaurants,TXC-004,EMP004,Alice Chen,Finance,EMP002,4,APPROVED,,,,,,,https://receipts.brim.example/002368.pdf,,True
TXN-003336,****-****-****-4009,TIM HORTONS #882,48.68,67.13,USD,1.379,2025-10-01 21:48:00,5812,Eating Places & Restaurants,TXC-009,EMP009,Grace Lee,Operations,EMP008,3,APPROVED,,,,,,,https://receipts.brim.example/003336.pdf,,True
TXN-002035,****-****-****-4009,DAYS INN 209,253.52,349.6,USD,1.379,2025-10-02 07:14:00,7011,"Hotels, Motels & Resorts",TXC-009,EMP009,Grace Lee,Operations,EMP008,3,PENDING,,,,,,,https://receipts.brim.example/002035.pdf,,False
TXN-002565,****-****-****-4007,ESSO RETAIL 113,83.11,114.61,USD,1.379,2025-10-02 07:33:00,5172,Petroleum & Petroleum Products,TXC-007,EMP007,Carol White,Finance,EMP004,2,APPROVED,,,,,,,https://receipts.brim.example/002565.pdf,TRIP-0167,True
TXN-001085,****-****-****-4007,PILOT TRAVEL 209,43.74,60.32,USD,1.379,2025-10-02 07:57:00,5172,Petroleum & Petroleum Products,TXC-007,EMP007,Carol White,Finance,EMP004,2,APPROVED,,,,,,,https://receipts.brim.example/001085.pdf,,True
TXN-002734,****-****-****-4008,FLYING J #771,72.56,100.06,USD,1.379,2025-10-02 09:18:00,5541,Service Stations,TXC-008,EMP008,Eric Tran,Operations,EMP003,4,APPROVED,,,,,,,https://receipts.brim.example/002734.pdf,,True
TXN-001653,****-****-****-4009,CANADIAN TIRE 445,252.22,347.81,USD,1.379,2025-10-02 09:25:00,7531,Auto Body Repair Shops,TXC-009,EMP009,Grace Lee,Operations,EMP008,3,APPROVED,,,,,,,https://receipts.brim.example/001653.pdf,,True
TXN-003220,****-****-****-4008,PILOT TRAVEL 209,58.23,80.3,USD,1.379,2025-10-02 09:30:00,5541,Service Stations,TXC-008,EMP008,Eric Tran,Operations,EMP003,4,APPROVED,,,,,,,https://receipts.brim.example/003220.pdf,,True
TXN-003523,****-****-****-4009,PILOT TRAVEL 209,29.05,40.06,USD,1.379,2025-10-02 09:33:00,5541,Service Stations,TXC-009,EMP009,Grace Lee,Operations,EMP008,3,APPROVED,,,,,,,https://receipts.brim.example/003523.pdf,,True
TXN-004026,****-****-****-4002,PILOT TRAVEL 209,111.76,154.12,USD,1.379,2025-10-02 10:27:00,5541,Service Stations,TXC-002,EMP002,Priya Nair,Finance,EMP001,5,PENDING,,,,,,,https://receipts.brim.example/004026.pdf,,False
TXN-002544,****-****-****-4009,SHELL DT #4421,53.87,74.29,USD,1.379,2025-10-02 10:38:00,5541,Service Stations,TXC-009,EMP009,Grace Lee,Operations,EMP008,3,APPROVED,,,,,,,https://receipts.brim.example/002544.pdf,,True
TXN-001387,****-****-****-4009,PETRO-CANADA 8821,103.51,142.74,USD,1.379,2025-10-02 10:53:00,5172,Petroleum & Petroleum Products,TXC-009,EMP009,Grace Lee,Operations,EMP008,3,APPROVED,,,,,,,https://receipts.brim.example/001387.pdf,,True
TXN-001433,****-****-****-4008,BOSTON PIZZA 12,20.64,28.46,USD,1.379,2025-10-02 11:26:00,5812,Eating Places & Restaurants,TXC-008,EMP008,Eric Tran,Operations,EMP003,4,APPROVED,,,,,,,https://receipts.brim.example/001433.pdf,TRIP-0097,True
TXN-004233,****-****-****-4001,SUBWAY 40021,37.91,52.28,USD,1.379,2025-10-02 12:19:00,5812,Eating Places & Restaurants,TXC-001,EMP001,Olivia Reyes,Executive,,6,APPROVED,,,,,,,https://receipts.brim.example/004233.pdf,,True
TXN-003906,****-****-****-4003,PETRO-CANADA 8821,58.79,81.07,USD,1.379,2025-10-02 12:27:00,5541,Service Stations,TXC-003,EMP003,Marcus Webb,Operations,EMP001,5,PENDING,,,,,,,https://receipts.brim.example/003906.pdf,TRIP-0264,False
TXN-000983,****-****-****-4006,BOSTON PIZZA 12,11.95,16.48,USD,1.379,2025-10-02 14:14:00,5812,Eating Places & Restaurants,TXC-006,EMP006,Bob Kumar,Finance,EMP004,2,APPROVED,,,,,,,https://receipts.brim.example/000983.pdf,,True
TXN-003397,****-****-****-4007,CANADIAN TIRE 445,284.18,391.88,USD,1.379,2025-10-02 14:59:00,7538,Automotive Service Shops,TXC-007,EMP007,Carol White,Finance,EMP004,2,APPROVED,,,,,,,,,True
TXN-002855,****-****-****-4009,PETRO-CANADA 8821,34.04,46.94,USD,1.379,2025-10-02 16:33:00,5172,Petroleum & Petroleum Products,TXC-009,EMP009,Grace Lee,Operations,EMP008,3,APPROVED,,,,,,,https://receipts.brim.example/002855.pdf,,True
TXN-002783,****-****-****-4003,COSTCO WHSE 44,182.85,252.15,USD,1.379,2025-10-02 17:38:00,5300,Wholesale Clubs,TXC-003,EMP003,Marcus Webb,Operations,EMP001,5,APPROVED,,,,,,,https://receipts.brim.example/002783.pdf,,True
TXN-002583,****-****-****-4007,SUBWAY 40021,11.92,16.44,USD,1.379,2025-10-02 18:02:00,5812,Eating Places & Restaurants,TXC-007,EMP007,Carol White,Finance,EMP004,2,APPROVED,,,,,,,https://receipts.brim.example/002583.pdf,,True
TXN-003250,****-****-****-4009,ULTRAMAR 55,51.31,70.76,USD,1.379,2025-10-02 18:53:00,5541,Service Stations,TXC-009,EMP009,Grace Lee,Operations,EMP008,3,PENDING,,,,,,,https://receipts.brim.example/003250.pdf,,False
TXN-003997,****-****-****-4001,QUICK FUEL STOP,155.93,215.03,USD,1.379,2025-10-02 19:47:00,5172,Petroleum & Petroleum Products,TXC-001,EMP001,Olivia Reyes,Executive,,6,APPROVED,,,,,,,https://receipts.brim.example/003997.pdf,,True
TXN-003860,****-****-****-4001,COMFORT INN 442,58.45,80.6,USD,1.379,2025-10-02 21:01:00,7011,"Hotels, Motels & Resorts",TXC-001,EMP001,Olivia Reyes,Executive,,6,APPROVED,,,,,,,https://receipts.brim.example/003860.pdf,TRIP-0259,True
TXN-002125,****-****-****-4007,PILOT TRAVEL 209,87.13,120.15,USD,1.379,2025-10-02 21:13:00,5172,Petroleum & Petroleum Products,TXC-007,EMP007,Carol White,Finance,EMP004,2,APPROVED,,,,,,,https://receipts.brim.example/002125.pdf,,True
TXN-002564,****-****-****-4007,FLYING J #771,32.19,44.39,USD,1.379,2025-10-03 04:27:00,5541,Service Stations,TXC-007,EMP007,Carol White,Finance,EMP004,2,APPROVED,,,,,,,https://receipts.brim.example/002564.pdf,TRIP-0167,True
TXN-004218,****-****-****-4009,407 ETR TOLL,15.58,21.48,USD,1.379,2025-10-03 07:08:00,7523,Parking Lots & Garages,TXC-009,EMP009,Grace Lee,Operations,EMP008,3,APPROVED,,,,,,,https://receipts.brim.example/004218.pdf,,True
TXN-003233,****-****-****-4009,PILOT TRAVEL 209,30.29,41.77,USD,1.379,2025-10-03 07:32:00,5541,Service Stations,TXC-009,EMP009,Grace Lee,Operations,EMP008,3,APPROVED,,,,,,,https://receipts.brim.example/003233.pdf,,True
TXN-004317,****-****-****-4009,IMPARK LOT 88,10.97,15.13,USD,1.379,2025-10-03 07:48:00,4131,Bus Lines / Tolls,TXC-009,EMP009,Grace Lee,Operations,EMP008,3,APPROVED,,,,,,,https://receipts.brim.example/004317.pdf,,True
TXN-004313,****-****-****-4009,WENDYS 7781,9.15,12.62,USD,1.379,2025-10-03 07:56:00,5814,Fast Food Restaurants,TXC-009,EMP009,Grace Lee,Operations,EMP008,3,APPROVED,,,,,,,https://receipts.brim.example/004313.pdf,,True
TXN-003064,****-****-****-4007,COSTCO WHSE 44,72.14,99.48,USD,1.379,2025-10-03 08:08:00,5300,Wholesale Clubs,TXC-007,EMP007,Carol White,Finance,EMP004,2,APPROVED,,,,,,,https://receipts.brim.example/003064.pdf,,True
TXN-002968,****-****-****-4009,ESSO RETAIL 113,78.15,107.77,USD,1.379,2025-10-03 08:25:00,5172,Petroleum & Petroleum Products,TXC-009,EMP009,Grace Lee,Operations,EMP008,3,APPROVED,,,,,,,https://receipts.brim.example/002968.pdf,,True
TXN-000881,****-****-****-4008,IMPARK LOT 88,26.39,36.39,USD,1.379,2025-10-03 08:47:00,4131,Bus Lines / Tolls,TXC-008,EMP008,Eric Tran,Operations,EMP003,4,APPROVED,,,,,,,https://receipts.brim.example/000881.pdf,,True
TXN-003898,****-****-****-4001,ULTRAMAR 55,88.9,122.59,USD,1.379,2025-10-03 10:08:00,5541,Service Stations,TXC-001,EMP001,Olivia Reyes,Executive,,6,APPROVED,,,,,,,https://receipts.brim.example/003898.pdf,,True
TXN-003245,****-****-****-4009,BEST WESTERN 71,177.69,245.03,USD,1.379,2025-10-03 10:31:00,7011,"Hotels, Motels & Resorts",TXC-009,EMP009,Grace Lee,Operations,EMP008,3,APPROVED,,,,,,,https://receipts.brim.example/003245.pdf,TRIP-0213,True
TXN-001432,****-****-****-4008,BEST WESTERN 71,96.33,132.84,USD,1.379,2025-10-03 10:51:00,7011,"Hotels, Motels & Resorts",TXC-008,EMP008,Eric Tran,Operations,EMP003,4,APPROVED,,,,,,,https://receipts.brim.example/001432.pdf,TRIP-0097,True
TXN-003656,****-****-****-4007,MCDONALDS DT QPS,37.12,51.19,USD,1.379,2025-10-03 12:33:00,5812,Eating Places & Restaurants,TXC-007,EMP007,Carol White,Finance,EMP004,2,APPROVED,,,,,,,https://receipts.brim.example/003656.pdf,,True
TXN-000969,****-****-****-4001,QUICK FUEL STOP,53.64,73.97,USD,1.379,2025-10-03 13:23:00,5541,Service Stations,TXC-001,EMP001,Olivia Reyes,Executive,,6,APPROVED,,,,,,,,,True
TXN-003409,****-****-****-4008,FLYING J #771,37.27,51.4,USD,1.379,2025-10-03 13:28:00,5172,Petroleum & Petroleum Products,TXC-008,EMP008,Eric Tran,Operations,EMP003,4,APPROVED,,,,,,,https://receipts.brim.example/003409.pdf,,True
TXN-002653,****-****-****-4002,BOSTON PIZZA 12,38.08,52.51,USD,1.379,2025-10-03 13:54:00,5814,Fast Food Restaurants,TXC-002,EMP002,Priya Nair,Finance,EMP001,5,APPROVED,,,,,,,https://receipts.brim.example/002653.pdf,,True
TXN-004284,****-****-****-4005,HOME DEPOT 88,118.01,162.74,USD,1.379,2025-10-03 14:24:00,5045,Computers & Peripherals,TXC-005,EMP005,Dana Park,Finance,EMP002,3,PENDING,,,,,,,https://receipts.brim.example/004284.pdf,,False
TXN-000304,****-****-****-4008,BOSTON PIZZA 12,28.91,39.87,USD,1.379,2025-10-03 14:51:00,5814,Fast Food Restaurants,TXC-008,EMP008,Eric Tran,Operations,EMP003,4,APPROVED,,,,,,,https://receipts.brim.example/000304.pdf,,True
TXN-002155,****-****-****-4008,SUBWAY 40021,31.48,43.41,USD,1.379,2025-10-03 15:17:00,5812,Eating Places & Restaurants,TXC-008,EMP008,Eric Tran,Operations,EMP003,4,APPROVED,,,,,,,https://receipts.brim.example/002155.pdf,,True
TXN-003972,****-****-****-4001,SUPER 8 MOTEL,146.63,202.2,USD,1.379,2025-10-03 16:15:00,7011,"Hotels, Motels & Resorts",TXC-001,EMP001,Olivia Reyes,Executive,,6,APPROVED,,,,,,,,TRIP-0268,True
TXN-003904,****-****-****-4003,HOLIDAY INN EXPRESS,190.1,262.15,USD,1.379,2025-10-03 16:43:00,7011,"Hotels, Motels & Resorts",TXC-003,EMP003,Marcus Webb,Operations,EMP001,5,APPROVED,,,,,,,https://receipts.brim.example/003904.pdf,TRIP-0264,True
TXN-003862,****-****-****-4001,FLYING J #771,26.28,36.24,USD,1.379,2025-10-03 16:45:00,5172,Petroleum & Petroleum Products,TXC-001,EMP001,Olivia Reyes,Executive,,6,APPROVED,,,,,,,https://receipts.brim.example/003862.pdf,TRIP-0259,True
TXN-002770,****-****-****-4007,COMFORT INN 442,125.69,173.33,USD,1.379,2025-10-03 16:52:00,7011,"Hotels, Motels & Resorts",TXC-007,EMP007,Carol White,Finance,EMP004,2,APPROVED,,,,,,,https://receipts.brim.example/002770.pdf,TRIP-0183,True
TXN-001278,****-****-****-4009,BEST BUY 112,111.92,154.34,USD,1.379,2025-10-03 18:18:00,5045,Computers & Peripherals,TXC-009,EMP009,Grace Lee,Operations,EMP008,3,PENDING,,,,,,,https://receipts.brim.example/001278.pdf,,False
TXN-001638,****-****-****-4005,PETRO-CANADA 8821,46.18,63.68,USD,1.379,2025-10-03 19:12:00,5172,Petroleum & Petroleum Products,TXC-005,EMP005,Dana Park,Finance,EMP002,3,APPROVED,,,,,,,https://receipts.brim.example/001638.pdf,,True
TXN-001241,****-****-****-4001,QUICK FUEL STOP,78.62,108.42,USD,1.379,2025-10-03 20:09:00,5172,Petroleum & Petroleum Products,TXC-001,EMP001,Olivia Reyes,Executive,,6,APPROVED,,,,,,,https://receipts.brim.example/001241.pdf,,True
TXN-002076,****-****-****-4008,ESSO RETAIL 113,87.22,120.28,USD,1.379,2025-10-03 20:31:00,5541,Service Stations,TXC-008,EMP008,Eric Tran,Operations,EMP003,4,APPROVED,,,,,,,https://receipts.brim.example/002076.pdf,,True
TXN-002716,****-****-****-4008,ESSO RETAIL 113,35.8,49.37,USD,1.379,2025-10-03 21:54:00,5172,Petroleum & Petroleum Products,TXC-008,EMP008,Eric Tran,Operations,EMP003,4,APPROVED,,,,,,,https://receipts.brim.example/002716.pdf,,True
TXN-000592,****-****-****-4009,AMAZON MKTPLACE,28.18,38.86,USD,1.379,2025-10-04 07:40:00,5943,Stationery & Writing Supplies,TXC-009,EMP009,Grace Lee,Operations,EMP008,3,APPROVED,,,,,,,https://receipts.brim.example/000592.pdf,,True
TXN-002144,****-****-****-4001,ESSO RETAIL 113,44.72,61.67,USD,1.379,2025-10-04 13:58:00,5172,Petroleum & Petroleum Products,TXC-001,EMP001,Olivia Reyes,Executive,,6,APPROVED,,,,,,,https://receipts.brim.example/002144.pdf,,True
TXN-003337,****-****-****-4009,COSTCO WHSE 44,165.84,228.69,USD,1.379,2025-10-04 15:50:00,5300,Wholesale Clubs,TXC-009,EMP009,Grace Lee,Operations,EMP008,3,APPROVED,,,,,,,https://receipts.brim.example/003337.pdf,,True
TXN-002771,****-****-****-4007,A&W STORE 551,25.37,34.99,USD,1.379,2025-10-04 17:35:00,5814,Fast Food Restaurants,TXC-007,EMP007,Carol White,Finance,EMP004,2,APPROVED,,,,,,,https://receipts.brim.example/002771.pdf,TRIP-0183,True
TXN-003936,****-****-****-4007,COMFORT INN 442,259.35,357.64,USD,1.379,2025-10-04 17:53:00,7011,"Hotels, Motels & Resorts",TXC-007,EMP007,Carol White,Finance,EMP004,2,APPROVED,,,,,,,https://receipts.brim.example/003936.pdf,,True
TXN-002577,****-****-****-4004,ULTRAMAR 55,73.41,101.23,USD,1.379,2025-10-04 18:33:00,5541,Service Stations,TXC-004,EMP004,Alice Chen,Finance,EMP002,4,APPROVED,,,,,,,https://receipts.brim.example/002577.pdf,,True
TXN-003832,****-****-****-4003,SUBWAY 40021,10.28,14.18,USD,1.379,2025-10-04 18:53:00,5814,Fast Food Restaurants,TXC-003,EMP003,Marcus Webb,Operations,EMP001,5,APPROVED,,,,,,,https://receipts.brim.example/003832.pdf,,True
TXN-001699,****-****-****-4004,PRECISE PARKLINK,32.1,44.27,USD,1.379,2025-10-04 19:22:00,7523,Parking Lots & Garages,TXC-004,EMP004,Alice Chen,Finance,EMP002,4,APPROVED,,,,,,,https://receipts.brim.example/001699.pdf,,True
TXN-003973,****-****-****-4001,ROADSIDE GRILL CO,34.93,48.17,USD,1.379,2025-10-04 19:46:00,5814,Fast Food Restaurants,TXC-001,EMP001,Olivia Reyes,Executive,,6,APPROVED,,,,,,,https://receipts.brim.example/003973.pdf,TRIP-0268,True
TXN-003721,****-****-****-4009,SHELL DT #4421,99.57,137.31,USD,1.379,2025-10-04 20:32:00,5172,Petroleum & Petroleum Products,TXC-009,EMP009,Grace Lee,Operations,EMP008,3,APPROVED,,,,,,,https://receipts.brim.example/003721.pdf,,True
TXN-003861,****-****-****-4001,A&W STORE 551,65.82,90.77,USD,1.379,2025-10-04 20:34:00,5814,Fast Food Restaurants,TXC-001,EMP001,Olivia Reyes,Executive,,6,APPROVED,,,,,,,https://receipts.brim.example/003861.pdf,TRIP-0259,True
TXN-004202,****-****-****-4009,ESSO RETAIL 113,55.65,76.74,USD,1.379,2025-10-05 07:30:00,5172,Petroleum & Petroleum Products,TXC-009,EMP009,Grace Lee,Operations,EMP008,3,APPROVED,,,,,,,https://receipts.brim.example/004202.pdf,,True
TXN-003355,****-****-****-4007,AWS MEMB,75.4,103.98,USD,1.379,2025-10-05 07:42:00,5734,Computer Software Stores,TXC-007,EMP007,Carol White,Finance,EMP004,2,APPROVED,,,,,,,https://receipts.brim.example/003355.pdf,,True
TXN-000113,****-****-****-4006,ESSO RETAIL 113,101.67,140.2,USD,1.379,2025-10-05 11:47:00,5541,Service Stations,TXC-006,EMP006,Bob Kumar,Finance,EMP004,2,APPROVED,,,,,,,https://receipts.brim.example/000113.pdf,TRIP-0002,True
TXN-002280,****-****-****-4007,MCDONALDS DT QPS,23.36,32.21,USD,1.379,2025-10-05 12:13:00,5812,Eating Places & Restaurants,TXC-007,EMP007,Carol White,Finance,EMP004,2,APPROVED,,,,,,,https://receipts.brim.example/002280.pdf,,True
TXN-001146,****-****-****-4007,ROADSIDE GRILL CO,32.68,45.07,USD,1.379,2025-10-05 13:26:00,5814,Fast Food Restaurants,TXC-007,EMP007,Carol White,Finance,EMP004,2,APPROVED,,,,,,,https://receipts.brim.example/001146.pdf,TRIP-0076,True
TXN-003700,****-****-****-4002,PETRO-CANADA 8821,31.82,43.88,USD,1.379,2025-10-05 14:16:00,5541,Service Stations,TXC-002,EMP002,Priya Nair,Finance,EMP001,5,APPROVED,,,,,,,https://receipts.brim.example/003700.pdf,,True
TXN-003905,****-****-****-4003,SUBWAY 40021,44.18,60.92,USD,1.379,2025-10-05 14:48:00,5812,Eating Places & Restaurants,TXC-003,EMP003,Marcus Webb,Operations,EMP001,5,APPROVED,,,,,,,https://receipts.brim.example/003905.pdf,TRIP-0264,True
TXN-002012,****-****-****-4002,SUPER 8 MOTEL,193.92,267.42,USD,1.379,2025-10-05 15:56:00,7011,"Hotels, Motels & Resorts",TXC-002,EMP002,Priya Nair,Finance,EMP001,5,APPROVED,,,,,,,https://receipts.brim.example/002012.pdf,TRIP-0137,True
TXN-002324,****-****-****-4003,WENDYS 7781,32.69,45.08,USD,1.379,2025-10-05 16:48:00,5812,Eating Places & Restaurants,TXC-003,EMP003,Marcus Webb,Operations,EMP001,5,APPROVED,,,,,,,https://receipts.brim.example/002324.pdf,,True
TXN-000847,****-****-****-4007,WENDYS 7781,26.38,36.38,USD,1.379,2025-10-05 16:59:00,5812,Eating Places & Restaurants,TXC-007,EMP007,Carol White,Finance,EMP004,2,APPROVED,,,,,,,https://receipts.brim.example/000847.pdf,,True
TXN-003974,****-****-****-4001,PETRO-CANADA 8821,43.07,59.39,USD,1.379,2025-10-05 17:01:00,5541,Service Stations,TXC-001,EMP001,Olivia Reyes,Executive,,6,APPROVED,,,,,,,https://receipts.brim.example/003974.pdf,TRIP-0268,True
TXN-003907,****-****-****-4003,ESSO RETAIL 113,39.57,54.57,USD,1.379,2025-10-05 17:54:00,5172,Petroleum & Petroleum Products,TXC-003,EMP003,Marcus Webb,Operations,EMP001,5,APPROVED,,,,,,,https://receipts.brim.example/003907.pdf,TRIP-0264,True
TXN-004022,****-****-****-4004,WENDYS 7781,20.23,27.9,USD,1.379,2025-10-05 18:23:00,5812,Eating Places & Restaurants,TXC-004,EMP004,Alice Chen,Finance,EMP002,4,APPROVED,,,,,,,https://receipts.brim.example/004022.pdf,TRIP-0272,True
TXN-002747,****-****-****-4009,ULTRAMAR 55,48.24,66.52,USD,1.379,2025-10-05 18:41:00,5172,Petroleum & Petroleum Products,TXC-009,EMP009,Grace Lee,Operations,EMP008,3,APPROVED,,,,,,,https://receipts.brim.example/002747.pdf,,True
TXN-000318,****-****-****-4003,A&W STORE 551,39.77,54.84,USD,1.379,2025-10-05 20:01:00,5814,Fast Food Restaurants,TXC-003,EMP003,Marcus Webb,Operations,EMP001,5,APPROVED,,,,,,,https://receipts.brim.example/000318.pdf,,True
TXN-000144,****-****-****-4008,PILOT TRAVEL 209,136.57,188.33,USD,1.379,2025-10-05 20:05:00,5172,Petroleum & Petroleum Products,TXC-008,EMP008,Eric Tran,Operations,EMP003,4,APPROVED,,,,,,,https://receipts.brim.example/000144.pdf,,True
TXN-002013,****-****-****-4002,BOSTON PIZZA 12,10.45,14.41,USD,1.379,2025-10-05 20:14:00,5812,Eating Places & Restaurants,TXC-002,EMP002,Priya Nair,Finance,EMP001,5,APPROVED,,,,,,,https://receipts.brim.example/002013.pdf,TRIP-0137,True
TXN-002124,****-****-****-4009,KAL TIRE 9,284.56,392.41,USD,1.379,2025-10-05 20:24:00,7531,Auto Body Repair Shops,TXC-009,EMP009,Grace Lee,Operations,EMP008,3,APPROVED,,,,,,,https://receipts.brim.example/002124.pdf,,True
TXN-003298,****-****-****-4009,SUPER 8 MOTEL,124.07,171.09,USD,1.379,2025-10-05 20:56:00,7011,"Hotels, Motels & Resorts",TXC-009,EMP009,Grace Lee,Operations,EMP008,3,APPROVED,,,,,,,https://receipts.brim.example/003298.pdf,TRIP-0219,True
TXN-000025,****-****-****-4006,AMAZON MKTPLACE,18.2,25.1,USD,1.379,2025-10-06 02:00:00,5943,Stationery & Writing Supplies,TXC-006,EMP006,Bob Kumar,Finance,EMP004,2,APPROVED,,,,,,,https://receipts.brim.example/000025.pdf,,True
TXN-000112,****-****-****-4006,MCDONALDS DT QPS,16.06,22.15,USD,1.379,2025-10-06 06:43:00,5814,Fast Food Restaurants,TXC-006,EMP006,Bob Kumar,Finance,EMP004,2,APPROVED,,,,,,,https://receipts.brim.example/000112.pdf,TRIP-0002,True
TXN-000831,****-****-****-4002,KAL TIRE 9,288.63,398.02,USD,1.379,2025-10-06 08:59:00,7538,Automotive Service Shops,TXC-002,EMP002,Priya Nair,Finance,EMP001,5,PENDING,,,,,,,https://receipts.brim.example/000831.pdf,,False
TXN-002965,****-****-****-4004,ROADSIDE GRILL CO,16.01,22.08,USD,1.379,2025-10-06 09:10:00,5812,Eating Places & Restaurants,TXC-004,EMP004,Alice Chen,Finance,EMP002,4,APPROVED,,,,,,,https://receipts.brim.example/002965.pdf,,True
TXN-002067,****-****-****-4008,KAL TIRE 9,217.48,299.9,USD,1.379,2025-10-06 10:27:00,7531,Auto Body Repair Shops,TXC-008,EMP008,Eric Tran,Operations,EMP003,4,APPROVED,,,,,,,https://receipts.brim.example/002067.pdf,,True
TXN-000111,****-****-****-4006,DAYS INN 209,151.61,209.07,USD,1.379,2025-10-06 10:29:00,7011,"Hotels, Motels & Resorts",TXC-006,EMP006,Bob Kumar,Finance,EMP004,2,APPROVED,,,,,,,https://receipts.brim.example/000111.pdf,TRIP-0002,True
TXN-003994,****-****-****-4009,PETRO-CANADA 8821,120.83,166.62,USD,1.379,2025-10-06 12:32:00,5541,Service Stations,TXC-009,EMP009,Grace Lee,Operations,EMP008,3,APPROVED,,,,,,,,,True
TXN-003993,****-****-****-4009,SHELL DT #4421,52.06,71.79,USD,1.379,2025-10-06 13:17:00,5541,Service Stations,TXC-009,EMP009,Grace Lee,Operations,EMP008,3,APPROVED,,,,,,,https://receipts.brim.example/003993.pdf,,True
TXN-003156,****-****-****-4008,COSTCO WHSE 44,56.14,77.42,USD,1.379,2025-10-06 13:36:00,5045,Computers & Peripherals,TXC-008,EMP008,Eric Tran,Operations,EMP003,4,APPROVED,,,,,,,,,True
TXN-001342,****-****-****-4004,BOSTON PIZZA 12,33.97,46.84,USD,1.379,2025-10-06 14:11:00,5812,Eating Places & Restaurants,TXC-004,EMP004,Alice Chen,Finance,EMP002,4,APPROVED,,,,,,,https://receipts.brim.example/001342.pdf,,True
TXN-003487,****-****-****-4004,QUICK FUEL STOP,27.96,38.56,USD,1.379,2025-10-06 14:31:00,5172,Petroleum & Petroleum Products,TXC-004,EMP004,Alice Chen,Finance,EMP002,4,APPROVED,,,,,,,https://receipts.brim.example/003487.pdf,,True
TXN-000652,****-****-****-4009,ROGERS WIRELESS,58.01,80.0,USD,1.379,2025-10-06 15:58:00,4814,Telecom Services,TXC-009,EMP009,Grace Lee,Operations,EMP008,3,APPROVED,,,,,,,https://receipts.brim.example/000652.pdf,,True
TXN-001865,****-****-****-4008,TIM HORTONS #882,14.98,20.66,USD,1.379,2025-10-06 16:49:00,5814,Fast Food Restaurants,TXC-008,EMP008,Eric Tran,Operations,EMP003,4,APPROVED,,,,,,,https://receipts.brim.example/001865.pdf,TRIP-0124,True
TXN-003121,****-****-****-4008,WENDYS 7781,35.54,49.01,USD,1.379,2025-10-06 17:08:00,5812,Eating Places & Restaurants,TXC-008,EMP008,Eric Tran,Operations,EMP003,4,APPROVED,,,,,,,https://receipts.brim.example/003121.pdf,,True
TXN-003187,****-****-****-4007,GREEN P PARKING,38.83,53.55,USD,1.379,2025-10-06 17:33:00,4131,Bus Lines / Tolls,TXC-007,EMP007,Carol White,Finance,EMP004,2,APPROVED,,,,,,,https://receipts.brim.example/003187.pdf,,True
TXN-002921,****-****-****-4001,ULTRAMAR 55,67.63,93.26,USD,1.379,2025-10-06 17:36:00,5172,Petroleum & Petroleum Products,TXC-001,EMP001,Olivia Reyes,Executive,,6,APPROVED,,,,,,,,,True
TXN-003204,****-****-****-4008,FOUNTAIN TIRE,240.65,331.86,USD,1.379,2025-10-06 18:58:00,7531,Auto Body Repair Shops,TXC-008,EMP008,Eric Tran,Operations,EMP003,4,APPROVED,,,,,,,https://receipts.brim.example/003204.pdf,,True
TXN-003448,****-****-****-4001,ULTRAMAR 55,52.73,72.71,USD,1.379,2025-10-06 20:14:00,5541,Service Stations,TXC-001,EMP001,Olivia Reyes,Executive,,6,APPROVED,,,,,,,https://receipts.brim.example/003448.pdf,,True
TXN-003299,****-****-****-4009,A&W STORE 551,42.25,58.26,USD,1.379,2025-10-07 00:22:00,5814,Fast Food Restaurants,TXC-009,EMP009,Grace Lee,Operations,EMP008,3,APPROVED,,,,,,,https://receipts.brim.example/003299.pdf,TRIP-0219,True
TXN-000934,****-****-****-4007,PETRO-CANADA 8821,43.77,60.36,USD,1.379,2025-10-07 08:43:00,5541,Service Stations,TXC-007,EMP007,Carol White,Finance,EMP004,2,APPROVED,,,,,,,https://receipts.brim.example/000934.pdf,,True
TXN-000115,****-****-****-4004,BEST WESTERN 71,124.51,171.7,USD,1.379,2025-10-07 09:45:00,7011,"Hotels, Motels & Resorts",TXC-004,EMP004,Alice Chen,Finance,EMP002,4,APPROVED,,,,,,,,TRIP-0003,True
TXN-001145,****-****-****-4007,HOLIDAY INN EXPRESS,105.02,144.82,USD,1.379,2025-10-07 10:04:00,7011,"Hotels, Motels & Resorts",TXC-007,EMP007,Carol White,Finance,EMP004,2,APPROVED,,,,,,,https://receipts.brim.example/001145.pdf,TRIP-0076,True
TXN-003553,****-****-****-4004,ESSO RETAIL 113,27.57,38.02,USD,1.379,2025-10-07 10:30:00,5172,Petroleum & Petroleum Products,TXC-004,EMP004,Alice Chen,Finance,EMP002,4,APPROVED,,,,,,,https://receipts.brim.example/003553.pdf,,True
TXN-001050,****-****-****-4008,MCDONALDS DT QPS,15.8,21.79,USD,1.379,2025-10-07 10:38:00,5812,Eating Places & Restaurants,TXC-008,EMP008,Eric Tran,Operations,EMP003,4,APPROVED,,,,,,,https://receipts.brim.example/001050.pdf,,True
TXN-000552,****-****-****-4009,PILOT TRAVEL 209,69.38,95.68,USD,1.379,2025-10-07 11:14:00,5172,Petroleum & Petroleum Products,TXC-009,EMP009,Grace Lee,Operations,EMP008,3,PENDING,,,,,,,https://receipts.brim.example/000552.pdf,,False
TXN-002434,****-****-****-4004,AMAZON MKTPLACE,51.31,70.76,USD,1.379,2025-10-07 11:42:00,5111,Stationery & Office Supplies,TXC-004,EMP004,Alice Chen,Finance,EMP002,4,APPROVED,,,,,,,https://receipts.brim.example/002434.pdf,,True
TXN-001393,****-****-****-4008,BOSTON PIZZA 12,24.47,33.74,USD,1.379,2025-10-07 13:30:00,5812,Eating Places & Restaurants,TXC-008,EMP008,Eric Tran,Operations,EMP003,4,APPROVED,,,,,,,https://receipts.brim.example/001393.pdf,TRIP-0095,True
TXN-001862,****-****-****-4008,HOLIDAY INN EXPRESS,97.82,134.89,USD,1.379,2025-10-07 15:21:00,7011,"Hotels, Motels & Resorts",TXC-008,EMP008,Eric Tran,Operations,EMP003,4,APPROVED,,,,,,,https://receipts.brim.example/001862.pdf,TRIP-0124,True
TXN-004040,****-****-****-4008,TIM HORTONS #882,20.49,28.26,USD,1.379,2025-10-07 16:03:00,5812,Eating Places & Restaurants,TXC-008,EMP008,Eric Tran,Operations,EMP003,4,APPROVED,,,,,,,https://receipts.brim.example/004040.pdf,,True
TXN-001305,****-****-****-4008,SHELL DT #4421,83.88,115.67,USD,1.379,2025-10-07 16:37:00,5541,Service Stations,TXC-008,EMP008,Eric Tran,Operations,EMP003,4,PENDING,,,,,,,https://receipts.brim.example/001305.pdf,,False
TXN-004079,****-****-****-4009,IMPARK LOT 88,20.35,28.06,USD,1.379,2025-10-07 16:54:00,4131,Bus Lines / Tolls,TXC-009,EMP009,Grace Lee,Operations,EMP008,3,APPROVED,,,,,,,https://receipts.brim.example/004079.pdf,,True
TXN-002001,****-****-****-4009,ROADSIDE GRILL CO,24.5,33.79,USD,1.379,2025-10-07 19:14:00,5814,Fast Food Restaurants,TXC-009,EMP009,Grace Lee,Operations,EMP008,3,APPROVED,,,,,,,https://receipts.brim.example/002001.pdf,,True
TXN-000933,****-****-****-4001,PETRO-CANADA 8821,47.77,65.87,USD,1.379,2025-10-07 19:16:00,5541,Service Stations,TXC-001,EMP001,Olivia Reyes,Executive,,6,APPROVED,,,,,,,https://receipts.brim.example/000933.pdf,,True
TXN-003623,****-****-****-4004,WENDYS 7781,37.78,52.1,USD,1.379,2025-10-07 19:16:00,5812,Eating Places & Restaurants,TXC-004,EMP004,Alice Chen,Finance,EMP002,4,APPROVED,,,,,,,https://receipts.brim.example/003623.pdf,,True
TXN-004020,****-****-****-4004,HOLIDAY INN EXPRESS,135.69,187.12,USD,1.379,2025-10-07 19:57:00,7011,"Hotels, Motels & Resorts",TXC-004,EMP004,Alice Chen,Finance,EMP002,4,APPROVED,,,,,,,https://receipts.brim.example/004020.pdf,TRIP-0272,True
TXN-003178,****-****-****-4008,ULTRAMAR 55,68.09,93.9,USD,1.379,2025-10-07 20:26:00,5541,Service Stations,TXC-008,EMP008,Eric Tran,Operations,EMP003,4,APPROVED,,,,,,,https://receipts.brim.example/003178.pdf,,True
TXN-004306,****-****-****-4009,PILOT TRAVEL 209,139.97,193.02,USD,1.379,2025-10-07 20:31:00,5172,Petroleum & Petroleum Products,TXC-009,EMP009,Grace Lee,Operations,EMP008,3,PENDING,,,,,,,https://receipts.brim.example/004306.pdf,,False
TXN-003300,****-****-****-4009,FLYING J #771,44.9,61.92,USD,1.379,2025-10-07 20:35:00,5541,Service Stations,TXC-009,EMP009,Grace Lee,Operations,EMP008,3,APPROVED,,,,,,,https://receipts.brim.example/003300.pdf,TRIP-0219,True
TXN-001959,****-****-****-4004,MICROSOFT 365,224.52,309.61,USD,1.379,2025-10-07 21:33:00,5734,Computer Software Stores,TXC-004,EMP004,Alice Chen,Finance,EMP002,4,APPROVED,,,,,,,https://receipts.brim.example/001959.pdf,,True
TXN-001118,****-****-****-4004,HOLIDAY INN EXPRESS,182.89,252.21,USD,1.379,2025-10-07 21:58:00,7011,"Hotels, Motels & Resorts",TXC-004,EMP004,Alice Chen,Finance,EMP002,4,APPROVED,,,,,,,https://receipts.brim.example/001118.pdf,,True
TXN-001583,****-****-****-4001,SHELL DT #4421,80.33,110.78,USD,1.379,2025-10-08 07:24:00,5172,Petroleum & Petroleum Products,TXC-001,EMP001,Olivia Reyes,Executive,,6,APPROVED,,,,,,,https://receipts.brim.example/001583.pdf,,True
TXN-001319,****-****-****-4009,WENDYS 7781,32.9,45.37,USD,1.379,2025-10-08 08:25:00,5812,Eating Places & Restaurants,TXC-009,EMP009,Grace Lee,Operations,EMP008,3,APPROVED,,,,,,,https://receipts.brim.example/001319.pdf,,True
TXN-002165,****-****-****-4003,DAYS INN 209,188.33,259.71,USD,1.379,2025-10-08 10:09:00,7011,"Hotels, Motels & Resorts",TXC-003,EMP003,Marcus Webb,Operations,EMP001,5,APPROVED,,,,,,,https://receipts.brim.example/002165.pdf,,True
TXN-001079,****-****-****-4003,MICROSOFT 365,144.36,199.07,USD,1.379,2025-10-08 10:28:00,4814,Telecom Services,TXC-003,EMP003,Marcus Webb,Operations,EMP001,5,APPROVED,,,,,,,https://receipts.brim.example/001079.pdf,,True
TXN-000293,****-****-****-4003,ESSO RETAIL 113,50.83,70.09,USD,1.379,2025-10-08 12:37:00,5172,Petroleum & Petroleum Products,TXC-003,EMP003,Marcus Webb,Operations,EMP001,5,APPROVED,,,,,,,https://receipts.brim.example/000293.pdf,,True
TXN-004049,****-****-****-4002,WENDYS 7781,36.22,49.95,USD,1.379,2025-10-08 12:58:00,5814,Fast Food Restaurants,TXC-002,EMP002,Priya Nair,Finance,EMP001,5,APPROVED,,,,,,,https://receipts.brim.example/004049.pdf,,True
TXN-002439,****-****-****-4008,FLYING J #771,44.07,60.77,USD,1.379,2025-10-08 14:15:00,5541,Service Stations,TXC-008,EMP008,Eric Tran,Operations,EMP003,4,APPROVED,,,,,,,https://receipts.brim.example/002439.pdf,,True
TXN-004239,****-****-****-4001,FOUNTAIN TIRE,289.57,399.32,USD,1.379,2025-10-08 14:45:00,7531,Auto Body Repair Shops,TXC-001,EMP001,Olivia Reyes,Executive,,6,APPROVED,,,,,,,https://receipts.brim.example/004239.pdf,,True
TXN-000337,****-****-****-4003,BOSTON PIZZA 12,15.07,20.78,USD,1.379,2025-10-08 15:24:00,5812,Eating Places & Restaurants,TXC-003,EMP003,Marcus Webb,Operations,EMP001,5,APPROVED,,,,,,,https://receipts.brim.example/000337.pdf,,True
TXN-001864,****-****-****-4008,SUBWAY 40021,35.77,49.33,USD,1.379,2025-10-08 15:49:00,5814,Fast Food Restaurants,TXC-008,EMP008,Eric Tran,Operations,EMP003,4,APPROVED,,,,,,,https://receipts.brim.example/001864.pdf,TRIP-0124,True
TXN-001863,****-****-****-4008,PILOT TRAVEL 209,110.84,152.85,USD,1.379,2025-10-08 17:14:00,5541,Service Stations,TXC-008,EMP008,Eric Tran,Operations,EMP003,4,APPROVED,,,,,,,https://receipts.brim.example/001863.pdf,TRIP-0124,True
TXN-003351,****-****-****-4009,BOSTON PIZZA 12,29.78,41.07,USD,1.379,2025-10-08 17:53:00,5814,Fast Food Restaurants,TXC-009,EMP009,Grace Lee,Operations,EMP008,3,APPROVED,,,,,,,https://receipts.brim.example/003351.pdf,,True
TXN-002395,****-****-****-4009,FLYING J #771,16.37,22.57,USD,1.379,2025-10-08 17:56:00,5541,Service Stations,TXC-009,EMP009,Grace Lee,Operations,EMP008,3,APPROVED,,,,,,,https://receipts.brim.example/002395.pdf,,True
TXN-002542,****-****-****-4007,GREEN P PARKING,28.58,39.41,USD,1.379,2025-10-08 18:46:00,4131,Bus Lines / Tolls,TXC-007,EMP007,Carol White,Finance,EMP004,2,APPROVED,,,,,,,https://receipts.brim.example/002542.pdf,,True
TXN-003585,****-****-****-4006,COMFORT INN 442,133.23,183.72,USD,1.379,2025-10-08 18:48:00,7011,"Hotels, Motels & Resorts",TXC-006,EMP006,Bob Kumar,Finance,EMP004,2,APPROVED,,,,,,,https://receipts.brim.example/003585.pdf,,True
TXN-003986,****-****-****-4002,TIM HORTONS #882,20.78,28.66,USD,1.379,2025-10-08 19:00:00,5814,Fast Food Restaurants,TXC-002,EMP002,Priya Nair,Finance,EMP001,5,APPROVED,,,,,,,https://receipts.brim.example/003986.pdf,TRIP-0269,True
TXN-000436,****-****-****-4008,CANADIAN TIRE 445,158.69,218.83,USD,1.379,2025-10-08 19:26:00,7538,Automotive Service Shops,TXC-008,EMP008,Eric Tran,Operations,EMP003,4,APPROVED,,,,,,,,,True
TXN-003985,****-****-****-4002,WENDYS 7781,39.1,53.92,USD,1.379,2025-10-08 19:39:00,5812,Eating Places & Restaurants,TXC-002,EMP002,Priya Nair,Finance,EMP001,5,APPROVED,,,,,,,https://receipts.brim.example/003985.pdf,TRIP-0269,True
TXN-003022,****-****-****-4003,IMPARK LOT 88,56.3,77.64,USD,1.379,2025-10-08 20:06:00,7523,Parking Lots & Garages,TXC-003,EMP003,Marcus Webb,Operations,EMP001,5,APPROVED,,,,,,,https://receipts.brim.example/003022.pdf,,True
TXN-000616,****-****-****-4008,ULTRAMAR 55,63.9,88.12,USD,1.379,2025-10-08 20:15:00,5172,Petroleum & Petroleum Products,TXC-008,EMP008,Eric Tran,Operations,EMP003,4,APPROVED,,,,,,,https://receipts.brim.example/000616.pdf,,True
TXN-003410,****-****-****-4009,MICROSOFT 365,94.98,130.98,USD,1.379,2025-10-08 20:46:00,5734,Computer Software Stores,TXC-009,EMP009,Grace Lee,Operations,EMP008,3,APPROVED,,,,,,,https://receipts.brim.example/003410.pdf,,True
TXN-003443,****-****-****-4002,BOSTON PIZZA 12,61.44,84.73,USD,1.379,2025-10-08 20:51:00,5814,Fast Food Restaurants,TXC-002,EMP002,Priya Nair,Finance,EMP001,5,APPROVED,,,,,,,https://receipts.brim.example/003443.pdf,,True
TXN-000803,****-****-****-4005,407 ETR TOLL,37.95,52.33,USD,1.379,2025-10-08 21:03:00,4131,Bus Lines / Tolls,TXC-005,EMP005,Dana Park,Finance,EMP002,3,APPROVED,,,,,,,https://receipts.brim.example/000803.pdf,,True
TXN-001025,****-****-****-4002,PILOT TRAVEL 209,149.99,206.84,USD,1.379,2025-10-08 22:47:00,5541,Service Stations,TXC-002,EMP002,Priya Nair,Finance,EMP001,5,APPROVED,,,,,,,https://receipts.brim.example/001025.pdf,TRIP-0066,True
TXN-004021,****-****-****-4004,ULTRAMAR 55,13.42,18.51,USD,1.379,2025-10-09 00:34:00,5541,Service Stations,TXC-004,EMP004,Alice Chen,Finance,EMP002,4,APPROVED,,,,,,,https://receipts.brim.example/004021.pdf,TRIP-0272,True
TXN-000116,****-****-****-4004,QUICK FUEL STOP,47.06,64.9,USD,1.379,2025-10-09 05:21:00,5172,Petroleum & Petroleum Products,TXC-004,EMP004,Alice Chen,Finance,EMP002,4,APPROVED,,,,,,,https://receipts.brim.example/000116.pdf,TRIP-0003,True
TXN-001581,****-****-****-4002,ULTRAMAR 55,73.5,101.36,USD,1.379,2025-10-09 07:23:00,5172,Petroleum & Petroleum Products,TXC-002,EMP002,Priya Nair,Finance,EMP001,5,PENDING,,,,,,,https://receipts.brim.example/001581.pdf,,False
TXN-001448,****-****-****-4009,QUICK FUEL STOP,111.63,153.94,USD,1.379,2025-10-09 07:41:00,5172,Petroleum & Petroleum Products,TXC-009,EMP009,Grace Lee,Operations,EMP008,3,APPROVED,,,,,,,https://receipts.brim.example/001448.pdf,,True
TXN-000327,****-****-****-4009,MCDONALDS DT QPS,37.9,52.26,USD,1.379,2025-10-09 07:47:00,5812,Eating Places & Restaurants,TXC-009,EMP009,Grace Lee,Operations,EMP008,3,APPROVED,,,,,,,https://receipts.brim.example/000327.pdf,,True
TXN-002267,****-****-****-4004,SHELL DT #4421,188.03,259.29,USD,1.379,2025-10-09 08:42:00,5541,Service Stations,TXC-004,EMP004,Alice Chen,Finance,EMP002,4,APPROVED,,,,,,,https://receipts.brim.example/002267.pdf,,True
TXN-000334,****-****-****-4005,ESSO RETAIL 113,46.74,64.45,USD,1.379,2025-10-09 08:44:00,5541,Service Stations,TXC-005,EMP005,Dana Park,Finance,EMP002,3,APPROVED,,,,,,,https://receipts.brim.example/000334.pdf,,True
TXN-001036,****-****-****-4006,COSTCO WHSE 44,245.24,338.19,USD,1.379,2025-10-09 09:07:00,5300,Wholesale Clubs,TXC-006,EMP006,Bob Kumar,Finance,EMP004,2,APPROVED,,,,,,,https://receipts.brim.example/001036.pdf,,True
TXN-004003,****-****-****-4002,SHELL DT #4421,46.86,64.62,USD,1.379,2025-10-09 09:19:00,5172,Petroleum & Petroleum Products,TXC-002,EMP002,Priya Nair,Finance,EMP001,5,APPROVED,,,,,,,https://receipts.brim.example/004003.pdf,,True
TXN-000284,****-****-****-4003,GRAND & TOY 5,25.63,35.34,USD,1.379,2025-10-09 09:20:00,5111,Stationery & Office Supplies,TXC-003,EMP003,Marcus Webb,Operations,EMP001,5,APPROVED,,,,,,,https://receipts.brim.example/000284.pdf,,True
TXN-000729,****-****-****-4004,FLYING J #771,108.94,150.23,USD,1.379,2025-10-09 10:27:00,5172,Petroleum & Petroleum Products,TXC-004,EMP004,Alice Chen,Finance,EMP002,4,PENDING,,,,,,,https://receipts.brim.example/000729.pdf,,False
TXN-002657,****-****-****-4008,BOSTON PIZZA 12,25.55,35.23,USD,1.379,2025-10-09 10:37:00,5814,Fast Food Restaurants,TXC-008,EMP008,Eric Tran,Operations,EMP003,4,APPROVED,,,,,,,https://receipts.brim.example/002657.pdf,,True
TXN-002453,****-****-****-4007,407 ETR TOLL,33.86,46.69,USD,1.379,2025-10-09 10:57:00,4131,Bus Lines / Tolls,TXC-007,EMP007,Carol White,Finance,EMP004,2,APPROVED,,,,,,,https://receipts.brim.example/002453.pdf,,True
TXN-000154,****-****-****-4009,PILOT TRAVEL 209,36.23,49.96,USD,1.379,2025-10-09 12:13:00,5172,Petroleum & Petroleum Products,TXC-009,EMP009,Grace Lee,Operations,EMP008,3,APPROVED,,,,,,,https://receipts.brim.example/000154.pdf,,True
TXN-002574,****-****-****-4007,ROADSIDE GRILL CO,37.61,51.86,USD,1.379,2025-10-09 12:44:00,5812,Eating Places & Restaurants,TXC-007,EMP007,Carol White,Finance,EMP004,2,APPROVED,,,,,,,https://receipts.brim.example/002574.pdf,,True
TXN-000943,****-****-****-4007,BOSTON PIZZA 12,18.3,25.24,USD,1.379,2025-10-09 13:31:00,5812,Eating Places & Restaurants,TXC-007,EMP007,Carol White,Finance,EMP004,2,APPROVED,,,,,,,https://receipts.brim.example/000943.pdf,,True
TXN-001391,****-****-****-4008,DAYS INN 209,106.53,146.9,USD,1.379,2025-10-09 15:24:00,7011,"Hotels, Motels & Resorts",TXC-008,EMP008,Eric Tran,Operations,EMP003,4,APPROVED,,,,,,,https://receipts.brim.example/001391.pdf,TRIP-0095,True
TXN-002217,****-****-****-4003,PRECISE PARKLINK,17.86,24.63,USD,1.379,2025-10-09 16:08:00,7523,Parking Lots & Garages,TXC-003,EMP003,Marcus Webb,Operations,EMP001,5,APPROVED,,,,,,,https://receipts.brim.example/002217.pdf,,True
TXN-004215,****-****-****-4007,ROADSIDE GRILL CO,29.33,40.45,USD,1.379,2025-10-09 16:13:00,5812,Eating Places & Restaurants,TXC-007,EMP007,Carol White,Finance,EMP004,2,APPROVED,,,,,,,https://receipts.brim.example/004215.pdf,TRIP-0284,True
TXN-001730,****-****-****-4004,QUICK FUEL STOP,49.1,67.71,USD,1.379,2025-10-09 17:00:00,5541,Service Stations,TXC-004,EMP004,Alice Chen,Finance,EMP002,4,APPROVED,,,,,,,https://receipts.brim.example/001730.pdf,,True
TXN-004047,****-****-****-4009,MCDONALDS DT QPS,46.91,64.69,USD,1.379,2025-10-09 18:57:00,5814,Fast Food Restaurants,TXC-009,EMP009,Grace Lee,Operations,EMP008,3,APPROVED,,,,,,,https://receipts.brim.example/004047.pdf,,True
TXN-003589,****-****-****-4003,ESSO RETAIL 113,53.65,73.98,USD,1.379,2025-10-09 19:02:00,5172,Petroleum & Petroleum Products,TXC-003,EMP003,Marcus Webb,Operations,EMP001,5,APPROVED,,,,,,,https://receipts.brim.example/003589.pdf,,True
TXN-001392,****-****-****-4008,TIM HORTONS #882,14.45,19.93,USD,1.379,2025-10-09 19:28:00,5814,Fast Food Restaurants,TXC-008,EMP008,Eric Tran,Operations,EMP003,4,APPROVED,,,,,,,https://receipts.brim.example/001392.pdf,TRIP-0095,True
TXN-003984,****-****-****-4002,HOLIDAY INN EXPRESS,131.63,181.52,USD,1.379,2025-10-09 20:18:00,7011,"Hotels, Motels & Resorts",TXC-002,EMP002,Priya Nair,Finance,EMP001,5,APPROVED,,,,,,,https://receipts.brim.example/003984.pdf,TRIP-0269,True
TXN-000984,****-****-****-4004,DAYS INN 209,128.82,177.64,USD,1.379,2025-10-09 21:43:00,7011,"Hotels, Motels & Resorts",TXC-004,EMP004,Alice Chen,Finance,EMP002,4,APPROVED,,,,,,,https://receipts.brim.example/000984.pdf,TRIP-0061,True
TXN-003987,****-****-****-4004,ULTRAMAR 55,76.29,105.2,USD,1.379,2025-10-09 21:52:00,5172,Petroleum & Petroleum Products,TXC-004,EMP004,Alice Chen,Finance,EMP002,4,APPROVED,,,,,,,,,True
TXN-002197,****-****-****-4004,PILOT TRAVEL 209,98.43,135.73,USD,1.379,2025-10-10 08:17:00,5541,Service Stations,TXC-004,EMP004,Alice Chen,Finance,EMP002,4,APPROVED,,,,,,,https://receipts.brim.example/002197.pdf,,True
TXN-000666,****-****-****-4008,WENDYS 7781,15.11,20.84,USD,1.379,2025-10-10 08:57:00,5812,Eating Places & Restaurants,TXC-008,EMP008,Eric Tran,Operations,EMP003,4,APPROVED,,,,,,,https://receipts.brim.example/000666.pdf,,True
TXN-000359,****-****-****-4007,COMFORT INN 442,182.89,252.21,USD,1.379,2025-10-10 10:50:00,7011,"Hotels, Motels & Resorts",TXC-007,EMP007,Carol White,Finance,EMP004,2,APPROVED,,,,,,,https://receipts.brim.example/000359.pdf,TRIP-0023,True
TXN-000026,****-****-****-4006,GRAND & TOY 5,12.75,17.58,USD,1.379,2025-10-10 13:00:00,5812,Eating Places & Restaurants,TXC-006,EMP006,Bob Kumar,Finance,EMP004,2,APPROVED,,,,,,,https://receipts.brim.example/000026.pdf,,True
TXN-001271,****-****-****-4003,STAPLES #112,31.5,43.44,USD,1.379,2025-10-10 14:44:00,5111,Stationery & Office Supplies,TXC-003,EMP003,Marcus Webb,Operations,EMP001,5,APPROVED,,,,,,,https://receipts.brim.example/001271.pdf,,True
TXN-001394,****-****-****-4008,SHELL DT #4421,127.46,175.77,USD,1.379,2025-10-10 15:35:00,5541,Service Stations,TXC-008,EMP008,Eric Tran,Operations,EMP003,4,APPROVED,,,,,,,https://receipts.brim.example/001394.pdf,TRIP-0095,True
TXN-003021,****-****-****-4003,QUICK FUEL STOP,54.91,75.72,USD,1.379,2025-10-10 16:21:00,5172,Petroleum & Petroleum Products,TXC-003,EMP003,Marcus Webb,Operations,EMP001,5,PENDING,,,,,,,https://receipts.brim.example/003021.pdf,TRIP-0196,False
TXN-003018,****-****-****-4003,COMFORT INN 442,174.67,240.87,USD,1.379,2025-10-10 17:34:00,7011,"Hotels, Motels & Resorts",TXC-003,EMP003,Marcus Webb,Operations,EMP001,5,APPROVED,,,,,,,https://receipts.brim.example/003018.pdf,TRIP-0196,True
TXN-001024,****-****-****-4002,BEST WESTERN 71,290.58,400.71,USD,1.379,2025-10-10 17:47:00,7011,"Hotels, Motels & Resorts",TXC-002,EMP002,Priya Nair,Finance,EMP001,5,PENDING,,,,,,,,TRIP-0066,False
TXN-004214,****-****-****-4007,COMFORT INN 442,133.38,183.93,USD,1.379,2025-10-10 18:39:00,7011,"Hotels, Motels & Resorts",TXC-007,EMP007,Carol White,Finance,EMP004,2,PENDING,,,,,,,https://receipts.brim.example/004214.pdf,TRIP-0284,False
TXN-001071,****-****-****-4009,A&W STORE 551,34.38,47.41,USD,1.379,2025-10-10 18:53:00,5812,Eating Places & Restaurants,TXC-009,EMP009,Grace Lee,Operations,EMP008,3,APPROVED,,,,,,,https://receipts.brim.example/001071.pdf,,True
TXN-002233,****-****-****-4004,SUPER 8 MOTEL,103.02,142.06,USD,1.379,2025-10-10 19:33:00,7011,"Hotels, Motels & Resorts",TXC-004,EMP004,Alice Chen,Finance,EMP002,4,APPROVED,,,,,,,https://receipts.brim.example/002233.pdf,,True
TXN-001446,****-****-****-4002,CANADIAN TIRE 445,156.47,215.77,USD,1.379,2025-10-10 19:58:00,7538,Automotive Service Shops,TXC-002,EMP002,Priya Nair,Finance,EMP001,5,PENDING,,,,,,,https://receipts.brim.example/001446.pdf,,False
TXN-003916,****-****-****-4007,A&W STORE 551,29.59,40.8,USD,1.379,2025-10-10 20:42:00,5814,Fast Food Restaurants,TXC-007,EMP007,Carol White,Finance,EMP004,2,APPROVED,,,,,,,https://receipts.brim.example/003916.pdf,,True
TXN-001306,****-****-****-4004,DAYS INN 209,224.41,309.46,USD,1.379,2025-10-10 20:46:00,7011,"Hotels, Motels & Resorts",TXC-004,EMP004,Alice Chen,Finance,EMP002,4,PENDING,,,,,,,https://receipts.brim.example/001306.pdf,TRIP-0089,False
TXN-003582,****-****-****-4004,WENDYS 7781,26.11,36.01,USD,1.379,2025-10-10 20:50:00,5812,Eating Places & Restaurants,TXC-004,EMP004,Alice Chen,Finance,EMP002,4,APPROVED,,,,,,,https://receipts.brim.example/003582.pdf,,True
TXN-002422,****-****-****-4002,TIM HORTONS #882,34.5,47.58,USD,1.379,2025-10-10 20:56:00,5814,Fast Food Restaurants,TXC-002,EMP002,Priya Nair,Finance,EMP001,5,APPROVED,,,,,,,https://receipts.brim.example/002422.pdf,,True
TXN-004216,****-****-****-4007,ULTRAMAR 55,25.55,35.23,USD,1.379,2025-10-10 22:39:00,5172,Petroleum & Petroleum Products,TXC-007,EMP007,Carol White,Finance,EMP004,2,APPROVED,,,,,,,https://receipts.brim.example/004216.pdf,TRIP-0284,True
TXN-000985,****-****-****-4004,A&W STORE 551,29.28,40.38,USD,1.379,2025-10-10 23:55:00,5812,Eating Places & Restaurants,TXC-004,EMP004,Alice Chen,Finance,EMP002,4,APPROVED,,,,,,,https://receipts.brim.example/000985.pdf,TRIP-0061,True
TXN-002685,****-****-****-4004,A&W STORE 551,31.29,43.15,USD,1.379,2025-10-10 23:58:00,5814,Fast Food Restaurants,TXC-004,EMP004,Alice Chen,Finance,EMP002,4,APPROVED,,,,,,,https://receipts.brim.example/002685.pdf,TRIP-0175,True
TXN-000732,****-****-****-4007,CANADIAN TIRE 445,340.02,468.89,USD,1.379,2025-10-11 07:14:00,7538,Automotive Service Shops,TXC-007,EMP007,Carol White,Finance,EMP004,2,APPROVED,,,,,,,https://receipts.brim.example/000732.pdf,,True
TXN-000477,****-****-****-4003,ROADSIDE GRILL CO,23.73,32.72,USD,1.379,2025-10-11 07:51:00,5812,Eating Places & Restaurants,TXC-003,EMP003,Marcus Webb,Operations,EMP001,5,APPROVED,,,,,,,https://receipts.brim.example/000477.pdf,,True
TXN-001233,****-****-****-4004,FLYING J #771,103.54,142.78,USD,1.379,2025-10-11 08:20:00,5541,Service Stations,TXC-004,EMP004,Alice Chen,Finance,EMP002,4,APPROVED,,,,,,,https://receipts.brim.example/001233.pdf,,True
TXN-000382,****-****-****-4005,WENDYS 7781,26.47,36.5,USD,1.379,2025-10-11 08:25:00,5814,Fast Food Restaurants,TXC-005,EMP005,Dana Park,Finance,EMP002,3,APPROVED,,,,,,,https://receipts.brim.example/000382.pdf,,True
TXN-003168,****-****-****-4003,HOLIDAY INN EXPRESS,114.44,157.81,USD,1.379,2025-10-11 08:48:00,7011,"Hotels, Motels & Resorts",TXC-003,EMP003,Marcus Webb,Operations,EMP001,5,APPROVED,,,,,,,https://receipts.brim.example/003168.pdf,,True
TXN-003050,****-****-****-4008,MICROSOFT 365,46.61,64.28,USD,1.379,2025-10-11 11:53:00,5734,Computer Software Stores,TXC-008,EMP008,Eric Tran,Operations,EMP003,4,APPROVED,,,,,,,https://receipts.brim.example/003050.pdf,,True
TXN-000979,****-****-****-4008,GOOGLE WORKSPACE,137.1,189.06,USD,1.379,2025-10-11 12:25:00,5734,Computer Software Stores,TXC-008,EMP008,Eric Tran,Operations,EMP003,4,APPROVED,,,,,,,https://receipts.brim.example/000979.pdf,,True
TXN-003839,****-****-****-4009,MIDAS AUTO 21,237.83,327.97,USD,1.379,2025-10-11 12:55:00,7531,Auto Body Repair Shops,TXC-009,EMP009,Grace Lee,Operations,EMP008,3,APPROVED,,,,,,,https://receipts.brim.example/003839.pdf,,True
TXN-001579,****-****-****-4008,FLYING J #771,89.21,123.02,USD,1.379,2025-10-11 14:07:00,5541,Service Stations,TXC-008,EMP008,Eric Tran,Operations,EMP003,4,APPROVED,,,,,,,,,True
TXN-003358,****-****-****-4009,PRECISE PARKLINK,20.55,28.34,USD,1.379,2025-10-11 15:47:00,4131,Bus Lines / Tolls,TXC-009,EMP009,Grace Lee,Operations,EMP008,3,APPROVED,,,,,,,https://receipts.brim.example/003358.pdf,,True
TXN-003470,****-****-****-4009,BOSTON PIZZA 12,31.44,43.36,USD,1.379,2025-10-11 17:49:00,5812,Eating Places & Restaurants,TXC-009,EMP009,Grace Lee,Operations,EMP008,3,APPROVED,,,,,,,https://receipts.brim.example/003470.pdf,TRIP-0229,True
TXN-001026,****-****-****-4002,A&W STORE 551,13.55,18.69,USD,1.379,2025-10-11 17:52:00,5812,Eating Places & Restaurants,TXC-002,EMP002,Priya Nair,Finance,EMP001,5,APPROVED,,,,,,,https://receipts.brim.example/001026.pdf,TRIP-0066,True
TXN-003149,****-****-****-4007,MCDONALDS DT QPS,25.21,34.76,USD,1.379,2025-10-11 20:38:00,5814,Fast Food Restaurants,TXC-007,EMP007,Carol White,Finance,EMP004,2,APPROVED,,,,,,,https://receipts.brim.example/003149.pdf,,True
TXN-001498,****-****-****-4005,AWS MEMB,81.96,113.02,USD,1.379,2025-10-11 21:22:00,5734,Computer Software Stores,TXC-005,EMP005,Dana Park,Finance,EMP002,3,APPROVED,,,,,,,https://receipts.brim.example/001498.pdf,,True
TXN-003690,****-****-****-4003,AWS MEMB,104.65,144.31,USD,1.379,2025-10-11 21:24:00,5734,Computer Software Stores,TXC-003,EMP003,Marcus Webb,Operations,EMP001,5,APPROVED,,,,,,,,,True
TXN-001859,****-****-****-4006,BOSTON PIZZA 12,33.03,45.55,USD,1.379,2025-10-11 23:44:00,5814,Fast Food Restaurants,TXC-006,EMP006,Bob Kumar,Finance,EMP004,2,APPROVED,,,,,,,https://receipts.brim.example/001859.pdf,TRIP-0123,True
TXN-000360,****-****-****-4007,ESSO RETAIL 113,30.54,42.11,USD,1.379,2025-10-12 07:46:00,5541,Service Stations,TXC-007,EMP007,Carol White,Finance,EMP004,2,APPROVED,,,,,,,https://receipts.brim.example/000360.pdf,TRIP-0023,True
TXN-000361,****-****-****-4007,BOSTON PIZZA 12,34.69,47.84,USD,1.379,2025-10-12 09:33:00,5812,Eating Places & Restaurants,TXC-007,EMP007,Carol White,Finance,EMP004,2,APPROVED,,,,,,,https://receipts.brim.example/000361.pdf,TRIP-0023,True
TXN-003864,****-****-****-4002,GRAND & TOY 5,47.03,64.85,USD,1.379,2025-10-12 10:21:00,5943,Stationery & Writing Supplies,TXC-002,EMP002,Priya Nair,Finance,EMP001,5,APPROVED,,,,,,,https://receipts.brim.example/003864.pdf,,True
TXN-003308,****-****-****-4007,ULTRAMAR 55,59.69,82.31,USD,1.379,2025-10-12 10:51:00,5541,Service Stations,TXC-007,EMP007,Carol White,Finance,EMP004,2,APPROVED,,,,,,,https://receipts.brim.example/003308.pdf,,True
TXN-003166,****-****-****-4005,MCDONALDS DT QPS,5.44,7.5,USD,1.379,2025-10-12 11:14:00,5812,Eating Places & Restaurants,TXC-005,EMP005,Dana Park,Finance,EMP002,3,APPROVED,,,,,,,https://receipts.brim.example/003166.pdf,,True
TXN-000791,****-****-****-4008,FLYING J #771,73.52,101.38,USD,1.379,2025-10-12 12:28:00,5541,Service Stations,TXC-008,EMP008,Eric Tran,Operations,EMP003,4,PENDING,,,,,,,,,False
TXN-003020,****-****-****-4003,BOSTON PIZZA 12,11.51,15.87,USD,1.379,2025-10-12 13:11:00,5814,Fast Food Restaurants,TXC-003,EMP003,Marcus Webb,Operations,EMP001,5,APPROVED,,,,,,,https://receipts.brim.example/003020.pdf,TRIP-0196,True
TXN-001658,****-****-****-4004,A&W STORE 551,21.54,29.7,USD,1.379,2025-10-12 13:16:00,5812,Eating Places & Restaurants,TXC-004,EMP004,Alice Chen,Finance,EMP002,4,APPROVED,,,,,,,https://receipts.brim.example/001658.pdf,,True
TXN-003676,****-****-****-4009,MCDONALDS DT QPS,13.24,18.26,USD,1.379,2025-10-12 13:40:00,5814,Fast Food Restaurants,TXC-009,EMP009,Grace Lee,Operations,EMP008,3,APPROVED,,,,,,,https://receipts.brim.example/003676.pdf,,True
TXN-000720,****-****-****-4003,SHELL DT #4421,100.21,138.19,USD,1.379,2025-10-12 14:06:00,5172,Petroleum & Petroleum Products,TXC-003,EMP003,Marcus Webb,Operations,EMP001,5,APPROVED,,,,,,,https://receipts.brim.example/000720.pdf,,True
TXN-001897,****-****-****-4007,ULTRAMAR 55,92.76,127.92,USD,1.379,2025-10-12 14:15:00,5541,Service Stations,TXC-007,EMP007,Carol White,Finance,EMP004,2,APPROVED,,,,,,,https://receipts.brim.example/001897.pdf,,True
TXN-002066,****-****-****-4007,QUICK FUEL STOP,46.68,64.37,USD,1.379,2025-10-12 14:51:00,5541,Service Stations,TXC-007,EMP007,Carol White,Finance,EMP004,2,APPROVED,,,,,,,https://receipts.brim.example/002066.pdf,,True
TXN-003698,****-****-****-4007,WENDYS 7781,15.39,21.22,USD,1.379,2025-10-12 15:31:00,5814,Fast Food Restaurants,TXC-007,EMP007,Carol White,Finance,EMP004,2,APPROVED,,,,,,,https://receipts.brim.example/003698.pdf,,True
TXN-002115,****-****-****-4001,ESSO RETAIL 113,60.72,83.73,USD,1.379,2025-10-12 16:36:00,5172,Petroleum & Petroleum Products,TXC-001,EMP001,Olivia Reyes,Executive,,6,APPROVED,,,,,,,https://receipts.brim.example/002115.pdf,,True
TXN-002673,****-****-****-4003,PILOT TRAVEL 209,32.58,44.93,USD,1.379,2025-10-12 16:52:00,5541,Service Stations,TXC-003,EMP003,Marcus Webb,Operations,EMP001,5,APPROVED,,,,,,,https://receipts.brim.example/002673.pdf,,True
TXN-000114,****-****-****-4002,MICROSOFT 365,127.65,176.03,USD,1.379,2025-10-12 17:19:00,5734,Computer Software Stores,TXC-002,EMP002,Priya Nair,Finance,EMP001,5,APPROVED,,,,,,,https://receipts.brim.example/000114.pdf,,True
TXN-001307,****-****-****-4004,PETRO-CANADA 8821,12.49,17.22,USD,1.379,2025-10-12 18:16:00,5541,Service Stations,TXC-004,EMP004,Alice Chen,Finance,EMP002,4,APPROVED,,,,,,,https://receipts.brim.example/001307.pdf,TRIP-0089,True
TXN-001541,****-****-****-4009,WENDYS 7781,85.48,117.88,USD,1.379,2025-10-12 19:52:00,5812,Eating Places & Restaurants,TXC-009,EMP009,Grace Lee,Operations,EMP008,3,PENDING,,,,,,,,,False
TXN-003019,****-****-****-4003,SUBWAY 40021,21.52,29.68,USD,1.379,2025-10-12 20:41:00,5814,Fast Food Restaurants,TXC-003,EMP003,Marcus Webb,Operations,EMP001,5,APPROVED,,,,,,,https://receipts.brim.example/003019.pdf,TRIP-0196,True
TXN-001799,****-****-****-4009,DAYS INN 209,416.14,573.86,USD,1.379,2025-10-12 21:07:00,7011,"Hotels, Motels & Resorts",TXC-009,EMP009,Grace Lee,Operations,EMP008,3,APPROVED,,,,,,,https://receipts.brim.example/001799.pdf,,True
TXN-001858,****-****-****-4006,COMFORT INN 442,169.06,233.13,USD,1.379,2025-10-12 21:31:00,7011,"Hotels, Motels & Resorts",TXC-006,EMP006,Bob Kumar,Finance,EMP004,2,APPROVED,,,,,,,https://receipts.brim.example/001858.pdf,TRIP-0123,True
TXN-002684,****-****-****-4004,DAYS INN 209,158.53,218.61,USD,1.379,2025-10-12 21:58:00,7011,"Hotels, Motels & Resorts",TXC-004,EMP004,Alice Chen,Finance,EMP002,4,APPROVED,,,,,,,https://receipts.brim.example/002684.pdf,TRIP-0175,True
TXN-003375,****-****-****-4002,STAPLES #112,71.55,98.67,USD,1.379,2025-10-13 07:09:00,5111,Stationery & Office Supplies,TXC-002,EMP002,Priya Nair,Finance,EMP001,5,APPROVED,,,,,,,https://receipts.brim.example/003375.pdf,,True
TXN-001895,****-****-****-4008,MIDAS AUTO 21,92.15,127.07,USD,1.379,2025-10-13 07:33:00,7531,Auto Body Repair Shops,TXC-008,EMP008,Eric Tran,Operations,EMP003,4,PENDING,,,,,,,,,False
TXN-001190,****-****-****-4004,A&W STORE 551,30.6,42.2,USD,1.379,2025-10-13 08:06:00,5814,Fast Food Restaurants,TXC-004,EMP004,Alice Chen,Finance,EMP002,4,APPROVED,,,,,,,https://receipts.brim.example/001190.pdf,,True
TXN-000357,****-****-****-4008,ULTRAMAR 55,42.82,59.05,USD,1.379,2025-10-13 09:23:00,5541,Service Stations,TXC-008,EMP008,Eric Tran,Operations,EMP003,4,APPROVED,,,,,,,https://receipts.brim.example/000357.pdf,,True
TXN-000451,****-****-****-4008,SUBWAY 40021,11.64,16.05,USD,1.379,2025-10-13 10:12:00,5814,Fast Food Restaurants,TXC-008,EMP008,Eric Tran,Operations,EMP003,4,APPROVED,,,,,,,https://receipts.brim.example/000451.pdf,TRIP-0029,True
TXN-002030,****-****-****-4002,COMFORT INN 442,183.99,253.72,USD,1.379,2025-10-13 12:14:00,7011,"Hotels, Motels & Resorts",TXC-002,EMP002,Priya Nair,Finance,EMP001,5,PENDING,,,,,,,https://receipts.brim.example/002030.pdf,,False
TXN-003357,****-****-****-4004,HOME DEPOT 88,89.3,123.14,USD,1.379,2025-10-13 13:49:00,5045,Computers & Peripherals,TXC-004,EMP004,Alice Chen,Finance,EMP002,4,APPROVED,,,,,,,https://receipts.brim.example/003357.pdf,,True
TXN-001872,****-****-****-4008,PILOT TRAVEL 209,57.75,79.64,USD,1.379,2025-10-13 13:50:00,5541,Service Stations,TXC-008,EMP008,Eric Tran,Operations,EMP003,4,APPROVED,,,,,,,https://receipts.brim.example/001872.pdf,TRIP-0125,True
TXN-003469,****-****-****-4009,SUPER 8 MOTEL,86.81,119.71,USD,1.379,2025-10-13 14:04:00,7011,"Hotels, Motels & Resorts",TXC-009,EMP009,Grace Lee,Operations,EMP008,3,APPROVED,,,,,,,https://receipts.brim.example/003469.pdf,TRIP-0229,True
TXN-000761,****-****-****-4009,BEST BUY 112,40.84,56.32,USD,1.379,2025-10-13 14:07:00,5300,Wholesale Clubs,TXC-009,EMP009,Grace Lee,Operations,EMP008,3,APPROVED,,,,,,,https://receipts.brim.example/000761.pdf,,True
TXN-001873,****-****-****-4008,ROADSIDE GRILL CO,25.37,34.99,USD,1.379,2025-10-13 14:12:00,5812,Eating Places & Restaurants,TXC-008,EMP008,Eric Tran,Operations,EMP003,4,APPROVED,,,,,,,https://receipts.brim.example/001873.pdf,TRIP-0125,True
TXN-004250,****-****-****-4007,SUBWAY 40021,88.17,121.59,USD,1.379,2025-10-13 14:53:00,5814,Fast Food Restaurants,TXC-007,EMP007,Carol White,Finance,EMP004,2,APPROVED,,,,,,,https://receipts.brim.example/004250.pdf,,True
TXN-002327,****-****-****-4003,COMFORT INN 442,108.39,149.47,USD,1.379,2025-10-13 15:32:00,7011,"Hotels, Motels & Resorts",TXC-003,EMP003,Marcus Webb,Operations,EMP001,5,APPROVED,,,,,,,https://receipts.brim.example/002327.pdf,,True
TXN-002347,****-****-****-4002,GRAND & TOY 5,135.86,187.35,USD,1.379,2025-10-13 16:14:00,5943,Stationery & Writing Supplies,TXC-002,EMP002,Priya Nair,Finance,EMP001,5,APPROVED,,,,,,,https://receipts.brim.example/002347.pdf,,True
TXN-003545,****-****-****-4009,TIM HORTONS #882,24.74,34.12,USD,1.379,2025-10-13 16:57:00,5812,Eating Places & Restaurants,TXC-009,EMP009,Grace Lee,Operations,EMP008,3,APPROVED,,,,,,,https://receipts.brim.example/003545.pdf,,True
TXN-003024,****-****-****-4008,BEST BUY 112,122.4,168.79,USD,1.379,2025-10-13 17:29:00,5045,Computers & Peripherals,TXC-008,EMP008,Eric Tran,Operations,EMP003,4,APPROVED,,,,,,,,,True
TXN-003621,****-****-****-4002,CANADIAN TIRE 445,213.05,293.8,USD,1.379,2025-10-13 19:34:00,7531,Auto Body Repair Shops,TXC-002,EMP002,Priya Nair,Finance,EMP001,5,APPROVED,,,,,,,https://receipts.brim.example/003621.pdf,,True
TXN-000433,****-****-****-4002,COSTCO WHSE 44,139.67,192.6,USD,1.379,2025-10-13 21:48:00,5045,Computers & Peripherals,TXC-002,EMP002,Priya Nair,Finance,EMP001,5,APPROVED,,,,,,,https://receipts.brim.example/000433.pdf,,True
TXN-003120,****-****-****-4008,FLYING J #771,39.98,55.13,USD,1.379,2025-10-13 22:00:00,5541,Service Stations,TXC-008,EMP008,Eric Tran,Operations,EMP003,4,APPROVED,,,,,,,https://receipts.brim.example/003120.pdf,,True
TXN-003854,****-****-****-4009,PILOT TRAVEL 209,27.35,37.72,USD,1.379,2025-10-14 07:40:00,5172,Petroleum & Petroleum Products,TXC-009,EMP009,Grace Lee,Operations,EMP008,3,APPROVED,,,,,,,https://receipts.brim.example/003854.pdf,,True
TXN-001586,****-****-****-4007,SUBWAY 40021,22.8,31.44,USD,1.379,2025-10-14 09:31:00,5814,Fast Food Restaurants,TXC-007,EMP007,Carol White,Finance,EMP004,2,APPROVED,,,,,,,https://receipts.brim.example/001586.pdf,,True
TXN-001111,****-****-****-4009,FLYING J #771,107.53,148.28,USD,1.379,2025-10-14 09:45:00,5541,Service Stations,TXC-009,EMP009,Grace Lee,Operations,EMP008,3,APPROVED,,,,,,,,,True
TXN-002424,****-****-****-4006,ROADSIDE GRILL CO,16.08,22.17,USD,1.379,2025-10-14 10:04:00,5812,Eating Places & Restaurants,TXC-006,EMP006,Bob Kumar,Finance,EMP004,2,APPROVED,,,,,,,https://receipts.brim.example/002424.pdf,,True
TXN-001871,****-****-****-4008,BEST WESTERN 71,51.92,71.6,USD,1.379,2025-10-14 11:13:00,7011,"Hotels, Motels & Resorts",TXC-008,EMP008,Eric Tran,Operations,EMP003,4,APPROVED,,,,,,,https://receipts.brim.example/001871.pdf,TRIP-0125,True
TXN-000826,****-****-****-4003,STAPLES #112,42.21,58.21,USD,1.379,2025-10-14 11:28:00,5111,Stationery & Office Supplies,TXC-003,EMP003,Marcus Webb,Operations,EMP001,5,APPROVED,,,,,,,https://receipts.brim.example/000826.pdf,,True
TXN-003628,****-****-****-4004,ESSO RETAIL 113,50.59,69.76,USD,1.379,2025-10-14 13:01:00,5172,Petroleum & Petroleum Products,TXC-004,EMP004,Alice Chen,Finance,EMP002,4,APPROVED,,,,,,,https://receipts.brim.example/003628.pdf,,True
TXN-003486,****-****-****-4001,SUBWAY 40021,46.08,63.54,USD,1.379,2025-10-14 13:30:00,5814,Fast Food Restaurants,TXC-001,EMP001,Olivia Reyes,Executive,,6,APPROVED,,,,,,,https://receipts.brim.example/003486.pdf,,True
TXN-000268,****-****-****-4002,FLYING J #771,47.65,65.71,USD,1.379,2025-10-14 13:33:00,5172,Petroleum & Petroleum Products,TXC-002,EMP002,Priya Nair,Finance,EMP001,5,APPROVED,,,,,,,https://receipts.brim.example/000268.pdf,,True
TXN-002751,****-****-****-4003,WENDYS 7781,27.38,37.76,USD,1.379,2025-10-14 14:43:00,5812,Eating Places & Restaurants,TXC-003,EMP003,Marcus Webb,Operations,EMP001,5,APPROVED,,,,,,,https://receipts.brim.example/002751.pdf,,True
TXN-003990,****-****-****-4007,ESSO RETAIL 113,120.52,166.2,USD,1.379,2025-10-14 15:24:00,5541,Service Stations,TXC-007,EMP007,Carol White,Finance,EMP004,2,APPROVED,,,,,,,https://receipts.brim.example/003990.pdf,TRIP-0270,True
TXN-003000,****-****-****-4007,BOSTON PIZZA 12,45.98,63.41,USD,1.379,2025-10-14 15:59:00,5814,Fast Food Restaurants,TXC-007,EMP007,Carol White,Finance,EMP004,2,APPROVED,,,,,,,https://receipts.brim.example/003000.pdf,,True
TXN-004228,****-****-****-4004,MCDONALDS DT QPS,32.13,44.31,USD,1.379,2025-10-14 18:04:00,5812,Eating Places & Restaurants,TXC-004,EMP004,Alice Chen,Finance,EMP002,4,APPROVED,,,,,,,https://receipts.brim.example/004228.pdf,,True
TXN-001919,****-****-****-4001,ROADSIDE GRILL CO,26.61,36.7,USD,1.379,2025-10-14 18:17:00,5812,Eating Places & Restaurants,TXC-001,EMP001,Olivia Reyes,Executive,,6,APPROVED,,,,,,,https://receipts.brim.example/001919.pdf,,True
TXN-002750,****-****-****-4007,STAPLES #112,15.72,21.68,USD,1.379,2025-10-14 18:54:00,5111,Stationery & Office Supplies,TXC-007,EMP007,Carol White,Finance,EMP004,2,APPROVED,,,,,,,https://receipts.brim.example/002750.pdf,,True
TXN-000509,****-****-****-4008,DAYS INN 209,116.68,160.9,USD,1.379,2025-10-14 20:25:00,7011,"Hotels, Motels & Resorts",TXC-008,EMP008,Eric Tran,Operations,EMP003,4,APPROVED,,,,,,,https://receipts.brim.example/000509.pdf,,True
TXN-002641,****-****-****-4001,ROGERS WIRELESS,74.66,102.96,USD,1.379,2025-10-14 20:27:00,5734,Computer Software Stores,TXC-001,EMP001,Olivia Reyes,Executive,,6,PENDING,,,,,,,https://receipts.brim.example/002641.pdf,,False
TXN-000027,****-****-****-4006,TIM HORTONS #882,14.9,20.55,USD,1.379,2025-10-15 00:00:00,5814,Fast Food Restaurants,TXC-006,EMP006,Bob Kumar,Finance,EMP004,2,APPROVED,,,,,,,https://receipts.brim.example/000027.pdf,,True
TXN-002483,****-****-****-4003,ROADSIDE GRILL CO,42.37,58.43,USD,1.379,2025-10-15 07:11:00,5814,Fast Food Restaurants,TXC-003,EMP003,Marcus Webb,Operations,EMP001,5,APPROVED,,,,,,,https://receipts.brim.example/002483.pdf,,True
TXN-000450,****-****-****-4008,FLYING J #771,38.61,53.24,USD,1.379,2025-10-15 08:04:00,5541,Service Stations,TXC-008,EMP008,Eric Tran,Operations,EMP003,4,APPROVED,,,,,,,https://receipts.brim.example/000450.pdf,TRIP-0029,True
TXN-000076,****-****-****-4005,ALPHA CONSULTING GROUP,1250.75,1724.78,USD,1.379,2025-10-15 10:00:00,4814,Telecom Services,TXC-005,EMP005,Dana Park,Finance,EMP002,3,APPROVED,,,,,,,https://receipts.brim.example/000076.pdf,,True
TXN-000449,****-****-****-4008,ULTRAMAR 55,72.17,99.52,USD,1.379,2025-10-15 10:12:00,5172,Petroleum & Petroleum Products,TXC-008,EMP008,Eric Tran,Operations,EMP003,4,APPROVED,,,,,,,https://receipts.brim.example/000449.pdf,TRIP-0029,True
TXN-002342,****-****-****-4001,COSTCO WHSE 44,208.16,287.05,USD,1.379,2025-10-15 10:18:00,5300,Wholesale Clubs,TXC-001,EMP001,Olivia Reyes,Executive,,6,APPROVED,,,,,,,https://receipts.brim.example/002342.pdf,,True
TXN-000448,****-****-****-4008,COMFORT INN 442,220.63,304.25,USD,1.379,2025-10-15 11:25:00,7011,"Hotels, Motels & Resorts",TXC-008,EMP008,Eric Tran,Operations,EMP003,4,APPROVED,,,,,,,https://receipts.brim.example/000448.pdf,TRIP-0029,True
TXN-003872,****-****-****-4009,ULTRAMAR 55,83.95,115.77,USD,1.379,2025-10-15 12:23:00,5172,Petroleum & Petroleum Products,TXC-009,EMP009,Grace Lee,Operations,EMP008,3,APPROVED,,,,,,,https://receipts.brim.example/003872.pdf,,True
TXN-003372,****-****-****-4008,CANADIAN TIRE 445,180.19,248.48,USD,1.379,2025-10-15 12:27:00,7531,Auto Body Repair Shops,TXC-008,EMP008,Eric Tran,Operations,EMP003,4,PENDING,,,,,,,https://receipts.brim.example/003372.pdf,,False
TXN-000962,****-****-****-4009,ULTRAMAR 55,68.99,95.14,USD,1.379,2025-10-15 13:20:00,5541,Service Stations,TXC-009,EMP009,Grace Lee,Operations,EMP008,3,APPROVED,,,,,,,https://receipts.brim.example/000962.pdf,TRIP-0059,True
TXN-001746,****-****-****-4008,QUICK FUEL STOP,91.94,126.79,USD,1.379,2025-10-15 13:24:00,5172,Petroleum & Petroleum Products,TXC-008,EMP008,Eric Tran,Operations,EMP003,4,APPROVED,,,,,,,https://receipts.brim.example/001746.pdf,,True
TXN-002206,****-****-****-4007,PILOT TRAVEL 209,281.83,388.64,USD,1.379,2025-10-15 14:22:00,5172,Petroleum & Petroleum Products,TXC-007,EMP007,Carol White,Finance,EMP004,2,APPROVED,,,,,,,https://receipts.brim.example/002206.pdf,,True
TXN-001847,****-****-****-4009,PETRO-CANADA 8821,55.59,76.66,USD,1.379,2025-10-15 14:44:00,5541,Service Stations,TXC-009,EMP009,Grace Lee,Operations,EMP008,3,APPROVED,,,,,,,https://receipts.brim.example/001847.pdf,,True
TXN-000887,****-****-****-4003,ESSO RETAIL 113,46.2,63.71,USD,1.379,2025-10-15 15:17:00,5541,Service Stations,TXC-003,EMP003,Marcus Webb,Operations,EMP001,5,APPROVED,,,,,,,https://receipts.brim.example/000887.pdf,,True
TXN-001987,****-****-****-4007,PETRO-CANADA 8821,53.56,73.86,USD,1.379,2025-10-15 16:27:00,5541,Service Stations,TXC-007,EMP007,Carol White,Finance,EMP004,2,APPROVED,,,,,,,https://receipts.brim.example/001987.pdf,,True
TXN-003848,****-****-****-4007,FLYING J #771,46.87,64.63,USD,1.379,2025-10-15 17:19:00,5541,Service Stations,TXC-007,EMP007,Carol White,Finance,EMP004,2,APPROVED,,,,,,,https://receipts.brim.example/003848.pdf,,True
TXN-003992,****-****-****-4007,BOSTON PIZZA 12,16.68,23.0,USD,1.379,2025-10-15 17:27:00,5812,Eating Places & Restaurants,TXC-007,EMP007,Carol White,Finance,EMP004,2,APPROVED,,,,,,,https://receipts.brim.example/003992.pdf,TRIP-0270,True
TXN-003256,****-****-****-4009,IMPARK LOT 88,11.16,15.39,USD,1.379,2025-10-15 18:16:00,4131,Bus Lines / Tolls,TXC-009,EMP009,Grace Lee,Operations,EMP008,3,APPROVED,,,,,,,https://receipts.brim.example/003256.pdf,,True
TXN-003991,****-****-****-4007,A&W STORE 551,13.16,18.15,USD,1.379,2025-10-15 18:27:00,5812,Eating Places & Restaurants,TXC-007,EMP007,Carol White,Finance,EMP004,2,APPROVED,,,,,,,https://receipts.brim.example/003991.pdf,TRIP-0270,True
TXN-001013,****-****-****-4007,BOSTON PIZZA 12,8.56,11.8,USD,1.379,2025-10-15 21:17:00,5812,Eating Places & Restaurants,TXC-007,EMP007,Carol White,Finance,EMP004,2,APPROVED,,,,,,,https://receipts.brim.example/001013.pdf,,True
TXN-002492,****-****-****-4007,PETRO-CANADA 8821,49.1,67.71,USD,1.379,2025-10-15 21:32:00,5172,Petroleum & Petroleum Products,TXC-007,EMP007,Carol White,Finance,EMP004,2,APPROVED,,,,,,,https://receipts.brim.example/002492.pdf,,True
TXN-002281,****-****-****-4009,TIM HORTONS #882,96.51,133.09,USD,1.379,2025-10-15 21:37:00,5812,Eating Places & Restaurants,TXC-009,EMP009,Grace Lee,Operations,EMP008,3,APPROVED,,,,,,,https://receipts.brim.example/002281.pdf,,True
TXN-003685,****-****-****-4001,AMAZON MKTPLACE,165.04,227.59,USD,1.379,2025-10-15 21:50:00,5943,Stationery & Writing Supplies,TXC-001,EMP001,Olivia Reyes,Executive,,6,APPROVED,,,,,,,https://receipts.brim.example/003685.pdf,,True
TXN-000905,****-****-****-4004,IMPARK LOT 88,28.79,39.7,USD,1.379,2025-10-16 08:31:00,4131,Bus Lines / Tolls,TXC-004,EMP004,Alice Chen,Finance,EMP002,4,APPROVED,,,,,,,https://receipts.brim.example/000905.pdf,,True
TXN-003017,****-****-****-4004,TIM HORTONS #882,30.49,42.05,USD,1.379,2025-10-16 08:38:00,5814,Fast Food Restaurants,TXC-004,EMP004,Alice Chen,Finance,EMP002,4,APPROVED,,,,,,,https://receipts.brim.example/003017.pdf,,True
TXN-002656,****-****-****-4008,GOOGLE WORKSPACE,93.54,128.99,USD,1.379,2025-10-16 08:45:00,4814,Telecom Services,TXC-008,EMP008,Eric Tran,Operations,EMP003,4,APPROVED,,,,,,,https://receipts.brim.example/002656.pdf,,True
TXN-003058,****-****-****-4007,PILOT TRAVEL 209,55.85,77.02,USD,1.379,2025-10-16 08:45:00,5172,Petroleum & Petroleum Products,TXC-007,EMP007,Carol White,Finance,EMP004,2,APPROVED,,,,,,,https://receipts.brim.example/003058.pdf,,True
TXN-003067,****-****-****-4009,PILOT TRAVEL 209,37.17,51.26,USD,1.379,2025-10-16 10:16:00,5541,Service Stations,TXC-009,EMP009,Grace Lee,Operations,EMP008,3,APPROVED,,,,,,,https://receipts.brim.example/003067.pdf,,True
TXN-003338,****-****-****-4001,ULTRAMAR 55,23.81,32.83,USD,1.379,2025-10-16 11:07:00,5541,Service Stations,TXC-001,EMP001,Olivia Reyes,Executive,,6,APPROVED,,,,,,,https://receipts.brim.example/003338.pdf,,True
TXN-002825,****-****-****-4008,IMPARK LOT 88,26.41,36.42,USD,1.379,2025-10-16 11:09:00,4131,Bus Lines / Tolls,TXC-008,EMP008,Eric Tran,Operations,EMP003,4,APPROVED,,,,,,,https://receipts.brim.example/002825.pdf,,True
TXN-002709,****-****-****-4008,ROADSIDE GRILL CO,25.79,35.56,USD,1.379,2025-10-16 13:07:00,5812,Eating Places & Restaurants,TXC-008,EMP008,Eric Tran,Operations,EMP003,4,APPROVED,,,,,,,https://receipts.brim.example/002709.pdf,,True
TXN-003989,****-****-****-4007,SUPER 8 MOTEL,78.95,108.87,USD,1.379,2025-10-16 13:27:00,7011,"Hotels, Motels & Resorts",TXC-007,EMP007,Carol White,Finance,EMP004,2,APPROVED,,,,,,,,TRIP-0270,True
TXN-000960,****-****-****-4009,SUPER 8 MOTEL,228.73,315.42,USD,1.379,2025-10-16 13:40:00,7011,"Hotels, Motels & Resorts",TXC-009,EMP009,Grace Lee,Operations,EMP008,3,APPROVED,,,,,,,https://receipts.brim.example/000960.pdf,TRIP-0059,True
TXN-001163,****-****-****-4007,SUBWAY 40021,23.84,32.88,USD,1.379,2025-10-16 18:53:00,5814,Fast Food Restaurants,TXC-007,EMP007,Carol White,Finance,EMP004,2,APPROVED,,,,,,,https://receipts.brim.example/001163.pdf,,True
TXN-002222,****-****-****-4008,KAL TIRE 9,199.43,275.01,USD,1.379,2025-10-16 18:59:00,7538,Automotive Service Shops,TXC-008,EMP008,Eric Tran,Operations,EMP003,4,APPROVED,,,,,,,https://receipts.brim.example/002222.pdf,,True
TXN-002546,****-****-****-4007,MIDAS AUTO 21,403.21,556.03,USD,1.379,2025-10-16 19:27:00,7538,Automotive Service Shops,TXC-007,EMP007,Carol White,Finance,EMP004,2,PENDING,,,,,,,https://receipts.brim.example/002546.pdf,,False
TXN-003465,****-****-****-4009,BOSTON PIZZA 12,21.85,30.13,USD,1.379,2025-10-16 21:08:00,5814,Fast Food Restaurants,TXC-009,EMP009,Grace Lee,Operations,EMP008,3,APPROVED,,,,,,,https://receipts.brim.example/003465.pdf,,True
TXN-000339,****-****-****-4007,GRAND & TOY 5,31.87,43.95,USD,1.379,2025-10-17 07:06:00,5943,Stationery & Writing Supplies,TXC-007,EMP007,Carol White,Finance,EMP004,2,APPROVED,,,,,,,https://receipts.brim.example/000339.pdf,,True
TXN-001661,****-****-****-4008,ESSO RETAIL 113,55.88,77.06,USD,1.379,2025-10-17 07:12:00,5541,Service Stations,TXC-008,EMP008,Eric Tran,Operations,EMP003,4,APPROVED,,,,,,,https://receipts.brim.example/001661.pdf,,True
TXN-004053,****-****-****-4009,BOSTON PIZZA 12,27.8,38.34,USD,1.379,2025-10-17 07:44:00,5812,Eating Places & Restaurants,TXC-009,EMP009,Grace Lee,Operations,EMP008,3,APPROVED,,,,,,,https://receipts.brim.example/004053.pdf,,True
TXN-003766,****-****-****-4004,MCDONALDS DT QPS,11.17,15.4,USD,1.379,2025-10-17 08:17:00,5814,Fast Food Restaurants,TXC-004,EMP004,Alice Chen,Finance,EMP002,4,APPROVED,,,,,,,https://receipts.brim.example/003766.pdf,,True
TXN-004312,****-****-****-4004,PILOT TRAVEL 209,36.63,50.51,USD,1.379,2025-10-17 10:09:00,5172,Petroleum & Petroleum Products,TXC-004,EMP004,Alice Chen,Finance,EMP002,4,APPROVED,,,,,,,https://receipts.brim.example/004312.pdf,,True
TXN-002647,****-****-****-4009,ULTRAMAR 55,49.06,67.65,USD,1.379,2025-10-17 10:10:00,5172,Petroleum & Petroleum Products,TXC-009,EMP009,Grace Lee,Operations,EMP008,3,APPROVED,,,,,,,https://receipts.brim.example/002647.pdf,,True
TXN-000661,****-****-****-4007,TIM HORTONS #882,11.06,15.25,USD,1.379,2025-10-17 10:41:00,5814,Fast Food Restaurants,TXC-007,EMP007,Carol White,Finance,EMP004,2,APPROVED,,,,,,,https://receipts.brim.example/000661.pdf,,True
TXN-000961,****-****-****-4009,WENDYS 7781,26.96,37.18,USD,1.379,2025-10-17 11:47:00,5812,Eating Places & Restaurants,TXC-009,EMP009,Grace Lee,Operations,EMP008,3,APPROVED,,,,,,,https://receipts.brim.example/000961.pdf,TRIP-0059,True
TXN-003844,****-****-****-4009,PILOT TRAVEL 209,33.49,46.18,USD,1.379,2025-10-17 12:43:00,5541,Service Stations,TXC-009,EMP009,Grace Lee,Operations,EMP008,3,APPROVED,,,,,,,https://receipts.brim.example/003844.pdf,,True
TXN-001341,****-****-****-4008,MICROSOFT 365,94.99,130.99,USD,1.379,2025-10-17 14:25:00,5734,Computer Software Stores,TXC-008,EMP008,Eric Tran,Operations,EMP003,4,APPROVED,,,,,,,https://receipts.brim.example/001341.pdf,,True
TXN-001936,****-****-****-4009,WENDYS 7781,42.85,59.09,USD,1.379,2025-10-17 15:27:00,5812,Eating Places & Restaurants,TXC-009,EMP009,Grace Lee,Operations,EMP008,3,APPROVED,,,,,,,https://receipts.brim.example/001936.pdf,,True
TXN-002359,****-****-****-4003,FLYING J #771,50.4,69.5,USD,1.379,2025-10-17 15:35:00,5172,Petroleum & Petroleum Products,TXC-003,EMP003,Marcus Webb,Operations,EMP001,5,APPROVED,,,,,,,https://receipts.brim.example/002359.pdf,,True
TXN-000480,****-****-****-4001,A&W STORE 551,31.8,43.85,USD,1.379,2025-10-17 15:40:00,5812,Eating Places & Restaurants,TXC-001,EMP001,Olivia Reyes,Executive,,6,APPROVED,,,,,,,https://receipts.brim.example/000480.pdf,,True
TXN-001855,****-****-****-4009,BEST BUY 112,83.88,115.67,USD,1.379,2025-10-17 17:29:00,5300,Wholesale Clubs,TXC-009,EMP009,Grace Lee,Operations,EMP008,3,APPROVED,,,,,,,https://receipts.brim.example/001855.pdf,,True
TXN-004322,****-****-****-4004,BOSTON PIZZA 12,16.01,22.08,USD,1.379,2025-10-17 18:26:00,5812,Eating Places & Restaurants,TXC-004,EMP004,Alice Chen,Finance,EMP002,4,APPROVED,,,,,,,https://receipts.brim.example/004322.pdf,,True
TXN-002934,****-****-****-4003,PETRO-CANADA 8821,83.49,115.13,USD,1.379,2025-10-17 18:36:00,5172,Petroleum & Petroleum Products,TXC-003,EMP003,Marcus Webb,Operations,EMP001,5,APPROVED,,,,,,,https://receipts.brim.example/002934.pdf,,True
TXN-002962,****-****-****-4008,PILOT TRAVEL 209,23.11,31.87,USD,1.379,2025-10-17 19:02:00,5541,Service Stations,TXC-008,EMP008,Eric Tran,Operations,EMP003,4,APPROVED,,,,,,,https://receipts.brim.example/002962.pdf,,True
TXN-003631,****-****-****-4007,ROADSIDE GRILL CO,38.82,53.53,USD,1.379,2025-10-17 20:42:00,5812,Eating Places & Restaurants,TXC-007,EMP007,Carol White,Finance,EMP004,2,APPROVED,,,,,,,https://receipts.brim.example/003631.pdf,,True
TXN-001973,****-****-****-4007,PRECISE PARKLINK,31.68,43.69,USD,1.379,2025-10-18 12:22:00,4131,Bus Lines / Tolls,TXC-007,EMP007,Carol White,Finance,EMP004,2,APPROVED,,,,,,,https://receipts.brim.example/001973.pdf,,True
TXN-003975,****-****-****-4001,PETRO-CANADA 8821,101.98,140.63,USD,1.379,2025-10-18 12:39:00,5541,Service Stations,TXC-001,EMP001,Olivia Reyes,Executive,,6,APPROVED,,,,,,,https://receipts.brim.example/003975.pdf,,True
TXN-000576,****-****-****-4004,PILOT TRAVEL 209,46.73,64.44,USD,1.379,2025-10-18 13:14:00,5172,Petroleum & Petroleum Products,TXC-004,EMP004,Alice Chen,Finance,EMP002,4,APPROVED,,,,,,,https://receipts.brim.example/000576.pdf,,True
TXN-001634,****-****-****-4009,KAL TIRE 9,134.92,186.05,USD,1.379,2025-10-18 14:25:00,7538,Automotive Service Shops,TXC-009,EMP009,Grace Lee,Operations,EMP008,3,APPROVED,,,,,,,https://receipts.brim.example/001634.pdf,,True
TXN-000518,****-****-****-4004,ULTRAMAR 55,58.7,80.95,USD,1.379,2025-10-18 15:18:00,5541,Service Stations,TXC-004,EMP004,Alice Chen,Finance,EMP002,4,APPROVED,,,,,,,https://receipts.brim.example/000518.pdf,,True
TXN-002812,****-****-****-4007,SHELL DT #4421,149.9,206.71,USD,1.379,2025-10-18 15:58:00,5172,Petroleum & Petroleum Products,TXC-007,EMP007,Carol White,Finance,EMP004,2,PENDING,,,,,,,https://receipts.brim.example/002812.pdf,,False
TXN-002708,****-****-****-4004,ESSO RETAIL 113,119.71,165.08,USD,1.379,2025-10-18 18:54:00,5541,Service Stations,TXC-004,EMP004,Alice Chen,Finance,EMP002,4,APPROVED,,,,,,,https://receipts.brim.example/002708.pdf,,True
TXN-001379,****-****-****-4003,AMAZON MKTPLACE,62.67,86.42,USD,1.379,2025-10-18 19:13:00,5111,Stationery & Office Supplies,TXC-003,EMP003,Marcus Webb,Operations,EMP001,5,APPROVED,,,,,,,https://receipts.brim.example/001379.pdf,,True
TXN-002352,****-****-****-4005,SUBWAY 40021,10.96,15.11,USD,1.379,2025-10-18 20:48:00,5812,Eating Places & Restaurants,TXC-005,EMP005,Dana Park,Finance,EMP002,3,APPROVED,,,,,,,https://receipts.brim.example/002352.pdf,TRIP-0156,True
TXN-001081,****-****-****-4007,ULTRAMAR 55,40.74,56.18,USD,1.379,2025-10-19 09:46:00,5541,Service Stations,TXC-007,EMP007,Carol White,Finance,EMP004,2,APPROVED,,,,,,,https://receipts.brim.example/001081.pdf,,True
TXN-000412,****-****-****-4003,ROADSIDE GRILL CO,52.02,71.74,USD,1.379,2025-10-19 09:59:00,5814,Fast Food Restaurants,TXC-003,EMP003,Marcus Webb,Operations,EMP001,5,PENDING,,,,,,,,,False
TXN-000028,****-****-****-4006,MCDONALDS DT QPS,11.3,15.58,USD,1.379,2025-10-19 10:00:00,5541,Service Stations,TXC-006,EMP006,Bob Kumar,Finance,EMP004,2,APPROVED,,,,,,,https://receipts.brim.example/000028.pdf,,True
TXN-002736,****-****-****-4004,COMFORT INN 442,119.42,164.68,USD,1.379,2025-10-19 10:17:00,7011,"Hotels, Motels & Resorts",TXC-004,EMP004,Alice Chen,Finance,EMP002,4,APPROVED,,,,,,,https://receipts.brim.example/002736.pdf,TRIP-0180,True
TXN-000573,****-****-****-4008,SHELL DT #4421,222.01,306.15,USD,1.379,2025-10-19 10:54:00,5541,Service Stations,TXC-008,EMP008,Eric Tran,Operations,EMP003,4,APPROVED,,,,,,,https://receipts.brim.example/000573.pdf,,True
TXN-003532,****-****-****-4004,GRAND & TOY 5,75.82,104.56,USD,1.379,2025-10-19 12:02:00,5111,Stationery & Office Supplies,TXC-004,EMP004,Alice Chen,Finance,EMP002,4,PENDING,,,,,,,https://receipts.brim.example/003532.pdf,,False
TXN-002738,****-****-****-4004,ESSO RETAIL 113,79.7,109.91,USD,1.379,2025-10-19 12:44:00,5172,Petroleum & Petroleum Products,TXC-004,EMP004,Alice Chen,Finance,EMP002,4,APPROVED,,,,,,,https://receipts.brim.example/002738.pdf,TRIP-0180,True
TXN-004173,****-****-****-4008,PILOT TRAVEL 209,59.47,82.01,USD,1.379,2025-10-19 13:13:00,5172,Petroleum & Petroleum Products,TXC-008,EMP008,Eric Tran,Operations,EMP003,4,APPROVED,,,,,,,https://receipts.brim.example/004173.pdf,,True
TXN-002350,****-****-****-4005,COMFORT INN 442,159.66,220.17,USD,1.379,2025-10-19 16:23:00,7011,"Hotels, Motels & Resorts",TXC-005,EMP005,Dana Park,Finance,EMP002,3,APPROVED,,,,,,,https://receipts.brim.example/002350.pdf,TRIP-0156,True
TXN-000171,****-****-****-4008,MCDONALDS DT QPS,69.38,95.68,USD,1.379,2025-10-19 16:24:00,5812,Eating Places & Restaurants,TXC-008,EMP008,Eric Tran,Operations,EMP003,4,APPROVED,,,,,,,,,True
TXN-004057,****-****-****-4008,PILOT TRAVEL 209,51.94,71.63,USD,1.379,2025-10-19 16:31:00,5172,Petroleum & Petroleum Products,TXC-008,EMP008,Eric Tran,Operations,EMP003,4,APPROVED,,,,,,,https://receipts.brim.example/004057.pdf,,True
TXN-002330,****-****-****-4003,407 ETR TOLL,10.42,14.37,USD,1.379,2025-10-19 17:25:00,4131,Bus Lines / Tolls,TXC-003,EMP003,Marcus Webb,Operations,EMP001,5,APPROVED,,,,,,,https://receipts.brim.example/002330.pdf,,True
TXN-003406,****-****-****-4002,FLYING J #771,44.04,60.73,USD,1.379,2025-10-19 19:08:00,5541,Service Stations,TXC-002,EMP002,Priya Nair,Finance,EMP001,5,APPROVED,,,,,,,https://receipts.brim.example/003406.pdf,,True
TXN-003779,****-****-****-4007,ULTRAMAR 55,70.21,96.82,USD,1.379,2025-10-19 19:25:00,5541,Service Stations,TXC-007,EMP007,Carol White,Finance,EMP004,2,APPROVED,,,,,,,https://receipts.brim.example/003779.pdf,,True
TXN-003547,****-****-****-4001,FOUNTAIN TIRE,157.91,217.76,USD,1.379,2025-10-19 19:29:00,7531,Auto Body Repair Shops,TXC-001,EMP001,Olivia Reyes,Executive,,6,APPROVED,,,,,,,https://receipts.brim.example/003547.pdf,,True
TXN-001727,****-****-****-4008,SUBWAY 40021,51.87,71.53,USD,1.379,2025-10-19 19:44:00,5814,Fast Food Restaurants,TXC-008,EMP008,Eric Tran,Operations,EMP003,4,PENDING,,,,,,,https://receipts.brim.example/001727.pdf,,False
TXN-003285,****-****-****-4007,QUICK FUEL STOP,74.64,102.93,USD,1.379,2025-10-19 20:32:00,5541,Service Stations,TXC-007,EMP007,Carol White,Finance,EMP004,2,APPROVED,,,,,,,https://receipts.brim.example/003285.pdf,,True
TXN-001244,****-****-****-4007,MCDONALDS DT QPS,13.3,18.34,USD,1.379,2025-10-20 08:05:00,5814,Fast Food Restaurants,TXC-007,EMP007,Carol White,Finance,EMP004,2,APPROVED,,,,,,,https://receipts.brim.example/001244.pdf,,True
TXN-001029,****-****-****-4008,PETRO-CANADA 8821,26.65,36.75,USD,1.379,2025-10-20 09:05:00,5541,Service Stations,TXC-008,EMP008,Eric Tran,Operations,EMP003,4,APPROVED,,,,,,,https://receipts.brim.example/001029.pdf,,True
TXN-003921,****-****-****-4001,IMPARK LOT 88,24.76,34.14,USD,1.379,2025-10-20 09:37:00,7523,Parking Lots & Garages,TXC-001,EMP001,Olivia Reyes,Executive,,6,APPROVED,,,,,,,https://receipts.brim.example/003921.pdf,,True
TXN-003167,****-****-****-4002,407 ETR TOLL,19.84,27.36,USD,1.379,2025-10-20 09:41:00,4131,Bus Lines / Tolls,TXC-002,EMP002,Priya Nair,Finance,EMP001,5,APPROVED,,,,,,,https://receipts.brim.example/003167.pdf,,True
TXN-002902,****-****-****-4002,IMPARK LOT 88,12.64,17.43,USD,1.379,2025-10-20 12:15:00,7523,Parking Lots & Garages,TXC-002,EMP002,Priya Nair,Finance,EMP001,5,APPROVED,,,,,,,https://receipts.brim.example/002902.pdf,,True
TXN-004134,****-****-****-4006,QUICK FUEL STOP,93.02,128.27,USD,1.379,2025-10-20 13:35:00,5172,Petroleum & Petroleum Products,TXC-006,EMP006,Bob Kumar,Finance,EMP004,2,APPROVED,,,,,,,https://receipts.brim.example/004134.pdf,,True
TXN-001324,****-****-****-4008,AMAZON MKTPLACE,30.61,42.21,USD,1.379,2025-10-20 14:03:00,5111,Stationery & Office Supplies,TXC-008,EMP008,Eric Tran,Operations,EMP003,4,APPROVED,,,,,,,https://receipts.brim.example/001324.pdf,,True
TXN-001361,****-****-****-4003,PILOT TRAVEL 209,52.08,71.82,USD,1.379,2025-10-20 14:42:00,5172,Petroleum & Petroleum Products,TXC-003,EMP003,Marcus Webb,Operations,EMP001,5,PENDING,,,,,,,https://receipts.brim.example/001361.pdf,,False
TXN-003677,****-****-****-4003,AMAZON MKTPLACE,30.06,41.45,USD,1.379,2025-10-20 15:13:00,5943,Stationery & Writing Supplies,TXC-003,EMP003,Marcus Webb,Operations,EMP001,5,APPROVED,,,,,,,https://receipts.brim.example/003677.pdf,,True
TXN-002351,****-****-****-4005,ROADSIDE GRILL CO,53.13,73.27,USD,1.379,2025-10-20 15:48:00,5814,Fast Food Restaurants,TXC-005,EMP005,Dana Park,Finance,EMP002,3,APPROVED,,,,,,,https://receipts.brim.example/002351.pdf,TRIP-0156,True
TXN-001544,****-****-****-4009,ESSO RETAIL 113,61.92,85.39,USD,1.379,2025-10-20 16:19:00,5541,Service Stations,TXC-009,EMP009,Grace Lee,Operations,EMP008,3,APPROVED,,,,,,,https://receipts.brim.example/001544.pdf,,True
TXN-001803,****-****-****-4008,COMFORT INN 442,366.68,505.65,USD,1.379,2025-10-20 16:45:00,7011,"Hotels, Motels & Resorts",TXC-008,EMP008,Eric Tran,Operations,EMP003,4,APPROVED,,,,,,,https://receipts.brim.example/001803.pdf,,True
TXN-002552,****-****-****-4009,BEST WESTERN 71,108.4,149.48,USD,1.379,2025-10-20 17:09:00,7011,"Hotels, Motels & Resorts",TXC-009,EMP009,Grace Lee,Operations,EMP008,3,APPROVED,,,,,,,https://receipts.brim.example/002552.pdf,,True
TXN-003803,****-****-****-4004,STAPLES #112,59.82,82.49,USD,1.379,2025-10-20 20:13:00,5943,Stationery & Writing Supplies,TXC-004,EMP004,Alice Chen,Finance,EMP002,4,PENDING,,,,,,,https://receipts.brim.example/003803.pdf,,False
TXN-003579,****-****-****-4004,ROADSIDE GRILL CO,46.28,63.82,USD,1.379,2025-10-20 21:59:00,5812,Eating Places & Restaurants,TXC-004,EMP004,Alice Chen,Finance,EMP002,4,APPROVED,,,,,,,https://receipts.brim.example/003579.pdf,,True
TXN-001890,****-****-****-4003,SUBWAY 40021,26.82,36.98,USD,1.379,2025-10-21 06:42:00,5814,Fast Food Restaurants,TXC-003,EMP003,Marcus Webb,Operations,EMP001,5,APPROVED,,,,,,,https://receipts.brim.example/001890.pdf,TRIP-0126,True
TXN-001504,****-****-****-4008,WENDYS 7781,16.0,22.06,USD,1.379,2025-10-21 07:44:00,5812,Eating Places & Restaurants,TXC-008,EMP008,Eric Tran,Operations,EMP003,4,APPROVED,,,,,,,https://receipts.brim.example/001504.pdf,,True
TXN-001507,****-****-****-4007,PILOT TRAVEL 209,30.6,42.2,USD,1.379,2025-10-21 07:58:00,5541,Service Stations,TXC-007,EMP007,Carol White,Finance,EMP004,2,APPROVED,,,,,,,https://receipts.brim.example/001507.pdf,,True
TXN-002400,****-****-****-4003,SHELL DT #4421,104.96,144.74,USD,1.379,2025-10-21 08:36:00,5172,Petroleum & Petroleum Products,TXC-003,EMP003,Marcus Webb,Operations,EMP001,5,APPROVED,,,,,,,https://receipts.brim.example/002400.pdf,,True
TXN-001128,****-****-****-4004,SUPER 8 MOTEL,257.38,354.93,USD,1.379,2025-10-21 08:56:00,7011,"Hotels, Motels & Resorts",TXC-004,EMP004,Alice Chen,Finance,EMP002,4,APPROVED,,,,,,,https://receipts.brim.example/001128.pdf,TRIP-0074,True
TXN-002079,****-****-****-4007,SHELL DT #4421,150.42,207.43,USD,1.379,2025-10-21 09:40:00,5541,Service Stations,TXC-007,EMP007,Carol White,Finance,EMP004,2,APPROVED,,,,,,,https://receipts.brim.example/002079.pdf,,True
TXN-003912,****-****-****-4009,FLYING J #771,51.14,70.52,USD,1.379,2025-10-21 09:40:00,5172,Petroleum & Petroleum Products,TXC-009,EMP009,Grace Lee,Operations,EMP008,3,APPROVED,,,,,,,https://receipts.brim.example/003912.pdf,,True
TXN-002488,****-****-****-4009,FLYING J #771,28.12,38.78,USD,1.379,2025-10-21 10:50:00,5541,Service Stations,TXC-009,EMP009,Grace Lee,Operations,EMP008,3,APPROVED,,,,,,,https://receipts.brim.example/002488.pdf,,True
TXN-000077,****-****-****-4005,ALPHA CONSULTING GROUP,980.3,1351.83,USD,1.379,2025-10-21 11:00:00,4814,Telecom Services,TXC-005,EMP005,Dana Park,Finance,EMP002,3,APPROVED,,,,,,,https://receipts.brim.example/000077.pdf,,True
TXN-000667,****-****-****-4007,COSTCO WHSE 44,81.67,112.62,USD,1.379,2025-10-21 11:37:00,5300,Wholesale Clubs,TXC-007,EMP007,Carol White,Finance,EMP004,2,APPROVED,,,,,,,https://receipts.brim.example/000667.pdf,,True
TXN-000679,****-****-****-4008,FLYING J #771,25.17,34.71,USD,1.379,2025-10-21 12:06:00,5172,Petroleum & Petroleum Products,TXC-008,EMP008,Eric Tran,Operations,EMP003,4,APPROVED,,,,,,,https://receipts.brim.example/000679.pdf,,True
TXN-002500,****-****-****-4008,QUICK FUEL STOP,169.12,233.22,USD,1.379,2025-10-21 12:19:00,5541,Service Stations,TXC-008,EMP008,Eric Tran,Operations,EMP003,4,APPROVED,,,,,,,https://receipts.brim.example/002500.pdf,,True
TXN-003366,****-****-****-4007,COMFORT INN 442,144.09,198.7,USD,1.379,2025-10-21 13:30:00,7011,"Hotels, Motels & Resorts",TXC-007,EMP007,Carol White,Finance,EMP004,2,APPROVED,,,,,,,https://receipts.brim.example/003366.pdf,,True
TXN-001420,****-****-****-4003,FLYING J #771,88.32,121.79,USD,1.379,2025-10-21 14:05:00,5541,Service Stations,TXC-003,EMP003,Marcus Webb,Operations,EMP001,5,APPROVED,,,,,,,,,True
TXN-002737,****-****-****-4004,PILOT TRAVEL 209,27.85,38.41,USD,1.379,2025-10-21 14:27:00,5541,Service Stations,TXC-004,EMP004,Alice Chen,Finance,EMP002,4,APPROVED,,,,,,,https://receipts.brim.example/002737.pdf,TRIP-0180,True
TXN-003206,****-****-****-4007,SHELL DT #4421,60.33,83.2,USD,1.379,2025-10-21 14:53:00,5541,Service Stations,TXC-007,EMP007,Carol White,Finance,EMP004,2,PENDING,,,,,,,https://receipts.brim.example/003206.pdf,,False
TXN-004146,****-****-****-4006,HOME DEPOT 88,127.56,175.91,USD,1.379,2025-10-21 15:01:00,5300,Wholesale Clubs,TXC-006,EMP006,Bob Kumar,Finance,EMP004,2,APPROVED,,,,,,,https://receipts.brim.example/004146.pdf,,True
TXN-001092,****-****-****-4008,TIM HORTONS #882,14.09,19.43,USD,1.379,2025-10-21 15:26:00,5814,Fast Food Restaurants,TXC-008,EMP008,Eric Tran,Operations,EMP003,4,APPROVED,,,,,,,https://receipts.brim.example/001092.pdf,,True
TXN-004035,****-****-****-4003,SUBWAY 40021,19.29,26.6,USD,1.379,2025-10-21 17:47:00,5812,Eating Places & Restaurants,TXC-003,EMP003,Marcus Webb,Operations,EMP001,5,APPROVED,,,,,,,https://receipts.brim.example/004035.pdf,,True
TXN-002654,****-****-****-4009,QUICK FUEL STOP,96.41,132.95,USD,1.379,2025-10-21 18:22:00,5541,Service Stations,TXC-009,EMP009,Grace Lee,Operations,EMP008,3,APPROVED,,,,,,,https://receipts.brim.example/002654.pdf,,True
TXN-002530,****-****-****-4008,BEST BUY 112,51.77,71.39,USD,1.379,2025-10-21 18:51:00,5045,Computers & Peripherals,TXC-008,EMP008,Eric Tran,Operations,EMP003,4,APPROVED,,,,,,,https://receipts.brim.example/002530.pdf,,True
TXN-000309,****-****-****-4009,WENDYS 7781,54.68,75.4,USD,1.379,2025-10-21 18:53:00,5814,Fast Food Restaurants,TXC-009,EMP009,Grace Lee,Operations,EMP008,3,APPROVED,,,,,,,https://receipts.brim.example/000309.pdf,,True
TXN-002317,****-****-****-4007,FLYING J #771,64.48,88.92,USD,1.379,2025-10-21 19:55:00,5541,Service Stations,TXC-007,EMP007,Carol White,Finance,EMP004,2,APPROVED,,,,,,,https://receipts.brim.example/002317.pdf,,True
TXN-001631,****-****-****-4004,MICROSOFT 365,42.55,58.68,USD,1.379,2025-10-21 20:00:00,5734,Computer Software Stores,TXC-004,EMP004,Alice Chen,Finance,EMP002,4,APPROVED,,,,,,,https://receipts.brim.example/001631.pdf,,True
TXN-001365,****-****-****-4004,TIM HORTONS #882,19.45,26.82,USD,1.379,2025-10-21 20:08:00,5814,Fast Food Restaurants,TXC-004,EMP004,Alice Chen,Finance,EMP002,4,APPROVED,,,,,,,https://receipts.brim.example/001365.pdf,,True
TXN-002009,****-****-****-4009,ROADSIDE GRILL CO,44.68,61.61,USD,1.379,2025-10-21 20:58:00,5812,Eating Places & Restaurants,TXC-009,EMP009,Grace Lee,Operations,EMP008,3,APPROVED,,,,,,,https://receipts.brim.example/002009.pdf,TRIP-0136,True
TXN-000200,****-****-****-4002,KAL TIRE 9,291.05,401.36,USD,1.379,2025-10-22 07:16:00,7531,Auto Body Repair Shops,TXC-002,EMP002,Priya Nair,Finance,EMP001,5,APPROVED,,,,,,,https://receipts.brim.example/000200.pdf,,True
TXN-001636,****-****-****-4008,FLYING J #771,110.07,151.79,USD,1.379,2025-10-22 07:21:00,5172,Petroleum & Petroleum Products,TXC-008,EMP008,Eric Tran,Operations,EMP003,4,APPROVED,,,,,,,https://receipts.brim.example/001636.pdf,,True
TXN-001427,****-****-****-4005,ESSO RETAIL 113,104.82,144.55,USD,1.379,2025-10-22 07:29:00,5541,Service Stations,TXC-005,EMP005,Dana Park,Finance,EMP002,3,APPROVED,,,,,,,https://receipts.brim.example/001427.pdf,,True
TXN-001141,****-****-****-4009,GREEN P PARKING,25.39,35.01,USD,1.379,2025-10-22 10:28:00,7523,Parking Lots & Garages,TXC-009,EMP009,Grace Lee,Operations,EMP008,3,APPROVED,,,,,,,https://receipts.brim.example/001141.pdf,,True
TXN-000899,****-****-****-4004,HOLIDAY INN EXPRESS,115.07,158.68,USD,1.379,2025-10-22 11:24:00,7011,"Hotels, Motels & Resorts",TXC-004,EMP004,Alice Chen,Finance,EMP002,4,APPROVED,,,,,,,,,True
TXN-002601,****-****-****-4009,GRAND & TOY 5,88.56,122.12,USD,1.379,2025-10-22 12:37:00,5943,Stationery & Writing Supplies,TXC-009,EMP009,Grace Lee,Operations,EMP008,3,APPROVED,,,,,,,https://receipts.brim.example/002601.pdf,,True
TXN-003687,****-****-****-4003,SHELL DT #4421,48.51,66.9,USD,1.379,2025-10-22 14:15:00,5541,Service Stations,TXC-003,EMP003,Marcus Webb,Operations,EMP001,5,APPROVED,,,,,,,https://receipts.brim.example/003687.pdf,,True
TXN-001914,****-****-****-4007,TIM HORTONS #882,17.21,23.73,USD,1.379,2025-10-22 14:27:00,5812,Eating Places & Restaurants,TXC-007,EMP007,Carol White,Finance,EMP004,2,APPROVED,,,,,,,https://receipts.brim.example/001914.pdf,,True
TXN-003364,****-****-****-4003,ESSO RETAIL 113,51.26,70.69,USD,1.379,2025-10-22 16:21:00,5541,Service Stations,TXC-003,EMP003,Marcus Webb,Operations,EMP001,5,PENDING,,,,,,,https://receipts.brim.example/003364.pdf,,False
TXN-004311,****-****-****-4004,ULTRAMAR 55,38.6,53.23,USD,1.379,2025-10-22 16:23:00,5172,Petroleum & Petroleum Products,TXC-004,EMP004,Alice Chen,Finance,EMP002,4,APPROVED,,,,,,,https://receipts.brim.example/004311.pdf,,True
TXN-001564,****-****-****-4004,ROADSIDE GRILL CO,50.93,70.23,USD,1.379,2025-10-22 16:39:00,5812,Eating Places & Restaurants,TXC-004,EMP004,Alice Chen,Finance,EMP002,4,APPROVED,,,,,,,,,True
TXN-001298,****-****-****-4004,BOSTON PIZZA 12,41.06,56.62,USD,1.379,2025-10-22 17:29:00,5814,Fast Food Restaurants,TXC-004,EMP004,Alice Chen,Finance,EMP002,4,APPROVED,,,,,,,https://receipts.brim.example/001298.pdf,,True
TXN-001430,****-****-****-4008,ULTRAMAR 55,102.97,142.0,USD,1.379,2025-10-22 18:12:00,5172,Petroleum & Petroleum Products,TXC-008,EMP008,Eric Tran,Operations,EMP003,4,APPROVED,,,,,,,https://receipts.brim.example/001430.pdf,,True
TXN-000491,****-****-****-4008,PETRO-CANADA 8821,62.75,86.53,USD,1.379,2025-10-22 19:07:00,5541,Service Stations,TXC-008,EMP008,Eric Tran,Operations,EMP003,4,APPROVED,,,,,,,https://receipts.brim.example/000491.pdf,,True
TXN-002010,****-****-****-4009,ROADSIDE GRILL CO,25.24,34.81,USD,1.379,2025-10-22 19:13:00,5812,Eating Places & Restaurants,TXC-009,EMP009,Grace Lee,Operations,EMP008,3,APPROVED,,,,,,,https://receipts.brim.example/002010.pdf,TRIP-0136,True
TXN-001539,****-****-****-4002,QUICK FUEL STOP,37.89,52.25,USD,1.379,2025-10-22 19:54:00,5541,Service Stations,TXC-002,EMP002,Priya Nair,Finance,EMP001,5,APPROVED,,,,,,,https://receipts.brim.example/001539.pdf,,True
TXN-002768,****-****-****-4003,HOLIDAY INN EXPRESS,139.63,192.55,USD,1.379,2025-10-22 21:45:00,7011,"Hotels, Motels & Resorts",TXC-003,EMP003,Marcus Webb,Operations,EMP001,5,APPROVED,,,,,,,https://receipts.brim.example/002768.pdf,TRIP-0182,True
TXN-002769,****-****-****-4003,MCDONALDS DT QPS,28.07,38.71,USD,1.379,2025-10-23 01:57:00,5814,Fast Food Restaurants,TXC-003,EMP003,Marcus Webb,Operations,EMP001,5,APPROVED,,,,,,,https://receipts.brim.example/002769.pdf,TRIP-0182,True
TXN-001129,****-****-****-4004,MCDONALDS DT QPS,20.03,27.62,USD,1.379,2025-10-23 05:35:00,5812,Eating Places & Restaurants,TXC-004,EMP004,Alice Chen,Finance,EMP002,4,APPROVED,,,,,,,https://receipts.brim.example/001129.pdf,TRIP-0074,True
TXN-000752,****-****-****-4005,QUICK FUEL STOP,41.12,56.7,USD,1.379,2025-10-23 07:56:00,5541,Service Stations,TXC-005,EMP005,Dana Park,Finance,EMP002,3,APPROVED,,,,,,,https://receipts.brim.example/000752.pdf,,True
TXN-002246,****-****-****-4002,A&W STORE 551,30.31,41.8,USD,1.379,2025-10-23 08:02:00,5812,Eating Places & Restaurants,TXC-002,EMP002,Priya Nair,Finance,EMP001,5,APPROVED,,,,,,,https://receipts.brim.example/002246.pdf,,True
TXN-001887,****-****-****-4003,SUPER 8 MOTEL,254.37,350.78,USD,1.379,2025-10-23 09:17:00,7011,"Hotels, Motels & Resorts",TXC-003,EMP003,Marcus Webb,Operations,EMP001,5,APPROVED,,,,,,,,TRIP-0126,True
TXN-002214,****-****-****-4009,ESSO RETAIL 113,78.03,107.6,USD,1.379,2025-10-23 09:54:00,5541,Service Stations,TXC-009,EMP009,Grace Lee,Operations,EMP008,3,APPROVED,,,,,,,https://receipts.brim.example/002214.pdf,,True
TXN-000898,****-****-****-4009,ULTRAMAR 55,27.59,38.05,USD,1.379,2025-10-23 10:05:00,5541,Service Stations,TXC-009,EMP009,Grace Lee,Operations,EMP008,3,APPROVED,,,,,,,https://receipts.brim.example/000898.pdf,,True
TXN-001888,****-****-****-4003,ULTRAMAR 55,36.15,49.85,USD,1.379,2025-10-23 10:15:00,5541,Service Stations,TXC-003,EMP003,Marcus Webb,Operations,EMP001,5,APPROVED,,,,,,,https://receipts.brim.example/001888.pdf,TRIP-0126,True
TXN-002291,****-****-****-4009,WENDYS 7781,14.89,20.53,USD,1.379,2025-10-23 10:55:00,5814,Fast Food Restaurants,TXC-009,EMP009,Grace Lee,Operations,EMP008,3,APPROVED,,,,,,,https://receipts.brim.example/002291.pdf,,True
TXN-003009,****-****-****-4009,PILOT TRAVEL 209,51.52,71.05,USD,1.379,2025-10-23 11:27:00,5172,Petroleum & Petroleum Products,TXC-009,EMP009,Grace Lee,Operations,EMP008,3,APPROVED,,,,,,,,,True
TXN-002173,****-****-****-4007,BOSTON PIZZA 12,32.55,44.89,USD,1.379,2025-10-23 11:28:00,5812,Eating Places & Restaurants,TXC-007,EMP007,Carol White,Finance,EMP004,2,APPROVED,,,,,,,https://receipts.brim.example/002173.pdf,,True
TXN-003332,****-****-****-4007,SHELL DT #4421,24.44,33.7,USD,1.379,2025-10-23 11:44:00,5541,Service Stations,TXC-007,EMP007,Carol White,Finance,EMP004,2,APPROVED,,,,,,,https://receipts.brim.example/003332.pdf,TRIP-0222,True
TXN-004334,****-****-****-4007,TIM HORTONS #882,64.01,88.27,USD,1.379,2025-10-23 11:57:00,5812,Eating Places & Restaurants,TXC-007,EMP007,Carol White,Finance,EMP004,2,APPROVED,,,,,,,https://receipts.brim.example/004334.pdf,,True
TXN-001618,****-****-****-4008,ESSO RETAIL 113,41.6,57.37,USD,1.379,2025-10-23 12:15:00,5172,Petroleum & Petroleum Products,TXC-008,EMP008,Eric Tran,Operations,EMP003,4,APPROVED,,,,,,,https://receipts.brim.example/001618.pdf,,True
TXN-003644,****-****-****-4007,HOME DEPOT 88,107.82,148.68,USD,1.379,2025-10-23 12:38:00,5045,Computers & Peripherals,TXC-007,EMP007,Carol White,Finance,EMP004,2,APPROVED,,,,,,,https://receipts.brim.example/003644.pdf,,True
TXN-000726,****-****-****-4002,TIM HORTONS #882,42.0,57.92,USD,1.379,2025-10-23 14:09:00,5812,Eating Places & Restaurants,TXC-002,EMP002,Priya Nair,Finance,EMP001,5,APPROVED,,,,,,,https://receipts.brim.example/000726.pdf,,True
TXN-001458,****-****-****-4004,IMPARK LOT 88,7.42,10.23,USD,1.379,2025-10-23 14:49:00,4131,Bus Lines / Tolls,TXC-004,EMP004,Alice Chen,Finance,EMP002,4,APPROVED,,,,,,,https://receipts.brim.example/001458.pdf,,True
TXN-000676,****-****-****-4007,GOOGLE WORKSPACE,35.55,49.02,USD,1.379,2025-10-23 16:28:00,5734,Computer Software Stores,TXC-007,EMP007,Carol White,Finance,EMP004,2,APPROVED,,,,,,,https://receipts.brim.example/000676.pdf,,True
TXN-003097,****-****-****-4009,FLYING J #771,92.95,128.18,USD,1.379,2025-10-23 16:33:00,5172,Petroleum & Petroleum Products,TXC-009,EMP009,Grace Lee,Operations,EMP008,3,APPROVED,,,,,,,https://receipts.brim.example/003097.pdf,,True
TXN-004078,****-****-****-4008,BEST BUY 112,51.21,70.62,USD,1.379,2025-10-23 18:12:00,5045,Computers & Peripherals,TXC-008,EMP008,Eric Tran,Operations,EMP003,4,APPROVED,,,,,,,https://receipts.brim.example/004078.pdf,,True
TXN-004131,****-****-****-4009,PILOT TRAVEL 209,33.1,45.64,USD,1.379,2025-10-23 18:23:00,5172,Petroleum & Petroleum Products,TXC-009,EMP009,Grace Lee,Operations,EMP008,3,APPROVED,,,,,,,https://receipts.brim.example/004131.pdf,,True
TXN-001798,****-****-****-4004,GRAND & TOY 5,20.93,28.86,USD,1.379,2025-10-23 18:26:00,5943,Stationery & Writing Supplies,TXC-004,EMP004,Alice Chen,Finance,EMP002,4,APPROVED,,,,,,,https://receipts.brim.example/001798.pdf,,True
TXN-002007,****-****-****-4009,DAYS INN 209,221.94,306.06,USD,1.379,2025-10-23 18:55:00,7011,"Hotels, Motels & Resorts",TXC-009,EMP009,Grace Lee,Operations,EMP008,3,APPROVED,,,,,,,https://receipts.brim.example/002007.pdf,TRIP-0136,True
TXN-000820,****-****-****-4008,SUBWAY 40021,10.51,14.49,USD,1.379,2025-10-23 20:38:00,5814,Fast Food Restaurants,TXC-008,EMP008,Eric Tran,Operations,EMP003,4,APPROVED,,,,,,,https://receipts.brim.example/000820.pdf,,True
TXN-000431,****-****-****-4008,HOME DEPOT 88,107.38,148.08,USD,1.379,2025-10-23 21:37:00,5045,Computers & Peripherals,TXC-008,EMP008,Eric Tran,Operations,EMP003,4,APPROVED,,,,,,,https://receipts.brim.example/000431.pdf,,True
TXN-001852,****-****-****-4009,ROADSIDE GRILL CO,22.19,30.6,USD,1.379,2025-10-23 21:44:00,5814,Fast Food Restaurants,TXC-009,EMP009,Grace Lee,Operations,EMP008,3,APPROVED,,,,,,,https://receipts.brim.example/001852.pdf,,True
TXN-000029,****-****-****-4006,SHELL DT #4421,16.5,22.75,USD,1.379,2025-10-23 23:00:00,5111,Stationery & Office Supplies,TXC-006,EMP006,Bob Kumar,Finance,EMP004,2,APPROVED,,,,,,,https://receipts.brim.example/000029.pdf,,True
TXN-002162,****-****-****-4009,FLYING J #771,63.21,87.17,USD,1.379,2025-10-24 07:12:00,5172,Petroleum & Petroleum Products,TXC-009,EMP009,Grace Lee,Operations,EMP008,3,APPROVED,,,,,,,https://receipts.brim.example/002162.pdf,,True
TXN-001056,****-****-****-4003,SHELL DT #4421,34.13,47.07,USD,1.379,2025-10-24 07:32:00,5541,Service Stations,TXC-003,EMP003,Marcus Webb,Operations,EMP001,5,APPROVED,,,,,,,https://receipts.brim.example/001056.pdf,,True
TXN-003533,****-****-****-4002,FLYING J #771,106.78,147.25,USD,1.379,2025-10-24 07:47:00,5541,Service Stations,TXC-002,EMP002,Priya Nair,Finance,EMP001,5,APPROVED,,,,,,,https://receipts.brim.example/003533.pdf,,True
TXN-001121,****-****-****-4009,FLYING J #771,85.05,117.28,USD,1.379,2025-10-24 08:06:00,5172,Petroleum & Petroleum Products,TXC-009,EMP009,Grace Lee,Operations,EMP008,3,APPROVED,,,,,,,https://receipts.brim.example/001121.pdf,,True
TXN-000211,****-****-****-4001,ULTRAMAR 55,64.93,89.54,USD,1.379,2025-10-24 09:32:00,5172,Petroleum & Petroleum Products,TXC-001,EMP001,Olivia Reyes,Executive,,6,APPROVED,,,,,,,https://receipts.brim.example/000211.pdf,TRIP-0010,True
TXN-002442,****-****-****-4008,PRECISE PARKLINK,18.26,25.18,USD,1.379,2025-10-24 10:43:00,4131,Bus Lines / Tolls,TXC-008,EMP008,Eric Tran,Operations,EMP003,4,APPROVED,,,,,,,https://receipts.brim.example/002442.pdf,,True
TXN-002212,****-****-****-4009,QUICK FUEL STOP,28.7,39.58,USD,1.379,2025-10-24 11:01:00,5541,Service Stations,TXC-009,EMP009,Grace Lee,Operations,EMP008,3,APPROVED,,,,,,,https://receipts.brim.example/002212.pdf,,True
TXN-004296,****-****-****-4009,ROADSIDE GRILL CO,30.07,41.47,USD,1.379,2025-10-24 11:08:00,5812,Eating Places & Restaurants,TXC-009,EMP009,Grace Lee,Operations,EMP008,3,APPROVED,,,,,,,https://receipts.brim.example/004296.pdf,,True
TXN-003331,****-****-****-4007,DAYS INN 209,189.07,260.73,USD,1.379,2025-10-24 12:00:00,7011,"Hotels, Motels & Resorts",TXC-007,EMP007,Carol White,Finance,EMP004,2,APPROVED,,,,,,,https://receipts.brim.example/003331.pdf,TRIP-0222,True
TXN-002676,****-****-****-4008,BEST BUY 112,131.02,180.68,USD,1.379,2025-10-24 12:09:00,5045,Computers & Peripherals,TXC-008,EMP008,Eric Tran,Operations,EMP003,4,APPROVED,,,,,,,https://receipts.brim.example/002676.pdf,,True
TXN-000917,****-****-****-4007,SHELL DT #4421,101.19,139.54,USD,1.379,2025-10-24 12:18:00,5541,Service Stations,TXC-007,EMP007,Carol White,Finance,EMP004,2,APPROVED,,,,,,,,,True
TXN-003070,****-****-****-4009,QUICK FUEL STOP,47.62,65.67,USD,1.379,2025-10-24 13:16:00,5172,Petroleum & Petroleum Products,TXC-009,EMP009,Grace Lee,Operations,EMP008,3,APPROVED,,,,,,,https://receipts.brim.example/003070.pdf,,True
TXN-003125,****-****-****-4002,A&W STORE 551,35.48,48.93,USD,1.379,2025-10-24 17:25:00,5814,Fast Food Restaurants,TXC-002,EMP002,Priya Nair,Finance,EMP001,5,APPROVED,,,,,,,https://receipts.brim.example/003125.pdf,,True
TXN-000311,****-****-****-4007,COSTCO WHSE 44,111.43,153.66,USD,1.379,2025-10-24 18:02:00,5300,Wholesale Clubs,TXC-007,EMP007,Carol White,Finance,EMP004,2,APPROVED,,,,,,,https://receipts.brim.example/000311.pdf,,True
TXN-003632,****-****-****-4006,ULTRAMAR 55,59.6,82.19,USD,1.379,2025-10-24 18:36:00,5172,Petroleum & Petroleum Products,TXC-006,EMP006,Bob Kumar,Finance,EMP004,2,APPROVED,,,,,,,https://receipts.brim.example/003632.pdf,,True
TXN-000528,****-****-****-4008,SHELL DT #4421,80.38,110.84,USD,1.379,2025-10-24 19:17:00,5541,Service Stations,TXC-008,EMP008,Eric Tran,Operations,EMP003,4,APPROVED,,,,,,,https://receipts.brim.example/000528.pdf,,True
TXN-003059,****-****-****-4009,PETRO-CANADA 8821,53.28,73.47,USD,1.379,2025-10-24 20:34:00,5172,Petroleum & Petroleum Products,TXC-009,EMP009,Grace Lee,Operations,EMP008,3,APPROVED,,,,,,,https://receipts.brim.example/003059.pdf,,True
TXN-002389,****-****-****-4004,407 ETR TOLL,12.63,17.42,USD,1.379,2025-10-24 20:35:00,7523,Parking Lots & Garages,TXC-004,EMP004,Alice Chen,Finance,EMP002,4,APPROVED,,,,,,,https://receipts.brim.example/002389.pdf,,True
TXN-002927,****-****-****-4009,GOOGLE WORKSPACE,99.46,137.16,USD,1.379,2025-10-24 20:40:00,4814,Telecom Services,TXC-009,EMP009,Grace Lee,Operations,EMP008,3,PENDING,,,,,,,https://receipts.brim.example/002927.pdf,,False
TXN-003703,****-****-****-4008,ROADSIDE GRILL CO,23.29,32.12,USD,1.379,2025-10-24 21:23:00,5814,Fast Food Restaurants,TXC-008,EMP008,Eric Tran,Operations,EMP003,4,APPROVED,,,,,,,https://receipts.brim.example/003703.pdf,,True
TXN-002008,****-****-****-4009,A&W STORE 551,16.17,22.3,USD,1.379,2025-10-24 23:23:00,5814,Fast Food Restaurants,TXC-009,EMP009,Grace Lee,Operations,EMP008,3,APPROVED,,,,,,,https://receipts.brim.example/002008.pdf,TRIP-0136,True
TXN-003333,****-****-****-4007,ULTRAMAR 55,41.26,56.9,USD,1.379,2025-10-25 07:03:00,5541,Service Stations,TXC-007,EMP007,Carol White,Finance,EMP004,2,APPROVED,,,,,,,https://receipts.brim.example/003333.pdf,TRIP-0222,True
TXN-000855,****-****-****-4003,A&W STORE 551,41.91,57.79,USD,1.379,2025-10-25 07:08:00,5812,Eating Places & Restaurants,TXC-003,EMP003,Marcus Webb,Operations,EMP001,5,APPROVED,,,,,,,https://receipts.brim.example/000855.pdf,,True
TXN-002841,****-****-****-4002,ULTRAMAR 55,61.63,84.99,USD,1.379,2025-10-25 07:33:00,5172,Petroleum & Petroleum Products,TXC-002,EMP002,Priya Nair,Finance,EMP001,5,APPROVED,,,,,,,https://receipts.brim.example/002841.pdf,,True
TXN-001889,****-****-****-4003,PETRO-CANADA 8821,116.7,160.93,USD,1.379,2025-10-25 10:10:00,5541,Service Stations,TXC-003,EMP003,Marcus Webb,Operations,EMP001,5,APPROVED,,,,,,,https://receipts.brim.example/001889.pdf,TRIP-0126,True
TXN-001407,****-****-****-4003,AMAZON MKTPLACE,44.73,61.68,USD,1.379,2025-10-25 10:23:00,5943,Stationery & Writing Supplies,TXC-003,EMP003,Marcus Webb,Operations,EMP001,5,APPROVED,,,,,,,https://receipts.brim.example/001407.pdf,,True
TXN-000289,****-****-****-4009,AMAZON MKTPLACE,52.6,72.54,USD,1.379,2025-10-25 11:51:00,5943,Stationery & Writing Supplies,TXC-009,EMP009,Grace Lee,Operations,EMP008,3,APPROVED,,,,,,,https://receipts.brim.example/000289.pdf,,True
TXN-000313,****-****-****-4003,CANADIAN TIRE 445,183.4,252.91,USD,1.379,2025-10-25 12:10:00,7531,Auto Body Repair Shops,TXC-003,EMP003,Marcus Webb,Operations,EMP001,5,APPROVED,,,,,,,https://receipts.brim.example/000313.pdf,,True
TXN-001283,****-****-****-4008,SHELL DT #4421,36.89,50.87,USD,1.379,2025-10-25 13:01:00,5541,Service Stations,TXC-008,EMP008,Eric Tran,Operations,EMP003,4,APPROVED,,,,,,,https://receipts.brim.example/001283.pdf,,True
TXN-003303,****-****-****-4007,ULTRAMAR 55,63.64,87.76,USD,1.379,2025-10-25 13:36:00,5172,Petroleum & Petroleum Products,TXC-007,EMP007,Carol White,Finance,EMP004,2,APPROVED,,,,,,,,,True
TXN-001750,****-****-****-4002,A&W STORE 551,25.29,34.87,USD,1.379,2025-10-25 16:22:00,5812,Eating Places & Restaurants,TXC-002,EMP002,Priya Nair,Finance,EMP001,5,APPROVED,,,,,,,https://receipts.brim.example/001750.pdf,,True
TXN-002547,****-****-****-4007,SHELL DT #4421,18.29,25.22,USD,1.379,2025-10-25 17:29:00,5172,Petroleum & Petroleum Products,TXC-007,EMP007,Carol White,Finance,EMP004,2,APPROVED,,,,,,,https://receipts.brim.example/002547.pdf,,True
TXN-003759,****-****-****-4008,ULTRAMAR 55,352.59,486.22,USD,1.379,2025-10-25 19:31:00,5541,Service Stations,TXC-008,EMP008,Eric Tran,Operations,EMP003,4,APPROVED,,,,,,,https://receipts.brim.example/003759.pdf,,True
TXN-002017,****-****-****-4008,MCDONALDS DT QPS,29.63,40.86,USD,1.379,2025-10-25 20:04:00,5814,Fast Food Restaurants,TXC-008,EMP008,Eric Tran,Operations,EMP003,4,APPROVED,,,,,,,https://receipts.brim.example/002017.pdf,,True
TXN-001335,****-****-****-4004,PILOT TRAVEL 209,81.47,112.35,USD,1.379,2025-10-25 20:27:00,5541,Service Stations,TXC-004,EMP004,Alice Chen,Finance,EMP002,4,APPROVED,,,,,,,https://receipts.brim.example/001335.pdf,,True
TXN-000150,****-****-****-4003,FOUNTAIN TIRE,251.56,346.9,USD,1.379,2025-10-26 07:29:00,7538,Automotive Service Shops,TXC-003,EMP003,Marcus Webb,Operations,EMP001,5,APPROVED,,,,,,,https://receipts.brim.example/000150.pdf,,True
TXN-004051,****-****-****-4008,FOUNTAIN TIRE,192.7,265.73,USD,1.379,2025-10-26 08:32:00,7538,Automotive Service Shops,TXC-008,EMP008,Eric Tran,Operations,EMP003,4,APPROVED,,,,,,,https://receipts.brim.example/004051.pdf,,True
TXN-000485,****-****-****-4005,GOOGLE WORKSPACE,143.54,197.94,USD,1.379,2025-10-26 08:50:00,4814,Telecom Services,TXC-005,EMP005,Dana Park,Finance,EMP002,3,PENDING,,,,,,,https://receipts.brim.example/000485.pdf,,False
TXN-002142,****-****-****-4009,PILOT TRAVEL 209,128.07,176.61,USD,1.379,2025-10-26 10:05:00,5172,Petroleum & Petroleum Products,TXC-009,EMP009,Grace Lee,Operations,EMP008,3,APPROVED,,,,,,,https://receipts.brim.example/002142.pdf,,True
TXN-002792,****-****-****-4001,MCDONALDS DT QPS,29.56,40.76,USD,1.379,2025-10-26 11:46:00,5812,Eating Places & Restaurants,TXC-001,EMP001,Olivia Reyes,Executive,,6,APPROVED,,,,,,,https://receipts.brim.example/002792.pdf,,True
TXN-000210,****-****-****-4001,SUPER 8 MOTEL,173.66,239.48,USD,1.379,2025-10-26 12:59:00,7011,"Hotels, Motels & Resorts",TXC-001,EMP001,Olivia Reyes,Executive,,6,PENDING,,,,,,,https://receipts.brim.example/000210.pdf,TRIP-0010,False
TXN-002729,****-****-****-4001,SHELL DT #4421,43.62,60.15,USD,1.379,2025-10-26 13:19:00,5541,Service Stations,TXC-001,EMP001,Olivia Reyes,Executive,,6,APPROVED,,,,,,,https://receipts.brim.example/002729.pdf,TRIP-0179,True
TXN-002831,****-****-****-4001,PILOT TRAVEL 209,78.5,108.25,USD,1.379,2025-10-26 14:15:00,5541,Service Stations,TXC-001,EMP001,Olivia Reyes,Executive,,6,APPROVED,,,,,,,https://receipts.brim.example/002831.pdf,TRIP-0185,True
TXN-001333,****-****-****-4007,STAPLES #112,29.88,41.2,USD,1.379,2025-10-26 15:14:00,5943,Stationery & Writing Supplies,TXC-007,EMP007,Carol White,Finance,EMP004,2,APPROVED,,,,,,,https://receipts.brim.example/001333.pdf,,True
TXN-004293,****-****-****-4004,SUBWAY 40021,66.46,91.65,USD,1.379,2025-10-26 16:15:00,5812,Eating Places & Restaurants,TXC-004,EMP004,Alice Chen,Finance,EMP002,4,APPROVED,,,,,,,https://receipts.brim.example/004293.pdf,,True
TXN-003558,****-****-****-4003,PILOT TRAVEL 209,24.43,33.69,USD,1.379,2025-10-26 16:50:00,5172,Petroleum & Petroleum Products,TXC-003,EMP003,Marcus Webb,Operations,EMP001,5,APPROVED,,,,,,,https://receipts.brim.example/003558.pdf,,True
TXN-001281,****-****-****-4003,MCDONALDS DT QPS,9.98,13.76,USD,1.379,2025-10-26 17:51:00,5812,Eating Places & Restaurants,TXC-003,EMP003,Marcus Webb,Operations,EMP001,5,APPROVED,,,,,,,https://receipts.brim.example/001281.pdf,,True
TXN-000923,****-****-****-4007,BOSTON PIZZA 12,67.03,92.43,USD,1.379,2025-10-26 18:06:00,5812,Eating Places & Restaurants,TXC-007,EMP007,Carol White,Finance,EMP004,2,APPROVED,,,,,,,https://receipts.brim.example/000923.pdf,,True
TXN-002539,****-****-****-4008,MICROSOFT 365,51.56,71.1,USD,1.379,2025-10-26 18:07:00,5734,Computer Software Stores,TXC-008,EMP008,Eric Tran,Operations,EMP003,4,PENDING,,,,,,,https://receipts.brim.example/002539.pdf,,False
TXN-001522,****-****-****-4009,PILOT TRAVEL 209,123.58,170.42,USD,1.379,2025-10-26 19:00:00,5541,Service Stations,TXC-009,EMP009,Grace Lee,Operations,EMP008,3,APPROVED,,,,,,,https://receipts.brim.example/001522.pdf,,True
TXN-003784,****-****-****-4009,ESSO RETAIL 113,80.74,111.34,USD,1.379,2025-10-26 19:53:00,5541,Service Stations,TXC-009,EMP009,Grace Lee,Operations,EMP008,3,APPROVED,,,,,,,https://receipts.brim.example/003784.pdf,,True
TXN-000141,****-****-****-4002,BOSTON PIZZA 12,17.33,23.9,USD,1.379,2025-10-26 19:59:00,5814,Fast Food Restaurants,TXC-002,EMP002,Priya Nair,Finance,EMP001,5,APPROVED,,,,,,,https://receipts.brim.example/000141.pdf,,True
TXN-000716,****-****-****-4009,TIM HORTONS #882,13.65,18.82,USD,1.379,2025-10-26 20:50:00,5814,Fast Food Restaurants,TXC-009,EMP009,Grace Lee,Operations,EMP008,3,APPROVED,,,,,,,https://receipts.brim.example/000716.pdf,,True
TXN-002983,****-****-****-4004,FOUNTAIN TIRE,319.72,440.89,USD,1.379,2025-10-27 07:42:00,7531,Auto Body Repair Shops,TXC-004,EMP004,Alice Chen,Finance,EMP002,4,APPROVED,,,,,,,,,True
TXN-002832,****-****-****-4001,FLYING J #771,19.35,26.68,USD,1.379,2025-10-27 08:42:00,5172,Petroleum & Petroleum Products,TXC-001,EMP001,Olivia Reyes,Executive,,6,APPROVED,,,,,,,https://receipts.brim.example/002832.pdf,TRIP-0185,True
TXN-004072,****-****-****-4002,COMFORT INN 442,103.55,142.8,USD,1.379,2025-10-27 09:09:00,7011,"Hotels, Motels & Resorts",TXC-002,EMP002,Priya Nair,Finance,EMP001,5,APPROVED,,,,,,,https://receipts.brim.example/004072.pdf,,True
TXN-003275,****-****-****-4007,SUPER 8 MOTEL,121.99,168.22,USD,1.379,2025-10-27 09:13:00,7011,"Hotels, Motels & Resorts",TXC-007,EMP007,Carol White,Finance,EMP004,2,PENDING,,,,,,,https://receipts.brim.example/003275.pdf,,False
TXN-001626,****-****-****-4007,ESSO RETAIL 113,131.83,181.79,USD,1.379,2025-10-27 09:29:00,5172,Petroleum & Petroleum Products,TXC-007,EMP007,Carol White,Finance,EMP004,2,APPROVED,,,,,,,https://receipts.brim.example/001626.pdf,,True
TXN-000768,****-****-****-4001,GREEN P PARKING,14.57,20.09,USD,1.379,2025-10-27 09:46:00,7523,Parking Lots & Garages,TXC-001,EMP001,Olivia Reyes,Executive,,6,APPROVED,,,,,,,https://receipts.brim.example/000768.pdf,,True
TXN-000420,****-****-****-4004,KAL TIRE 9,167.04,230.35,USD,1.379,2025-10-27 09:54:00,7538,Automotive Service Shops,TXC-004,EMP004,Alice Chen,Finance,EMP002,4,APPROVED,,,,,,,,,True
TXN-001171,****-****-****-4003,QUICK FUEL STOP,50.17,69.18,USD,1.379,2025-10-27 10:33:00,5172,Petroleum & Petroleum Products,TXC-003,EMP003,Marcus Webb,Operations,EMP001,5,APPROVED,,,,,,,https://receipts.brim.example/001171.pdf,,True
TXN-002830,****-****-****-4001,SUPER 8 MOTEL,151.1,208.37,USD,1.379,2025-10-27 10:52:00,7011,"Hotels, Motels & Resorts",TXC-001,EMP001,Olivia Reyes,Executive,,6,APPROVED,,,,,,,https://receipts.brim.example/002830.pdf,TRIP-0185,True
TXN-000980,****-****-****-4004,HOLIDAY INN EXPRESS,70.79,97.62,USD,1.379,2025-10-27 11:08:00,7011,"Hotels, Motels & Resorts",TXC-004,EMP004,Alice Chen,Finance,EMP002,4,APPROVED,,,,,,,https://receipts.brim.example/000980.pdf,TRIP-0060,True
TXN-001894,****-****-****-4009,PILOT TRAVEL 209,259.66,358.07,USD,1.379,2025-10-27 12:27:00,5172,Petroleum & Petroleum Products,TXC-009,EMP009,Grace Lee,Operations,EMP008,3,APPROVED,,,,,,,https://receipts.brim.example/001894.pdf,,True
TXN-002726,****-****-****-4001,HOLIDAY INN EXPRESS,84.52,116.55,USD,1.379,2025-10-27 14:20:00,7011,"Hotels, Motels & Resorts",TXC-001,EMP001,Olivia Reyes,Executive,,6,APPROVED,,,,,,,https://receipts.brim.example/002726.pdf,TRIP-0179,True
TXN-000348,****-****-****-4001,SHELL DT #4421,86.52,119.31,USD,1.379,2025-10-27 14:46:00,5541,Service Stations,TXC-001,EMP001,Olivia Reyes,Executive,,6,APPROVED,,,,,,,https://receipts.brim.example/000348.pdf,,True
TXN-001464,****-****-****-4008,TIM HORTONS #882,36.69,50.6,USD,1.379,2025-10-27 16:05:00,5814,Fast Food Restaurants,TXC-008,EMP008,Eric Tran,Operations,EMP003,4,APPROVED,,,,,,,https://receipts.brim.example/001464.pdf,,True
TXN-004054,****-****-****-4008,BOSTON PIZZA 12,11.79,16.26,USD,1.379,2025-10-27 16:42:00,5814,Fast Food Restaurants,TXC-008,EMP008,Eric Tran,Operations,EMP003,4,APPROVED,,,,,,,https://receipts.brim.example/004054.pdf,,True
TXN-000078,****-****-****-4005,ALPHA CONSULTING GROUP,1450.0,1999.55,USD,1.379,2025-10-27 18:00:00,4814,Telecom Services,TXC-005,EMP005,Dana Park,Finance,EMP002,3,APPROVED,,,,,,,https://receipts.brim.example/000078.pdf,,True
TXN-001437,****-****-****-4008,FOUNTAIN TIRE,320.18,441.53,USD,1.379,2025-10-27 20:01:00,7538,Automotive Service Shops,TXC-008,EMP008,Eric Tran,Operations,EMP003,4,PENDING,,,,,,,https://receipts.brim.example/001437.pdf,,False
TXN-000949,****-****-****-4009,ROADSIDE GRILL CO,20.18,27.83,USD,1.379,2025-10-27 20:30:00,5812,Eating Places & Restaurants,TXC-009,EMP009,Grace Lee,Operations,EMP008,3,APPROVED,,,,,,,https://receipts.brim.example/000949.pdf,,True
TXN-002856,****-****-****-4001,TIM HORTONS #882,34.57,47.67,USD,1.379,2025-10-28 07:56:00,5812,Eating Places & Restaurants,TXC-001,EMP001,Olivia Reyes,Executive,,6,APPROVED,,,,,,,https://receipts.brim.example/002856.pdf,,True
TXN-002496,****-****-****-4008,ULTRAMAR 55,31.36,43.25,USD,1.379,2025-10-28 08:20:00,5172,Petroleum & Petroleum Products,TXC-008,EMP008,Eric Tran,Operations,EMP003,4,APPROVED,,,,,,,https://receipts.brim.example/002496.pdf,,True
TXN-003480,****-****-****-4009,SHELL DT #4421,79.28,109.33,USD,1.379,2025-10-28 08:29:00,5541,Service Stations,TXC-009,EMP009,Grace Lee,Operations,EMP008,3,APPROVED,,,,,,,https://receipts.brim.example/003480.pdf,,True
TXN-002727,****-****-****-4001,A&W STORE 551,35.18,48.51,USD,1.379,2025-10-28 10:25:00,5814,Fast Food Restaurants,TXC-001,EMP001,Olivia Reyes,Executive,,6,APPROVED,,,,,,,https://receipts.brim.example/002727.pdf,TRIP-0179,True
TXN-000175,****-****-****-4009,GRAND & TOY 5,19.23,26.52,USD,1.379,2025-10-28 12:40:00,5943,Stationery & Writing Supplies,TXC-009,EMP009,Grace Lee,Operations,EMP008,3,APPROVED,,,,,,,https://receipts.brim.example/000175.pdf,,True
TXN-000030,****-****-****-4006,STAPLES #112,19.8,27.3,USD,1.379,2025-10-28 13:00:00,5943,Stationery & Writing Supplies,TXC-006,EMP006,Bob Kumar,Finance,EMP004,2,APPROVED,,,,,,,https://receipts.brim.example/000030.pdf,,True
TXN-001078,****-****-****-4003,PILOT TRAVEL 209,190.85,263.18,USD,1.379,2025-10-28 13:03:00,5541,Service Stations,TXC-003,EMP003,Marcus Webb,Operations,EMP001,5,APPROVED,,,,,,,https://receipts.brim.example/001078.pdf,TRIP-0071,True
TXN-004121,****-****-****-4006,ULTRAMAR 55,29.45,40.61,USD,1.379,2025-10-28 13:25:00,5541,Service Stations,TXC-006,EMP006,Bob Kumar,Finance,EMP004,2,APPROVED,,,,,,,https://receipts.brim.example/004121.pdf,,True
TXN-004089,****-****-****-4007,MCDONALDS DT QPS,31.41,43.31,USD,1.379,2025-10-28 13:55:00,5814,Fast Food Restaurants,TXC-007,EMP007,Carol White,Finance,EMP004,2,APPROVED,,,,,,,https://receipts.brim.example/004089.pdf,,True
TXN-003884,****-****-****-4004,FLYING J #771,310.61,428.33,USD,1.379,2025-10-28 14:45:00,5541,Service Stations,TXC-004,EMP004,Alice Chen,Finance,EMP002,4,APPROVED,,,,,,,https://receipts.brim.example/003884.pdf,,True
TXN-000407,****-****-****-4009,GREEN P PARKING,16.62,22.92,USD,1.379,2025-10-28 16:39:00,4131,Bus Lines / Tolls,TXC-009,EMP009,Grace Lee,Operations,EMP008,3,APPROVED,,,,,,,https://receipts.brim.example/000407.pdf,,True
TXN-000617,****-****-****-4008,FLYING J #771,52.99,73.07,USD,1.379,2025-10-28 17:08:00,5541,Service Stations,TXC-008,EMP008,Eric Tran,Operations,EMP003,4,APPROVED,,,,,,,https://receipts.brim.example/000617.pdf,,True
TXN-001076,****-****-****-4003,COMFORT INN 442,145.42,200.53,USD,1.379,2025-10-28 17:47:00,7011,"Hotels, Motels & Resorts",TXC-003,EMP003,Marcus Webb,Operations,EMP001,5,APPROVED,,,,,,,https://receipts.brim.example/001076.pdf,TRIP-0071,True
TXN-004071,****-****-****-4008,ESSO RETAIL 113,41.3,56.95,USD,1.379,2025-10-28 17:48:00,5541,Service Stations,TXC-008,EMP008,Eric Tran,Operations,EMP003,4,APPROVED,,,,,,,https://receipts.brim.example/004071.pdf,,True
TXN-004149,****-****-****-4004,COMFORT INN 442,84.84,116.99,USD,1.379,2025-10-28 17:54:00,7011,"Hotels, Motels & Resorts",TXC-004,EMP004,Alice Chen,Finance,EMP002,4,APPROVED,,,,,,,,,True
TXN-002728,****-****-****-4001,PILOT TRAVEL 209,87.39,120.51,USD,1.379,2025-10-28 19:13:00,5541,Service Stations,TXC-001,EMP001,Olivia Reyes,Executive,,6,APPROVED,,,,,,,https://receipts.brim.example/002728.pdf,TRIP-0179,True
TXN-002759,****-****-****-4009,407 ETR TOLL,14.73,20.31,USD,1.379,2025-10-28 20:25:00,7523,Parking Lots & Garages,TXC-009,EMP009,Grace Lee,Operations,EMP008,3,APPROVED,,,,,,,https://receipts.brim.example/002759.pdf,,True
TXN-002365,****-****-****-4004,ESSO RETAIL 113,88.3,121.77,USD,1.379,2025-10-28 20:27:00,5541,Service Stations,TXC-004,EMP004,Alice Chen,Finance,EMP002,4,APPROVED,,,,,,,https://receipts.brim.example/002365.pdf,,True
TXN-002163,****-****-****-4004,ULTRAMAR 55,49.03,67.61,USD,1.379,2025-10-29 08:13:00,5172,Petroleum & Petroleum Products,TXC-004,EMP004,Alice Chen,Finance,EMP002,4,APPROVED,,,,,,,https://receipts.brim.example/002163.pdf,,True
TXN-002829,****-****-****-4009,SHELL DT #4421,55.48,76.51,USD,1.379,2025-10-29 08:52:00,5172,Petroleum & Petroleum Products,TXC-009,EMP009,Grace Lee,Operations,EMP008,3,PENDING,,,,,,,https://receipts.brim.example/002829.pdf,,False
TXN-003580,****-****-****-4003,HOLIDAY INN EXPRESS,56.36,77.72,USD,1.379,2025-10-29 11:46:00,7011,"Hotels, Motels & Resorts",TXC-003,EMP003,Marcus Webb,Operations,EMP001,5,APPROVED,,,,,,,,,True
TXN-001621,****-****-****-4008,CANADIAN TIRE 445,469.64,647.63,USD,1.379,2025-10-29 12:13:00,7531,Auto Body Repair Shops,TXC-008,EMP008,Eric Tran,Operations,EMP003,4,APPROVED,,,,,,,https://receipts.brim.example/001621.pdf,,True
TXN-000981,****-****-****-4004,PILOT TRAVEL 209,45.85,63.23,USD,1.379,2025-10-29 12:38:00,5541,Service Stations,TXC-004,EMP004,Alice Chen,Finance,EMP002,4,APPROVED,,,,,,,https://receipts.brim.example/000981.pdf,TRIP-0060,True
TXN-002833,****-****-****-4001,QUICK FUEL STOP,96.29,132.78,USD,1.379,2025-10-29 13:16:00,5541,Service Stations,TXC-001,EMP001,Olivia Reyes,Executive,,6,APPROVED,,,,,,,https://receipts.brim.example/002833.pdf,TRIP-0185,True
TXN-003499,****-****-****-4002,QUICK FUEL STOP,61.52,84.84,USD,1.379,2025-10-29 13:34:00,5541,Service Stations,TXC-002,EMP002,Priya Nair,Finance,EMP001,5,APPROVED,,,,,,,https://receipts.brim.example/003499.pdf,,True
TXN-001851,****-****-****-4001,AMAZON MKTPLACE,60.05,82.81,USD,1.379,2025-10-29 13:51:00,5111,Stationery & Office Supplies,TXC-001,EMP001,Olivia Reyes,Executive,,6,APPROVED,,,,,,,https://receipts.brim.example/001851.pdf,,True
TXN-000444,****-****-****-4008,ROGERS WIRELESS,83.77,115.52,USD,1.379,2025-10-29 14:50:00,4814,Telecom Services,TXC-008,EMP008,Eric Tran,Operations,EMP003,4,APPROVED,,,,,,,https://receipts.brim.example/000444.pdf,,True
TXN-003661,****-****-****-4004,PETRO-CANADA 8821,76.22,105.11,USD,1.379,2025-10-29 14:50:00,5172,Petroleum & Petroleum Products,TXC-004,EMP004,Alice Chen,Finance,EMP002,4,APPROVED,,,,,,,https://receipts.brim.example/003661.pdf,,True
TXN-003843,****-****-****-4007,ULTRAMAR 55,67.58,93.19,USD,1.379,2025-10-29 15:48:00,5172,Petroleum & Petroleum Products,TXC-007,EMP007,Carol White,Finance,EMP004,2,APPROVED,,,,,,,https://receipts.brim.example/003843.pdf,,True
TXN-001077,****-****-****-4003,ESSO RETAIL 113,30.28,41.76,USD,1.379,2025-10-29 17:48:00,5172,Petroleum & Petroleum Products,TXC-003,EMP003,Marcus Webb,Operations,EMP001,5,APPROVED,,,,,,,https://receipts.brim.example/001077.pdf,TRIP-0071,True
TXN-000219,****-****-****-4002,A&W STORE 551,5.87,8.09,USD,1.379,2025-10-29 19:24:00,5812,Eating Places & Restaurants,TXC-002,EMP002,Priya Nair,Finance,EMP001,5,APPROVED,,,,,,,https://receipts.brim.example/000219.pdf,,True
TXN-002696,****-****-****-4005,PETRO-CANADA 8821,62.1,85.64,USD,1.379,2025-10-29 21:51:00,5541,Service Stations,TXC-005,EMP005,Dana Park,Finance,EMP002,3,PENDING,,,,,,,https://receipts.brim.example/002696.pdf,,False
TXN-004335,****-****-****-4008,AMAZON MKTPLACE,44.96,62.0,USD,1.379,2025-10-30 07:12:00,5943,Stationery & Writing Supplies,TXC-008,EMP008,Eric Tran,Operations,EMP003,4,APPROVED,,,,,,,https://receipts.brim.example/004335.pdf,,True
TXN-002016,****-****-****-4008,GOOGLE WORKSPACE,65.04,89.69,USD,1.379,2025-10-30 08:21:00,4814,Telecom Services,TXC-008,EMP008,Eric Tran,Operations,EMP003,4,APPROVED,,,,,,,https://receipts.brim.example/002016.pdf,,True
TXN-001549,****-****-****-4009,TIM HORTONS #882,23.08,31.83,USD,1.379,2025-10-30 08:48:00,5812,Eating Places & Restaurants,TXC-009,EMP009,Grace Lee,Operations,EMP008,3,APPROVED,,,,,,,https://receipts.brim.example/001549.pdf,,True
TXN-000319,****-****-****-4008,BEST BUY 112,111.79,154.16,USD,1.379,2025-10-30 09:53:00,5300,Wholesale Clubs,TXC-008,EMP008,Eric Tran,Operations,EMP003,4,APPROVED,,,,,,,https://receipts.brim.example/000319.pdf,,True
TXN-000951,****-****-****-4009,SHELL DT #4421,61.97,85.46,USD,1.379,2025-10-30 12:47:00,5541,Service Stations,TXC-009,EMP009,Grace Lee,Operations,EMP008,3,APPROVED,,,,,,,https://receipts.brim.example/000951.pdf,,True
TXN-001926,****-****-****-4009,SHELL DT #4421,99.68,137.46,USD,1.379,2025-10-30 14:17:00,5541,Service Stations,TXC-009,EMP009,Grace Lee,Operations,EMP008,3,APPROVED,,,,,,,https://receipts.brim.example/001926.pdf,,True
TXN-003923,****-****-****-4009,ESSO RETAIL 113,36.73,50.65,USD,1.379,2025-10-30 15:11:00,5172,Petroleum & Petroleum Products,TXC-009,EMP009,Grace Lee,Operations,EMP008,3,APPROVED,,,,,,,https://receipts.brim.example/003923.pdf,,True
TXN-004292,****-****-****-4009,ESSO RETAIL 113,77.59,107.0,USD,1.379,2025-10-30 16:51:00,5541,Service Stations,TXC-009,EMP009,Grace Lee,Operations,EMP008,3,APPROVED,,,,,,,https://receipts.brim.example/004292.pdf,TRIP-0291,True
TXN-003681,****-****-****-4002,BOSTON PIZZA 12,28.54,39.36,USD,1.379,2025-10-30 17:18:00,5812,Eating Places & Restaurants,TXC-002,EMP002,Priya Nair,Finance,EMP001,5,APPROVED,,,,,,,https://receipts.brim.example/003681.pdf,,True
TXN-003539,****-****-****-4009,ESSO RETAIL 113,236.91,326.7,USD,1.379,2025-10-30 19:04:00,5172,Petroleum & Petroleum Products,TXC-009,EMP009,Grace Lee,Operations,EMP008,3,APPROVED,,,,,,,https://receipts.brim.example/003539.pdf,,True
TXN-003886,****-****-****-4009,BEST BUY 112,162.9,224.64,USD,1.379,2025-10-30 19:07:00,5045,Computers & Peripherals,TXC-009,EMP009,Grace Lee,Operations,EMP008,3,APPROVED,,,,,,,,,True
TXN-001398,****-****-****-4009,ROGERS WIRELESS,54.9,75.71,USD,1.379,2025-10-30 21:09:00,4814,Telecom Services,TXC-009,EMP009,Grace Lee,Operations,EMP008,3,APPROVED,,,,,,,https://receipts.brim.example/001398.pdf,,True
TXN-000698,****-****-****-4009,HOLIDAY INN EXPRESS,78.76,108.61,USD,1.379,2025-10-30 21:24:00,7011,"Hotels, Motels & Resorts",TXC-009,EMP009,Grace Lee,Operations,EMP008,3,APPROVED,,,,,,,https://receipts.brim.example/000698.pdf,,True
TXN-000523,****-****-****-4007,PILOT TRAVEL 209,95.4,131.56,USD,1.379,2025-10-31 07:41:00,5541,Service Stations,TXC-007,EMP007,Carol White,Finance,EMP004,2,APPROVED,,,,,,,https://receipts.brim.example/000523.pdf,,True
TXN-000765,****-****-****-4002,ESSO RETAIL 113,26.13,36.03,USD,1.379,2025-10-31 07:49:00,5172,Petroleum & Petroleum Products,TXC-002,EMP002,Priya Nair,Finance,EMP001,5,APPROVED,,,,,,,https://receipts.brim.example/000765.pdf,,True
TXN-003696,****-****-****-4008,IMPARK LOT 88,15.75,21.72,USD,1.379,2025-10-31 08:48:00,4131,Bus Lines / Tolls,TXC-008,EMP008,Eric Tran,Operations,EMP003,4,APPROVED,,,,,,,https://receipts.brim.example/003696.pdf,,True
TXN-003087,****-****-****-4007,PETRO-CANADA 8821,57.4,79.15,USD,1.379,2025-10-31 09:06:00,5541,Service Stations,TXC-007,EMP007,Carol White,Finance,EMP004,2,APPROVED,,,,,,,https://receipts.brim.example/003087.pdf,,True
TXN-002853,****-****-****-4007,QUICK FUEL STOP,58.02,80.01,USD,1.379,2025-10-31 09:20:00,5172,Petroleum & Petroleum Products,TXC-007,EMP007,Carol White,Finance,EMP004,2,APPROVED,,,,,,,https://receipts.brim.example/002853.pdf,,True
TXN-002034,****-****-****-4009,PILOT TRAVEL 209,49.34,68.04,USD,1.379,2025-10-31 11:10:00,5541,Service Stations,TXC-009,EMP009,Grace Lee,Operations,EMP008,3,APPROVED,,,,,,,https://receipts.brim.example/002034.pdf,,True
TXN-003484,****-****-****-4009,ULTRAMAR 55,13.54,18.67,USD,1.379,2025-10-31 11:17:00,5172,Petroleum & Petroleum Products,TXC-009,EMP009,Grace Lee,Operations,EMP008,3,APPROVED,,,,,,,https://receipts.brim.example/003484.pdf,,True
TXN-001033,****-****-****-4009,PETRO-CANADA 8821,70.11,96.68,USD,1.379,2025-10-31 11:44:00,5541,Service Stations,TXC-009,EMP009,Grace Lee,Operations,EMP008,3,APPROVED,,,,,,,https://receipts.brim.example/001033.pdf,,True
TXN-000708,****-****-****-4009,BEST BUY 112,56.18,77.47,USD,1.379,2025-10-31 12:41:00,5045,Computers & Peripherals,TXC-009,EMP009,Grace Lee,Operations,EMP008,3,APPROVED,,,,,,,https://receipts.brim.example/000708.pdf,,True
TXN-003485,****-****-****-4003,HOLIDAY INN EXPRESS,111.76,154.12,USD,1.379,2025-10-31 13:38:00,7011,"Hotels, Motels & Resorts",TXC-003,EMP003,Marcus Webb,Operations,EMP001,5,APPROVED,,,,,,,,,True
TXN-002201,****-****-****-4001,MICROSOFT 365,22.99,31.7,USD,1.379,2025-10-31 15:52:00,5734,Computer Software Stores,TXC-001,EMP001,Olivia Reyes,Executive,,6,APPROVED,,,,,,,https://receipts.brim.example/002201.pdf,,True
TXN-001068,****-****-****-4008,SHELL DT #4421,157.14,216.7,USD,1.379,2025-10-31 16:43:00,5541,Service Stations,TXC-008,EMP008,Eric Tran,Operations,EMP003,4,APPROVED,,,,,,,https://receipts.brim.example/001068.pdf,TRIP-0069,True
TXN-000185,****-****-****-4009,PETRO-CANADA 8821,34.03,46.93,USD,1.379,2025-10-31 16:48:00,5172,Petroleum & Petroleum Products,TXC-009,EMP009,Grace Lee,Operations,EMP008,3,APPROVED,,,,,,,https://receipts.brim.example/000185.pdf,,True
TXN-003503,****-****-****-4009,IMPARK LOT 88,13.08,18.04,USD,1.379,2025-10-31 16:57:00,4131,Bus Lines / Tolls,TXC-009,EMP009,Grace Lee,Operations,EMP008,3,APPROVED,,,,,,,https://receipts.brim.example/003503.pdf,,True
TXN-002363,****-****-****-4003,GOOGLE WORKSPACE,87.65,120.87,USD,1.379,2025-10-31 17:18:00,5734,Computer Software Stores,TXC-003,EMP003,Marcus Webb,Operations,EMP001,5,APPROVED,,,,,,,https://receipts.brim.example/002363.pdf,,True
TXN-002307,****-****-****-4004,PETRO-CANADA 8821,53.61,73.93,USD,1.379,2025-10-31 17:52:00,5541,Service Stations,TXC-004,EMP004,Alice Chen,Finance,EMP002,4,APPROVED,,,,,,,https://receipts.brim.example/002307.pdf,,True
TXN-000603,****-****-****-4007,WENDYS 7781,7.8,10.76,USD,1.379,2025-10-31 18:30:00,5814,Fast Food Restaurants,TXC-007,EMP007,Carol White,Finance,EMP004,2,APPROVED,,,,,,,https://receipts.brim.example/000603.pdf,,True
TXN-003932,****-****-****-4007,PILOT TRAVEL 209,22.51,31.04,USD,1.379,2025-10-31 19:26:00,5541,Service Stations,TXC-007,EMP007,Carol White,Finance,EMP004,2,APPROVED,,,,,,,https://receipts.brim.example/003932.pdf,,True
TXN-002982,****-****-****-4009,MCDONALDS DT QPS,15.75,21.72,USD,1.379,2025-10-31 21:27:00,5814,Fast Food Restaurants,TXC-009,EMP009,Grace Lee,Operations,EMP008,3,APPROVED,,,,,,,https://receipts.brim.example/002982.pdf,,True
TXN-000217,****-****-****-4006,HOLIDAY INN EXPRESS,130.01,179.28,USD,1.379,2025-11-01 08:30:00,7011,"Hotels, Motels & Resorts",TXC-006,EMP006,Bob Kumar,Finance,EMP004,2,APPROVED,,,,,,,https://receipts.brim.example/000217.pdf,,True
TXN-001708,****-****-****-4003,SHELL DT #4421,119.26,164.46,USD,1.379,2025-11-01 08:56:00,5541,Service Stations,TXC-003,EMP003,Marcus Webb,Operations,EMP001,5,APPROVED,,,,,,,https://receipts.brim.example/001708.pdf,,True
TXN-000770,****-****-****-4002,SHELL DT #4421,60.28,83.13,USD,1.379,2025-11-01 09:22:00,5172,Petroleum & Petroleum Products,TXC-002,EMP002,Priya Nair,Finance,EMP001,5,APPROVED,,,,,,,https://receipts.brim.example/000770.pdf,,True
TXN-001254,****-****-****-4009,SUBWAY 40021,7.69,10.6,USD,1.379,2025-11-01 10:56:00,5814,Fast Food Restaurants,TXC-009,EMP009,Grace Lee,Operations,EMP008,3,APPROVED,,,,,,,https://receipts.brim.example/001254.pdf,,True
TXN-000338,****-****-****-4006,FLYING J #771,25.99,35.84,USD,1.379,2025-11-01 11:17:00,5541,Service Stations,TXC-006,EMP006,Bob Kumar,Finance,EMP004,2,APPROVED,,,,,,,https://receipts.brim.example/000338.pdf,,True
TXN-004291,****-****-****-4009,BEST WESTERN 71,113.73,156.83,USD,1.379,2025-11-01 12:28:00,7011,"Hotels, Motels & Resorts",TXC-009,EMP009,Grace Lee,Operations,EMP008,3,APPROVED,,,,,,,https://receipts.brim.example/004291.pdf,TRIP-0291,True
TXN-001340,****-****-****-4001,HOME DEPOT 88,84.3,116.25,USD,1.379,2025-11-01 12:48:00,5300,Wholesale Clubs,TXC-001,EMP001,Olivia Reyes,Executive,,6,APPROVED,,,,,,,https://receipts.brim.example/001340.pdf,,True
TXN-002357,****-****-****-4002,SHELL DT #4421,110.22,151.99,USD,1.379,2025-11-01 13:33:00,5172,Petroleum & Petroleum Products,TXC-002,EMP002,Priya Nair,Finance,EMP001,5,APPROVED,,,,,,,https://receipts.brim.example/002357.pdf,,True
TXN-004206,****-****-****-4009,MCDONALDS DT QPS,6.75,9.31,USD,1.379,2025-11-01 14:38:00,5814,Fast Food Restaurants,TXC-009,EMP009,Grace Lee,Operations,EMP008,3,APPROVED,,,,,,,https://receipts.brim.example/004206.pdf,TRIP-0282,True
TXN-004305,****-****-****-4008,WENDYS 7781,15.18,20.93,USD,1.379,2025-11-01 14:43:00,5812,Eating Places & Restaurants,TXC-008,EMP008,Eric Tran,Operations,EMP003,4,APPROVED,,,,,,,https://receipts.brim.example/004305.pdf,,True
TXN-004039,****-****-****-4008,PETRO-CANADA 8821,17.52,24.16,USD,1.379,2025-11-01 15:39:00,5541,Service Stations,TXC-008,EMP008,Eric Tran,Operations,EMP003,4,APPROVED,,,,,,,https://receipts.brim.example/004039.pdf,,True
TXN-000566,****-****-****-4008,BOSTON PIZZA 12,33.72,46.5,USD,1.379,2025-11-01 16:33:00,5814,Fast Food Restaurants,TXC-008,EMP008,Eric Tran,Operations,EMP003,4,APPROVED,,,,,,,https://receipts.brim.example/000566.pdf,,True
TXN-001106,****-****-****-4008,IMPARK LOT 88,14.44,19.91,USD,1.379,2025-11-01 17:17:00,4131,Bus Lines / Tolls,TXC-008,EMP008,Eric Tran,Operations,EMP003,4,APPROVED,,,,,,,https://receipts.brim.example/001106.pdf,,True
TXN-001067,****-****-****-4008,COMFORT INN 442,90.75,125.14,USD,1.379,2025-11-01 19:40:00,7011,"Hotels, Motels & Resorts",TXC-008,EMP008,Eric Tran,Operations,EMP003,4,APPROVED,,,,,,,https://receipts.brim.example/001067.pdf,TRIP-0069,True
TXN-003463,****-****-****-4007,WENDYS 7781,21.18,29.21,USD,1.379,2025-11-01 20:18:00,5812,Eating Places & Restaurants,TXC-007,EMP007,Carol White,Finance,EMP004,2,APPROVED,,,,,,,https://receipts.brim.example/003463.pdf,,True
TXN-001123,****-****-****-4009,ROADSIDE GRILL CO,3.45,4.76,USD,1.379,2025-11-01 20:28:00,5814,Fast Food Restaurants,TXC-009,EMP009,Grace Lee,Operations,EMP008,3,APPROVED,,,,,,,https://receipts.brim.example/001123.pdf,,True
TXN-000031,****-****-****-4006,AMAZON MKTPLACE,13.45,18.55,USD,1.379,2025-11-01 21:00:00,5812,Eating Places & Restaurants,TXC-006,EMP006,Bob Kumar,Finance,EMP004,2,APPROVED,,,,,,,https://receipts.brim.example/000031.pdf,,True
TXN-004141,****-****-****-4003,BOSTON PIZZA 12,66.49,91.69,USD,1.379,2025-11-01 21:17:00,5814,Fast Food Restaurants,TXC-003,EMP003,Marcus Webb,Operations,EMP001,5,APPROVED,,,,,,,https://receipts.brim.example/004141.pdf,,True
TXN-002691,****-****-****-4005,TIM HORTONS #882,36.52,50.36,USD,1.379,2025-11-02 07:26:00,5814,Fast Food Restaurants,TXC-005,EMP005,Dana Park,Finance,EMP002,3,APPROVED,,,,,,,https://receipts.brim.example/002691.pdf,,True
TXN-003370,****-****-****-4008,MICROSOFT 365,197.09,271.79,USD,1.379,2025-11-02 09:26:00,5734,Computer Software Stores,TXC-008,EMP008,Eric Tran,Operations,EMP003,4,APPROVED,,,,,,,https://receipts.brim.example/003370.pdf,,True
TXN-000599,****-****-****-4007,A&W STORE 551,31.71,43.73,USD,1.379,2025-11-02 10:46:00,5812,Eating Places & Restaurants,TXC-007,EMP007,Carol White,Finance,EMP004,2,APPROVED,,,,,,,https://receipts.brim.example/000599.pdf,,True
TXN-002818,****-****-****-4006,SUPER 8 MOTEL,196.56,271.06,USD,1.379,2025-11-02 11:04:00,7011,"Hotels, Motels & Resorts",TXC-006,EMP006,Bob Kumar,Finance,EMP004,2,APPROVED,,,,,,,https://receipts.brim.example/002818.pdf,,True
TXN-003771,****-****-****-4005,SHELL DT #4421,42.8,59.02,USD,1.379,2025-11-02 12:41:00,5172,Petroleum & Petroleum Products,TXC-005,EMP005,Dana Park,Finance,EMP002,3,APPROVED,,,,,,,https://receipts.brim.example/003771.pdf,,True
TXN-000739,****-****-****-4007,ROGERS WIRELESS,66.06,91.1,USD,1.379,2025-11-02 13:15:00,5734,Computer Software Stores,TXC-007,EMP007,Carol White,Finance,EMP004,2,APPROVED,,,,,,,https://receipts.brim.example/000739.pdf,,True
TXN-000226,****-****-****-4008,FLYING J #771,65.72,90.63,USD,1.379,2025-11-02 13:21:00,5172,Petroleum & Petroleum Products,TXC-008,EMP008,Eric Tran,Operations,EMP003,4,APPROVED,,,,,,,https://receipts.brim.example/000226.pdf,,True
TXN-003027,****-****-****-4008,PETRO-CANADA 8821,46.43,64.03,USD,1.379,2025-11-02 13:21:00,5172,Petroleum & Petroleum Products,TXC-008,EMP008,Eric Tran,Operations,EMP003,4,APPROVED,,,,,,,https://receipts.brim.example/003027.pdf,,True
TXN-001375,****-****-****-4009,QUICK FUEL STOP,230.97,318.51,USD,1.379,2025-11-02 13:49:00,5172,Petroleum & Petroleum Products,TXC-009,EMP009,Grace Lee,Operations,EMP008,3,APPROVED,,,,,,,https://receipts.brim.example/001375.pdf,,True
TXN-001070,****-****-****-4003,PILOT TRAVEL 209,67.65,93.29,USD,1.379,2025-11-02 14:39:00,5541,Service Stations,TXC-003,EMP003,Marcus Webb,Operations,EMP001,5,APPROVED,,,,,,,,,True
TXN-001184,****-****-****-4004,PRECISE PARKLINK,12.0,16.55,USD,1.379,2025-11-02 14:49:00,7523,Parking Lots & Garages,TXC-004,EMP004,Alice Chen,Finance,EMP002,4,APPROVED,,,,,,,https://receipts.brim.example/001184.pdf,,True
TXN-003025,****-****-****-4003,GOOGLE WORKSPACE,53.06,73.17,USD,1.379,2025-11-02 14:59:00,4814,Telecom Services,TXC-003,EMP003,Marcus Webb,Operations,EMP001,5,APPROVED,,,,,,,https://receipts.brim.example/003025.pdf,,True
TXN-000079,****-****-****-4005,ALPHA CONSULTING GROUP,1120.55,1545.24,USD,1.379,2025-11-02 15:00:00,4814,Telecom Services,TXC-005,EMP005,Dana Park,Finance,EMP002,3,APPROVED,,,,,,,https://receipts.brim.example/000079.pdf,,True
TXN-001950,****-****-****-4006,PETRO-CANADA 8821,45.48,62.72,USD,1.379,2025-11-02 15:21:00,5172,Petroleum & Petroleum Products,TXC-006,EMP006,Bob Kumar,Finance,EMP004,2,APPROVED,,,,,,,https://receipts.brim.example/001950.pdf,,True
TXN-004208,****-****-****-4001,SHELL DT #4421,126.49,174.43,USD,1.379,2025-11-02 15:29:00,5541,Service Stations,TXC-001,EMP001,Olivia Reyes,Executive,,6,APPROVED,,,,,,,https://receipts.brim.example/004208.pdf,,True
TXN-000380,****-****-****-4001,KAL TIRE 9,430.16,593.19,USD,1.379,2025-11-02 16:19:00,7531,Auto Body Repair Shops,TXC-001,EMP001,Olivia Reyes,Executive,,6,APPROVED,,,,,,,https://receipts.brim.example/000380.pdf,,True
TXN-004205,****-****-****-4009,DAYS INN 209,132.53,182.76,USD,1.379,2025-11-02 16:27:00,7011,"Hotels, Motels & Resorts",TXC-009,EMP009,Grace Lee,Operations,EMP008,3,APPROVED,,,,,,,,TRIP-0282,True
TXN-003559,****-****-****-4005,FLYING J #771,64.24,88.59,USD,1.379,2025-11-02 16:41:00,5541,Service Stations,TXC-005,EMP005,Dana Park,Finance,EMP002,3,APPROVED,,,,,,,https://receipts.brim.example/003559.pdf,,True
TXN-003622,****-****-****-4007,ULTRAMAR 55,45.79,63.14,USD,1.379,2025-11-02 17:14:00,5172,Petroleum & Petroleum Products,TXC-007,EMP007,Carol White,Finance,EMP004,2,APPROVED,,,,,,,https://receipts.brim.example/003622.pdf,,True
TXN-004207,****-****-****-4009,SUBWAY 40021,35.61,49.11,USD,1.379,2025-11-02 17:32:00,5812,Eating Places & Restaurants,TXC-009,EMP009,Grace Lee,Operations,EMP008,3,APPROVED,,,,,,,https://receipts.brim.example/004207.pdf,TRIP-0282,True
TXN-004320,****-****-****-4009,COSTCO WHSE 44,170.42,235.01,USD,1.379,2025-11-02 18:17:00,5300,Wholesale Clubs,TXC-009,EMP009,Grace Lee,Operations,EMP008,3,APPROVED,,,,,,,https://receipts.brim.example/004320.pdf,,True
TXN-000461,****-****-****-4003,COSTCO WHSE 44,145.28,200.34,USD,1.379,2025-11-02 19:08:00,5300,Wholesale Clubs,TXC-003,EMP003,Marcus Webb,Operations,EMP001,5,APPROVED,,,,,,,https://receipts.brim.example/000461.pdf,,True
TXN-001469,****-****-****-4008,BOSTON PIZZA 12,57.07,78.7,USD,1.379,2025-11-02 20:42:00,5814,Fast Food Restaurants,TXC-008,EMP008,Eric Tran,Operations,EMP003,4,APPROVED,,,,,,,https://receipts.brim.example/001469.pdf,,True
TXN-003746,****-****-****-4001,ROADSIDE GRILL CO,5.13,7.07,USD,1.379,2025-11-02 21:24:00,5814,Fast Food Restaurants,TXC-001,EMP001,Olivia Reyes,Executive,,6,APPROVED,,,,,,,https://receipts.brim.example/003746.pdf,TRIP-0245,True
TXN-001311,****-****-****-4009,ULTRAMAR 55,53.53,73.82,USD,1.379,2025-11-02 21:35:00,5172,Petroleum & Petroleum Products,TXC-009,EMP009,Grace Lee,Operations,EMP008,3,APPROVED,,,,,,,https://receipts.brim.example/001311.pdf,,True
TXN-003747,****-****-****-4001,SUBWAY 40021,19.03,26.24,USD,1.379,2025-11-02 23:56:00,5812,Eating Places & Restaurants,TXC-001,EMP001,Olivia Reyes,Executive,,6,APPROVED,,,,,,,https://receipts.brim.example/003747.pdf,TRIP-0245,True
TXN-000749,****-****-****-4003,COMFORT INN 442,155.6,214.57,USD,1.379,2025-11-03 10:08:00,7011,"Hotels, Motels & Resorts",TXC-003,EMP003,Marcus Webb,Operations,EMP001,5,PENDING,,,,,,,https://receipts.brim.example/000749.pdf,TRIP-0042,False
TXN-001809,****-****-****-4009,FOUNTAIN TIRE,235.52,324.78,USD,1.379,2025-11-03 10:45:00,7538,Automotive Service Shops,TXC-009,EMP009,Grace Lee,Operations,EMP008,3,APPROVED,,,,,,,https://receipts.brim.example/001809.pdf,,True
TXN-001770,****-****-****-4009,MCDONALDS DT QPS,67.91,93.65,USD,1.379,2025-11-03 11:07:00,5812,Eating Places & Restaurants,TXC-009,EMP009,Grace Lee,Operations,EMP008,3,APPROVED,,,,,,,https://receipts.brim.example/001770.pdf,,True
TXN-001617,****-****-****-4002,A&W STORE 551,8.68,11.97,USD,1.379,2025-11-03 11:44:00,5814,Fast Food Restaurants,TXC-002,EMP002,Priya Nair,Finance,EMP001,5,APPROVED,,,,,,,https://receipts.brim.example/001617.pdf,,True
TXN-000750,****-****-****-4003,PILOT TRAVEL 209,67.73,93.4,USD,1.379,2025-11-03 12:47:00,5172,Petroleum & Petroleum Products,TXC-003,EMP003,Marcus Webb,Operations,EMP001,5,APPROVED,,,,,,,https://receipts.brim.example/000750.pdf,TRIP-0042,True
TXN-003873,****-****-****-4009,BOSTON PIZZA 12,49.85,68.74,USD,1.379,2025-11-03 14:30:00,5814,Fast Food Restaurants,TXC-009,EMP009,Grace Lee,Operations,EMP008,3,APPROVED,,,,,,,https://receipts.brim.example/003873.pdf,,True
TXN-003718,****-****-****-4003,QUICK FUEL STOP,141.76,195.49,USD,1.379,2025-11-03 14:39:00,5172,Petroleum & Petroleum Products,TXC-003,EMP003,Marcus Webb,Operations,EMP001,5,APPROVED,,,,,,,https://receipts.brim.example/003718.pdf,,True
TXN-001291,****-****-****-4007,MCDONALDS DT QPS,20.91,28.83,USD,1.379,2025-11-03 15:08:00,5812,Eating Places & Restaurants,TXC-007,EMP007,Carol White,Finance,EMP004,2,APPROVED,,,,,,,https://receipts.brim.example/001291.pdf,,True
TXN-000540,****-****-****-4003,A&W STORE 551,42.2,58.19,USD,1.379,2025-11-03 16:32:00,5814,Fast Food Restaurants,TXC-003,EMP003,Marcus Webb,Operations,EMP001,5,APPROVED,,,,,,,https://receipts.brim.example/000540.pdf,,True
TXN-000843,****-****-****-4007,BOSTON PIZZA 12,11.56,15.94,USD,1.379,2025-11-03 17:28:00,5812,Eating Places & Restaurants,TXC-007,EMP007,Carol White,Finance,EMP004,2,APPROVED,,,,,,,https://receipts.brim.example/000843.pdf,,True
TXN-001304,****-****-****-4009,SUPER 8 MOTEL,117.76,162.39,USD,1.379,2025-11-03 17:39:00,7011,"Hotels, Motels & Resorts",TXC-009,EMP009,Grace Lee,Operations,EMP008,3,APPROVED,,,,,,,https://receipts.brim.example/001304.pdf,,True
TXN-003414,****-****-****-4009,AMAZON MKTPLACE,76.46,105.44,USD,1.379,2025-11-03 18:13:00,5111,Stationery & Office Supplies,TXC-009,EMP009,Grace Lee,Operations,EMP008,3,APPROVED,,,,,,,https://receipts.brim.example/003414.pdf,,True
TXN-000883,****-****-****-4002,PETRO-CANADA 8821,59.54,82.11,USD,1.379,2025-11-03 18:33:00,5172,Petroleum & Petroleum Products,TXC-002,EMP002,Priya Nair,Finance,EMP001,5,APPROVED,,,,,,,https://receipts.brim.example/000883.pdf,,True
TXN-000693,****-****-****-4008,GRAND & TOY 5,111.4,153.62,USD,1.379,2025-11-03 20:47:00,5111,Stationery & Office Supplies,TXC-008,EMP008,Eric Tran,Operations,EMP003,4,APPROVED,,,,,,,https://receipts.brim.example/000693.pdf,,True
TXN-003745,****-****-****-4001,COMFORT INN 442,453.71,625.67,USD,1.379,2025-11-03 21:34:00,7011,"Hotels, Motels & Resorts",TXC-001,EMP001,Olivia Reyes,Executive,,6,APPROVED,,,,,,,https://receipts.brim.example/003745.pdf,TRIP-0245,True
TXN-002978,****-****-****-4007,ESSO RETAIL 113,66.85,92.19,USD,1.379,2025-11-04 04:40:00,5172,Petroleum & Petroleum Products,TXC-007,EMP007,Carol White,Finance,EMP004,2,APPROVED,,,,,,,https://receipts.brim.example/002978.pdf,TRIP-0195,True
TXN-000511,****-****-****-4009,GREEN P PARKING,45.85,63.23,USD,1.379,2025-11-04 07:11:00,7523,Parking Lots & Garages,TXC-009,EMP009,Grace Lee,Operations,EMP008,3,APPROVED,,,,,,,https://receipts.brim.example/000511.pdf,,True
TXN-003462,****-****-****-4007,MICROSOFT 365,115.91,159.84,USD,1.379,2025-11-04 07:23:00,5734,Computer Software Stores,TXC-007,EMP007,Carol White,Finance,EMP004,2,APPROVED,,,,,,,https://receipts.brim.example/003462.pdf,,True
TXN-001742,****-****-****-4009,COMFORT INN 442,139.44,192.29,USD,1.379,2025-11-04 07:35:00,7011,"Hotels, Motels & Resorts",TXC-009,EMP009,Grace Lee,Operations,EMP008,3,APPROVED,,,,,,,https://receipts.brim.example/001742.pdf,,True
TXN-002979,****-****-****-4007,TIM HORTONS #882,31.72,43.74,USD,1.379,2025-11-04 07:55:00,5814,Fast Food Restaurants,TXC-007,EMP007,Carol White,Finance,EMP004,2,APPROVED,,,,,,,https://receipts.brim.example/002979.pdf,TRIP-0195,True
TXN-001611,****-****-****-4003,PETRO-CANADA 8821,90.84,125.27,USD,1.379,2025-11-04 08:01:00,5541,Service Stations,TXC-003,EMP003,Marcus Webb,Operations,EMP001,5,PENDING,,,,,,,https://receipts.brim.example/001611.pdf,,False
TXN-004285,****-****-****-4002,PILOT TRAVEL 209,27.19,37.5,USD,1.379,2025-11-04 08:04:00,5172,Petroleum & Petroleum Products,TXC-002,EMP002,Priya Nair,Finance,EMP001,5,APPROVED,,,,,,,https://receipts.brim.example/004285.pdf,,True
TXN-001049,****-****-****-4004,SHELL DT #4421,55.13,76.02,USD,1.379,2025-11-04 08:55:00,5172,Petroleum & Petroleum Products,TXC-004,EMP004,Alice Chen,Finance,EMP002,4,APPROVED,,,,,,,https://receipts.brim.example/001049.pdf,,True
TXN-002255,****-****-****-4004,KAL TIRE 9,188.96,260.58,USD,1.379,2025-11-04 09:07:00,7531,Auto Body Repair Shops,TXC-004,EMP004,Alice Chen,Finance,EMP002,4,APPROVED,,,,,,,https://receipts.brim.example/002255.pdf,,True
TXN-002372,****-****-****-4009,FLYING J #771,68.17,94.01,USD,1.379,2025-11-04 09:59:00,5541,Service Stations,TXC-009,EMP009,Grace Lee,Operations,EMP008,3,APPROVED,,,,,,,https://receipts.brim.example/002372.pdf,,True
TXN-001132,****-****-****-4008,MCDONALDS DT QPS,54.0,74.47,USD,1.379,2025-11-04 10:01:00,5812,Eating Places & Restaurants,TXC-008,EMP008,Eric Tran,Operations,EMP003,4,APPROVED,,,,,,,https://receipts.brim.example/001132.pdf,,True
TXN-000237,****-****-****-4004,MCDONALDS DT QPS,20.76,28.63,USD,1.379,2025-11-04 11:01:00,5814,Fast Food Restaurants,TXC-004,EMP004,Alice Chen,Finance,EMP002,4,APPROVED,,,,,,,https://receipts.brim.example/000237.pdf,,True
TXN-003162,****-****-****-4002,ROADSIDE GRILL CO,13.21,18.22,USD,1.379,2025-11-04 11:49:00,5814,Fast Food Restaurants,TXC-002,EMP002,Priya Nair,Finance,EMP001,5,APPROVED,,,,,,,https://receipts.brim.example/003162.pdf,,True
TXN-003288,****-****-****-4001,MICROSOFT 365,41.53,57.27,USD,1.379,2025-11-04 12:45:00,5734,Computer Software Stores,TXC-001,EMP001,Olivia Reyes,Executive,,6,APPROVED,,,,,,,https://receipts.brim.example/003288.pdf,,True
TXN-001382,****-****-****-4008,HOME DEPOT 88,220.71,304.36,USD,1.379,2025-11-04 13:27:00,5045,Computers & Peripherals,TXC-008,EMP008,Eric Tran,Operations,EMP003,4,APPROVED,,,,,,,https://receipts.brim.example/001382.pdf,,True
TXN-003699,****-****-****-4004,DAYS INN 209,106.65,147.07,USD,1.379,2025-11-04 13:35:00,7011,"Hotels, Motels & Resorts",TXC-004,EMP004,Alice Chen,Finance,EMP002,4,APPROVED,,,,,,,https://receipts.brim.example/003699.pdf,,True
TXN-000396,****-****-****-4009,QUICK FUEL STOP,65.99,91.0,USD,1.379,2025-11-04 14:49:00,5541,Service Stations,TXC-009,EMP009,Grace Lee,Operations,EMP008,3,APPROVED,,,,,,,https://receipts.brim.example/000396.pdf,,True
TXN-001214,****-****-****-4004,AMAZON MKTPLACE,82.16,113.3,USD,1.379,2025-11-04 17:21:00,5111,Stationery & Office Supplies,TXC-004,EMP004,Alice Chen,Finance,EMP002,4,APPROVED,,,,,,,https://receipts.brim.example/001214.pdf,,True
TXN-003657,****-****-****-4002,DAYS INN 209,86.34,119.06,USD,1.379,2025-11-04 17:42:00,7011,"Hotels, Motels & Resorts",TXC-002,EMP002,Priya Nair,Finance,EMP001,5,APPROVED,,,,,,,https://receipts.brim.example/003657.pdf,TRIP-0242,True
TXN-003305,****-****-****-4003,MCDONALDS DT QPS,30.8,42.47,USD,1.379,2025-11-04 18:28:00,5814,Fast Food Restaurants,TXC-003,EMP003,Marcus Webb,Operations,EMP001,5,APPROVED,,,,,,,https://receipts.brim.example/003305.pdf,,True
TXN-002614,****-****-****-4008,SUBWAY 40021,43.07,59.39,USD,1.379,2025-11-04 18:40:00,5814,Fast Food Restaurants,TXC-008,EMP008,Eric Tran,Operations,EMP003,4,APPROVED,,,,,,,https://receipts.brim.example/002614.pdf,TRIP-0170,True
TXN-002502,****-****-****-4003,WENDYS 7781,32.81,45.24,USD,1.379,2025-11-04 21:00:00,5814,Fast Food Restaurants,TXC-003,EMP003,Marcus Webb,Operations,EMP001,5,APPROVED,,,,,,,https://receipts.brim.example/002502.pdf,,True
TXN-003866,****-****-****-4009,GOOGLE WORKSPACE,132.18,182.28,USD,1.379,2025-11-04 21:13:00,4814,Telecom Services,TXC-009,EMP009,Grace Lee,Operations,EMP008,3,APPROVED,,,,,,,https://receipts.brim.example/003866.pdf,,True
TXN-002854,****-****-****-4009,ULTRAMAR 55,93.75,129.28,USD,1.379,2025-11-04 21:44:00,5541,Service Stations,TXC-009,EMP009,Grace Lee,Operations,EMP008,3,PENDING,,,,,,,https://receipts.brim.example/002854.pdf,,False
TXN-003748,****-****-****-4001,QUICK FUEL STOP,146.06,201.42,USD,1.379,2025-11-04 23:58:00,5541,Service Stations,TXC-001,EMP001,Olivia Reyes,Executive,,6,APPROVED,,,,,,,https://receipts.brim.example/003748.pdf,TRIP-0245,True
TXN-001604,****-****-****-4009,QUICK FUEL STOP,73.96,101.99,USD,1.379,2025-11-05 07:44:00,5172,Petroleum & Petroleum Products,TXC-009,EMP009,Grace Lee,Operations,EMP008,3,APPROVED,,,,,,,https://receipts.brim.example/001604.pdf,,True
TXN-002644,****-****-****-4004,MIDAS AUTO 21,243.59,335.91,USD,1.379,2025-11-05 09:23:00,7531,Auto Body Repair Shops,TXC-004,EMP004,Alice Chen,Finance,EMP002,4,PENDING,,,,,,,https://receipts.brim.example/002644.pdf,,False
TXN-004142,****-****-****-4008,FLYING J #771,272.1,375.23,USD,1.379,2025-11-05 09:35:00,5541,Service Stations,TXC-008,EMP008,Eric Tran,Operations,EMP003,4,APPROVED,,,,,,,https://receipts.brim.example/004142.pdf,,True
TXN-001119,****-****-****-4009,SHELL DT #4421,43.07,59.39,USD,1.379,2025-11-05 09:42:00,5172,Petroleum & Petroleum Products,TXC-009,EMP009,Grace Lee,Operations,EMP008,3,APPROVED,,,,,,,https://receipts.brim.example/001119.pdf,,True
TXN-000751,****-****-****-4003,ESSO RETAIL 113,120.56,166.25,USD,1.379,2025-11-05 12:40:00,5541,Service Stations,TXC-003,EMP003,Marcus Webb,Operations,EMP001,5,PENDING,,,,,,,https://receipts.brim.example/000751.pdf,TRIP-0042,False
TXN-001758,****-****-****-4008,SHELL DT #4421,236.47,326.09,USD,1.379,2025-11-05 12:53:00,5172,Petroleum & Petroleum Products,TXC-008,EMP008,Eric Tran,Operations,EMP003,4,PENDING,,,,,,,https://receipts.brim.example/001758.pdf,,False
TXN-001927,****-****-****-4007,ULTRAMAR 55,67.32,92.83,USD,1.379,2025-11-05 13:02:00,5541,Service Stations,TXC-007,EMP007,Carol White,Finance,EMP004,2,APPROVED,,,,,,,https://receipts.brim.example/001927.pdf,,True
TXN-004088,****-****-****-4004,SUBWAY 40021,31.09,42.87,USD,1.379,2025-11-05 13:10:00,5814,Fast Food Restaurants,TXC-004,EMP004,Alice Chen,Finance,EMP002,4,APPROVED,,,,,,,https://receipts.brim.example/004088.pdf,,True
TXN-002780,****-****-****-4008,GOOGLE WORKSPACE,111.68,154.01,USD,1.379,2025-11-05 13:13:00,4814,Telecom Services,TXC-008,EMP008,Eric Tran,Operations,EMP003,4,APPROVED,,,,,,,https://receipts.brim.example/002780.pdf,,True
TXN-000366,****-****-****-4007,DAYS INN 209,181.26,249.96,USD,1.379,2025-11-05 14:42:00,7011,"Hotels, Motels & Resorts",TXC-007,EMP007,Carol White,Finance,EMP004,2,APPROVED,,,,,,,,,True
TXN-002781,****-****-****-4005,407 ETR TOLL,25.1,34.61,USD,1.379,2025-11-05 15:56:00,7523,Parking Lots & Garages,TXC-005,EMP005,Dana Park,Finance,EMP002,3,APPROVED,,,,,,,https://receipts.brim.example/002781.pdf,,True
TXN-000550,****-****-****-4009,BEST BUY 112,167.27,230.67,USD,1.379,2025-11-05 16:36:00,5045,Computers & Peripherals,TXC-009,EMP009,Grace Lee,Operations,EMP008,3,APPROVED,,,,,,,https://receipts.brim.example/000550.pdf,,True
TXN-000621,****-****-****-4008,TIM HORTONS #882,43.96,60.62,USD,1.379,2025-11-05 16:56:00,5812,Eating Places & Restaurants,TXC-008,EMP008,Eric Tran,Operations,EMP003,4,APPROVED,,,,,,,https://receipts.brim.example/000621.pdf,,True
TXN-000538,****-****-****-4009,FLYING J #771,64.81,89.37,USD,1.379,2025-11-05 18:10:00,5541,Service Stations,TXC-009,EMP009,Grace Lee,Operations,EMP008,3,APPROVED,,,,,,,https://receipts.brim.example/000538.pdf,,True
TXN-000936,****-****-****-4008,PRECISE PARKLINK,24.61,33.94,USD,1.379,2025-11-05 18:51:00,4131,Bus Lines / Tolls,TXC-008,EMP008,Eric Tran,Operations,EMP003,4,APPROVED,,,,,,,https://receipts.brim.example/000936.pdf,,True
TXN-002933,****-****-****-4009,ULTRAMAR 55,61.08,84.23,USD,1.379,2025-11-05 19:57:00,5172,Petroleum & Petroleum Products,TXC-009,EMP009,Grace Lee,Operations,EMP008,3,PENDING,,,,,,,https://receipts.brim.example/002933.pdf,,False
TXN-000719,****-****-****-4001,AWS MEMB,214.52,295.82,USD,1.379,2025-11-05 20:16:00,5734,Computer Software Stores,TXC-001,EMP001,Olivia Reyes,Executive,,6,PENDING,,,,,,,https://receipts.brim.example/000719.pdf,,False
TXN-002253,****-****-****-4004,TIM HORTONS #882,15.44,21.29,USD,1.379,2025-11-05 20:46:00,5814,Fast Food Restaurants,TXC-004,EMP004,Alice Chen,Finance,EMP002,4,APPROVED,,,,,,,https://receipts.brim.example/002253.pdf,,True
TXN-000394,****-****-****-4004,QUICK FUEL STOP,32.51,44.83,USD,1.379,2025-11-05 21:29:00,5172,Petroleum & Petroleum Products,TXC-004,EMP004,Alice Chen,Finance,EMP002,4,APPROVED,,,,,,,https://receipts.brim.example/000394.pdf,,True
TXN-002628,****-****-****-4008,ULTRAMAR 55,23.95,33.03,USD,1.379,2025-11-05 21:31:00,5172,Petroleum & Petroleum Products,TXC-008,EMP008,Eric Tran,Operations,EMP003,4,APPROVED,,,,,,,https://receipts.brim.example/002628.pdf,,True
TXN-002612,****-****-****-4008,COMFORT INN 442,108.62,149.79,USD,1.379,2025-11-05 21:35:00,7011,"Hotels, Motels & Resorts",TXC-008,EMP008,Eric Tran,Operations,EMP003,4,APPROVED,,,,,,,https://receipts.brim.example/002612.pdf,TRIP-0170,True
TXN-001207,****-****-****-4009,BOSTON PIZZA 12,97.21,134.05,USD,1.379,2025-11-05 23:31:00,5814,Fast Food Restaurants,TXC-009,EMP009,Grace Lee,Operations,EMP008,3,PENDING,,,,,,,https://receipts.brim.example/001207.pdf,TRIP-0081,False
TXN-002755,****-****-****-4007,COSTCO WHSE 44,393.7,542.91,USD,1.379,2025-11-06 07:23:00,5300,Wholesale Clubs,TXC-007,EMP007,Carol White,Finance,EMP004,2,APPROVED,,,,,,,https://receipts.brim.example/002755.pdf,,True
TXN-002131,****-****-****-4001,ESSO RETAIL 113,93.86,129.43,USD,1.379,2025-11-06 08:05:00,5541,Service Stations,TXC-001,EMP001,Olivia Reyes,Executive,,6,APPROVED,,,,,,,https://receipts.brim.example/002131.pdf,,True
TXN-000792,****-****-****-4004,407 ETR TOLL,33.02,45.53,USD,1.379,2025-11-06 08:39:00,4131,Bus Lines / Tolls,TXC-004,EMP004,Alice Chen,Finance,EMP002,4,APPROVED,,,,,,,https://receipts.brim.example/000792.pdf,,True
TXN-001135,****-****-****-4009,COMFORT INN 442,100.2,138.18,USD,1.379,2025-11-06 08:57:00,7011,"Hotels, Motels & Resorts",TXC-009,EMP009,Grace Lee,Operations,EMP008,3,APPROVED,,,,,,,https://receipts.brim.example/001135.pdf,,True
TXN-000032,****-****-****-4006,GRAND & TOY 5,52.1,71.85,USD,1.379,2025-11-06 09:00:00,5814,Fast Food Restaurants,TXC-006,EMP006,Bob Kumar,Finance,EMP004,2,APPROVED,,,,,,,https://receipts.brim.example/000032.pdf,,True
TXN-002977,****-****-****-4007,BEST WESTERN 71,242.16,333.94,USD,1.379,2025-11-06 09:29:00,7011,"Hotels, Motels & Resorts",TXC-007,EMP007,Carol White,Finance,EMP004,2,APPROVED,,,,,,,https://receipts.brim.example/002977.pdf,TRIP-0195,True
TXN-001105,****-****-****-4007,GREEN P PARKING,22.43,30.93,USD,1.379,2025-11-06 09:48:00,7523,Parking Lots & Garages,TXC-007,EMP007,Carol White,Finance,EMP004,2,APPROVED,,,,,,,https://receipts.brim.example/001105.pdf,,True
TXN-004065,****-****-****-4007,ULTRAMAR 55,42.08,58.03,USD,1.379,2025-11-06 10:31:00,5172,Petroleum & Petroleum Products,TXC-007,EMP007,Carol White,Finance,EMP004,2,APPROVED,,,,,,,https://receipts.brim.example/004065.pdf,,True
TXN-003865,****-****-****-4002,WENDYS 7781,60.51,83.44,USD,1.379,2025-11-06 11:04:00,5814,Fast Food Restaurants,TXC-002,EMP002,Priya Nair,Finance,EMP001,5,APPROVED,,,,,,,https://receipts.brim.example/003865.pdf,,True
TXN-003655,****-****-****-4008,MCDONALDS DT QPS,18.98,26.17,USD,1.379,2025-11-06 12:18:00,5814,Fast Food Restaurants,TXC-008,EMP008,Eric Tran,Operations,EMP003,4,APPROVED,,,,,,,https://receipts.brim.example/003655.pdf,TRIP-0241,True
TXN-000677,****-****-****-4003,PRECISE PARKLINK,58.47,80.63,USD,1.379,2025-11-06 12:35:00,4131,Bus Lines / Tolls,TXC-003,EMP003,Marcus Webb,Operations,EMP001,5,APPROVED,,,,,,,,,True
TXN-004132,****-****-****-4001,FOUNTAIN TIRE,277.47,382.63,USD,1.379,2025-11-06 13:08:00,7538,Automotive Service Shops,TXC-001,EMP001,Olivia Reyes,Executive,,6,PENDING,,,,,,,https://receipts.brim.example/004132.pdf,,False
TXN-001236,****-****-****-4004,MCDONALDS DT QPS,21.25,29.3,USD,1.379,2025-11-06 13:33:00,5814,Fast Food Restaurants,TXC-004,EMP004,Alice Chen,Finance,EMP002,4,APPROVED,,,,,,,https://receipts.brim.example/001236.pdf,,True
TXN-003658,****-****-****-4002,ULTRAMAR 55,47.09,64.94,USD,1.379,2025-11-06 14:11:00,5541,Service Stations,TXC-002,EMP002,Priya Nair,Finance,EMP001,5,APPROVED,,,,,,,https://receipts.brim.example/003658.pdf,TRIP-0242,True
TXN-001240,****-****-****-4007,A&W STORE 551,34.89,48.11,USD,1.379,2025-11-06 14:58:00,5812,Eating Places & Restaurants,TXC-007,EMP007,Carol White,Finance,EMP004,2,APPROVED,,,,,,,https://receipts.brim.example/001240.pdf,,True
TXN-001731,****-****-****-4008,DAYS INN 209,152.23,209.93,USD,1.379,2025-11-06 15:03:00,7011,"Hotels, Motels & Resorts",TXC-008,EMP008,Eric Tran,Operations,EMP003,4,APPROVED,,,,,,,https://receipts.brim.example/001731.pdf,,True
TXN-002228,****-****-****-4006,FLYING J #771,41.21,56.83,USD,1.379,2025-11-06 15:28:00,5541,Service Stations,TXC-006,EMP006,Bob Kumar,Finance,EMP004,2,APPROVED,,,,,,,https://receipts.brim.example/002228.pdf,,True
TXN-001352,****-****-****-4004,SHELL DT #4421,186.69,257.45,USD,1.379,2025-11-06 15:44:00,5541,Service Stations,TXC-004,EMP004,Alice Chen,Finance,EMP002,4,APPROVED,,,,,,,https://receipts.brim.example/001352.pdf,,True
TXN-003348,****-****-****-4008,SHELL DT #4421,38.15,52.61,USD,1.379,2025-11-06 15:55:00,5172,Petroleum & Petroleum Products,TXC-008,EMP008,Eric Tran,Operations,EMP003,4,APPROVED,,,,,,,https://receipts.brim.example/003348.pdf,,True
TXN-003038,****-****-****-4001,WENDYS 7781,66.9,92.26,USD,1.379,2025-11-06 16:07:00,5814,Fast Food Restaurants,TXC-001,EMP001,Olivia Reyes,Executive,,6,PENDING,,,,,,,,TRIP-0198,False
TXN-000879,****-****-****-4009,FLYING J #771,30.04,41.43,USD,1.379,2025-11-06 16:29:00,5172,Petroleum & Petroleum Products,TXC-009,EMP009,Grace Lee,Operations,EMP008,3,APPROVED,,,,,,,https://receipts.brim.example/000879.pdf,TRIP-0054,True
TXN-002044,****-****-****-4007,BOSTON PIZZA 12,7.94,10.95,USD,1.379,2025-11-06 16:29:00,5812,Eating Places & Restaurants,TXC-007,EMP007,Carol White,Finance,EMP004,2,APPROVED,,,,,,,https://receipts.brim.example/002044.pdf,,True
TXN-001801,****-****-****-4003,WENDYS 7781,7.89,10.88,USD,1.379,2025-11-06 16:46:00,5814,Fast Food Restaurants,TXC-003,EMP003,Marcus Webb,Operations,EMP001,5,APPROVED,,,,,,,https://receipts.brim.example/001801.pdf,,True
TXN-002722,****-****-****-4004,MICROSOFT 365,240.41,331.53,USD,1.379,2025-11-06 17:18:00,5734,Computer Software Stores,TXC-004,EMP004,Alice Chen,Finance,EMP002,4,APPROVED,,,,,,,https://receipts.brim.example/002722.pdf,,True
TXN-002627,****-****-****-4007,QUICK FUEL STOP,15.03,20.73,USD,1.379,2025-11-06 17:27:00,5172,Petroleum & Petroleum Products,TXC-007,EMP007,Carol White,Finance,EMP004,2,APPROVED,,,,,,,https://receipts.brim.example/002627.pdf,,True
TXN-000551,****-****-****-4007,BEST BUY 112,126.79,174.84,USD,1.379,2025-11-06 17:48:00,5300,Wholesale Clubs,TXC-007,EMP007,Carol White,Finance,EMP004,2,APPROVED,,,,,,,https://receipts.brim.example/000551.pdf,,True
TXN-003654,****-****-****-4008,SHELL DT #4421,53.91,74.34,USD,1.379,2025-11-06 19:33:00,5172,Petroleum & Petroleum Products,TXC-008,EMP008,Eric Tran,Operations,EMP003,4,APPROVED,,,,,,,https://receipts.brim.example/003654.pdf,TRIP-0241,True
TXN-000374,****-****-****-4002,AMAZON MKTPLACE,38.25,52.75,USD,1.379,2025-11-06 20:12:00,5111,Stationery & Office Supplies,TXC-002,EMP002,Priya Nair,Finance,EMP001,5,APPROVED,,,,,,,https://receipts.brim.example/000374.pdf,,True
TXN-003796,****-****-****-4003,QUICK FUEL STOP,43.86,60.48,USD,1.379,2025-11-06 20:55:00,5172,Petroleum & Petroleum Products,TXC-003,EMP003,Marcus Webb,Operations,EMP001,5,APPROVED,,,,,,,https://receipts.brim.example/003796.pdf,,True
TXN-000649,****-****-****-4001,QUICK FUEL STOP,45.93,63.34,USD,1.379,2025-11-06 20:59:00,5541,Service Stations,TXC-001,EMP001,Olivia Reyes,Executive,,6,APPROVED,,,,,,,https://receipts.brim.example/000649.pdf,,True
TXN-002615,****-****-****-4008,ULTRAMAR 55,42.29,58.32,USD,1.379,2025-11-06 21:09:00,5541,Service Stations,TXC-008,EMP008,Eric Tran,Operations,EMP003,4,APPROVED,,,,,,,https://receipts.brim.example/002615.pdf,TRIP-0170,True
TXN-003659,****-****-****-4002,QUICK FUEL STOP,34.69,47.84,USD,1.379,2025-11-06 21:14:00,5541,Service Stations,TXC-002,EMP002,Priya Nair,Finance,EMP001,5,APPROVED,,,,,,,https://receipts.brim.example/003659.pdf,TRIP-0242,True
TXN-000900,****-****-****-4008,PETRO-CANADA 8821,60.36,83.24,USD,1.379,2025-11-07 08:57:00,5172,Petroleum & Petroleum Products,TXC-008,EMP008,Eric Tran,Operations,EMP003,4,PENDING,,,,,,,https://receipts.brim.example/000900.pdf,,False
TXN-002930,****-****-****-4008,QUICK FUEL STOP,65.77,90.7,USD,1.379,2025-11-07 10:20:00,5172,Petroleum & Petroleum Products,TXC-008,EMP008,Eric Tran,Operations,EMP003,4,APPROVED,,,,,,,https://receipts.brim.example/002930.pdf,,True
TXN-000694,****-****-****-4009,ROADSIDE GRILL CO,37.38,51.55,USD,1.379,2025-11-07 11:03:00,5814,Fast Food Restaurants,TXC-009,EMP009,Grace Lee,Operations,EMP008,3,APPROVED,,,,,,,https://receipts.brim.example/000694.pdf,,True
TXN-002626,****-****-****-4009,FLYING J #771,86.45,119.21,USD,1.379,2025-11-07 11:12:00,5172,Petroleum & Petroleum Products,TXC-009,EMP009,Grace Lee,Operations,EMP008,3,APPROVED,,,,,,,https://receipts.brim.example/002626.pdf,,True
TXN-002119,****-****-****-4008,FLYING J #771,31.09,42.87,USD,1.379,2025-11-07 11:38:00,5172,Petroleum & Petroleum Products,TXC-008,EMP008,Eric Tran,Operations,EMP003,4,APPROVED,,,,,,,https://receipts.brim.example/002119.pdf,,True
TXN-004235,****-****-****-4004,A&W STORE 551,13.23,18.24,USD,1.379,2025-11-07 13:21:00,5814,Fast Food Restaurants,TXC-004,EMP004,Alice Chen,Finance,EMP002,4,APPROVED,,,,,,,https://receipts.brim.example/004235.pdf,,True
TXN-002474,****-****-****-4008,FLYING J #771,66.43,91.61,USD,1.379,2025-11-07 14:06:00,5172,Petroleum & Petroleum Products,TXC-008,EMP008,Eric Tran,Operations,EMP003,4,PENDING,,,,,,,https://receipts.brim.example/002474.pdf,,False
TXN-004203,****-****-****-4008,SHELL DT #4421,174.45,240.57,USD,1.379,2025-11-07 14:29:00,5172,Petroleum & Petroleum Products,TXC-008,EMP008,Eric Tran,Operations,EMP003,4,APPROVED,,,,,,,https://receipts.brim.example/004203.pdf,,True
TXN-003035,****-****-****-4001,HOLIDAY INN EXPRESS,135.91,187.42,USD,1.379,2025-11-07 14:51:00,7011,"Hotels, Motels & Resorts",TXC-001,EMP001,Olivia Reyes,Executive,,6,APPROVED,,,,,,,https://receipts.brim.example/003035.pdf,TRIP-0198,True
TXN-000358,****-****-****-4007,SHELL DT #4421,60.89,83.97,USD,1.379,2025-11-07 16:35:00,5172,Petroleum & Petroleum Products,TXC-007,EMP007,Carol White,Finance,EMP004,2,APPROVED,,,,,,,https://receipts.brim.example/000358.pdf,,True
TXN-003652,****-****-****-4008,SUPER 8 MOTEL,214.86,296.29,USD,1.379,2025-11-07 16:35:00,7011,"Hotels, Motels & Resorts",TXC-008,EMP008,Eric Tran,Operations,EMP003,4,APPROVED,,,,,,,,TRIP-0241,True
TXN-002343,****-****-****-4009,SHELL DT #4421,55.7,76.81,USD,1.379,2025-11-07 17:16:00,5172,Petroleum & Petroleum Products,TXC-009,EMP009,Grace Lee,Operations,EMP008,3,APPROVED,,,,,,,https://receipts.brim.example/002343.pdf,,True
TXN-001206,****-****-****-4009,BEST WESTERN 71,125.24,172.71,USD,1.379,2025-11-07 18:54:00,7011,"Hotels, Motels & Resorts",TXC-009,EMP009,Grace Lee,Operations,EMP008,3,APPROVED,,,,,,,https://receipts.brim.example/001206.pdf,TRIP-0081,True
TXN-002667,****-****-****-4009,SHELL DT #4421,97.28,134.15,USD,1.379,2025-11-07 19:15:00,5172,Petroleum & Petroleum Products,TXC-009,EMP009,Grace Lee,Operations,EMP008,3,APPROVED,,,,,,,,,True
TXN-001635,****-****-****-4005,FOUNTAIN TIRE,173.84,239.73,USD,1.379,2025-11-07 21:31:00,7538,Automotive Service Shops,TXC-005,EMP005,Dana Park,Finance,EMP002,3,PENDING,,,,,,,https://receipts.brim.example/001635.pdf,,False
TXN-002613,****-****-****-4008,QUICK FUEL STOP,107.79,148.64,USD,1.379,2025-11-07 23:58:00,5172,Petroleum & Petroleum Products,TXC-008,EMP008,Eric Tran,Operations,EMP003,4,APPROVED,,,,,,,https://receipts.brim.example/002613.pdf,TRIP-0170,True
TXN-004062,****-****-****-4009,SUPER 8 MOTEL,164.72,227.15,USD,1.379,2025-11-08 07:04:00,7011,"Hotels, Motels & Resorts",TXC-009,EMP009,Grace Lee,Operations,EMP008,3,APPROVED,,,,,,,,,True
TXN-004012,****-****-****-4003,SHELL DT #4421,35.86,49.45,USD,1.379,2025-11-08 09:49:00,5541,Service Stations,TXC-003,EMP003,Marcus Webb,Operations,EMP001,5,APPROVED,,,,,,,https://receipts.brim.example/004012.pdf,,True
TXN-001490,****-****-****-4001,SHELL DT #4421,44.73,61.68,USD,1.379,2025-11-08 12:13:00,5172,Petroleum & Petroleum Products,TXC-001,EMP001,Olivia Reyes,Executive,,6,APPROVED,,,,,,,https://receipts.brim.example/001490.pdf,,True
TXN-002876,****-****-****-4009,ESSO RETAIL 113,54.77,75.53,USD,1.379,2025-11-08 12:20:00,5172,Petroleum & Petroleum Products,TXC-009,EMP009,Grace Lee,Operations,EMP008,3,APPROVED,,,,,,,https://receipts.brim.example/002876.pdf,,True
TXN-002980,****-****-****-4007,WENDYS 7781,62.54,86.24,USD,1.379,2025-11-08 12:54:00,5812,Eating Places & Restaurants,TXC-007,EMP007,Carol White,Finance,EMP004,2,APPROVED,,,,,,,,TRIP-0195,True
TXN-002954,****-****-****-4002,SHELL DT #4421,46.23,63.75,USD,1.379,2025-11-08 13:25:00,5541,Service Stations,TXC-002,EMP002,Priya Nair,Finance,EMP001,5,APPROVED,,,,,,,https://receipts.brim.example/002954.pdf,,True
TXN-001260,****-****-****-4002,STAPLES #112,49.86,68.76,USD,1.379,2025-11-08 14:12:00,5943,Stationery & Writing Supplies,TXC-002,EMP002,Priya Nair,Finance,EMP001,5,APPROVED,,,,,,,https://receipts.brim.example/001260.pdf,,True
TXN-000080,****-****-****-4005,ALPHA CONSULTING GROUP,875.9,1207.87,USD,1.379,2025-11-08 16:00:00,4814,Telecom Services,TXC-005,EMP005,Dana Park,Finance,EMP002,3,APPROVED,,,,,,,https://receipts.brim.example/000080.pdf,,True
TXN-000876,****-****-****-4009,BEST WESTERN 71,76.64,105.69,USD,1.379,2025-11-08 19:22:00,7011,"Hotels, Motels & Resorts",TXC-009,EMP009,Grace Lee,Operations,EMP008,3,APPROVED,,,,,,,https://receipts.brim.example/000876.pdf,TRIP-0054,True
TXN-003653,****-****-****-4008,ULTRAMAR 55,50.87,70.15,USD,1.379,2025-11-08 19:45:00,5172,Petroleum & Petroleum Products,TXC-008,EMP008,Eric Tran,Operations,EMP003,4,APPROVED,,,,,,,https://receipts.brim.example/003653.pdf,TRIP-0241,True
TXN-001556,****-****-****-4007,PILOT TRAVEL 209,78.06,107.64,USD,1.379,2025-11-08 20:16:00,5541,Service Stations,TXC-007,EMP007,Carol White,Finance,EMP004,2,APPROVED,,,,,,,https://receipts.brim.example/001556.pdf,,True
TXN-001485,****-****-****-4003,PILOT TRAVEL 209,151.68,209.17,USD,1.379,2025-11-08 20:22:00,5172,Petroleum & Petroleum Products,TXC-003,EMP003,Marcus Webb,Operations,EMP001,5,APPROVED,,,,,,,https://receipts.brim.example/001485.pdf,,True
TXN-000809,****-****-****-4002,A&W STORE 551,15.73,21.69,USD,1.379,2025-11-08 20:45:00,5812,Eating Places & Restaurants,TXC-002,EMP002,Priya Nair,Finance,EMP001,5,APPROVED,,,,,,,https://receipts.brim.example/000809.pdf,,True
TXN-000878,****-****-****-4009,PILOT TRAVEL 209,44.96,62.0,USD,1.379,2025-11-08 21:34:00,5172,Petroleum & Petroleum Products,TXC-009,EMP009,Grace Lee,Operations,EMP008,3,APPROVED,,,,,,,https://receipts.brim.example/000878.pdf,TRIP-0054,True
TXN-001208,****-****-****-4009,ESSO RETAIL 113,62.27,85.87,USD,1.379,2025-11-08 21:43:00,5541,Service Stations,TXC-009,EMP009,Grace Lee,Operations,EMP008,3,APPROVED,,,,,,,https://receipts.brim.example/001208.pdf,TRIP-0081,True
TXN-000848,****-****-****-4001,PRECISE PARKLINK,12.86,17.73,USD,1.379,2025-11-09 07:46:00,7523,Parking Lots & Garages,TXC-001,EMP001,Olivia Reyes,Executive,,6,APPROVED,,,,,,,https://receipts.brim.example/000848.pdf,,True
TXN-000916,****-****-****-4004,ROADSIDE GRILL CO,25.2,34.75,USD,1.379,2025-11-09 10:19:00,5814,Fast Food Restaurants,TXC-004,EMP004,Alice Chen,Finance,EMP002,4,APPROVED,,,,,,,https://receipts.brim.example/000916.pdf,,True
TXN-000521,****-****-****-4009,BOSTON PIZZA 12,28.91,39.87,USD,1.379,2025-11-09 10:48:00,5814,Fast Food Restaurants,TXC-009,EMP009,Grace Lee,Operations,EMP008,3,APPROVED,,,,,,,https://receipts.brim.example/000521.pdf,,True
TXN-002621,****-****-****-4009,MCDONALDS DT QPS,13.98,19.28,USD,1.379,2025-11-09 11:06:00,5814,Fast Food Restaurants,TXC-009,EMP009,Grace Lee,Operations,EMP008,3,APPROVED,,,,,,,https://receipts.brim.example/002621.pdf,,True
TXN-004156,****-****-****-4001,ULTRAMAR 55,115.11,158.74,USD,1.379,2025-11-09 13:03:00,5172,Petroleum & Petroleum Products,TXC-001,EMP001,Olivia Reyes,Executive,,6,APPROVED,,,,,,,https://receipts.brim.example/004156.pdf,,True
TXN-002058,****-****-****-4005,PETRO-CANADA 8821,27.74,38.25,USD,1.379,2025-11-09 13:10:00,5172,Petroleum & Petroleum Products,TXC-005,EMP005,Dana Park,Finance,EMP002,3,APPROVED,,,,,,,https://receipts.brim.example/002058.pdf,,True
TXN-001781,****-****-****-4007,PETRO-CANADA 8821,75.99,104.79,USD,1.379,2025-11-09 13:43:00,5541,Service Stations,TXC-007,EMP007,Carol White,Finance,EMP004,2,APPROVED,,,,,,,https://receipts.brim.example/001781.pdf,TRIP-0119,True
TXN-003036,****-****-****-4001,ESSO RETAIL 113,82.19,113.34,USD,1.379,2025-11-09 15:11:00,5541,Service Stations,TXC-001,EMP001,Olivia Reyes,Executive,,6,PENDING,,,,,,,https://receipts.brim.example/003036.pdf,TRIP-0198,False
TXN-004161,****-****-****-4008,A&W STORE 551,15.85,21.86,USD,1.379,2025-11-09 16:00:00,5814,Fast Food Restaurants,TXC-008,EMP008,Eric Tran,Operations,EMP003,4,APPROVED,,,,,,,https://receipts.brim.example/004161.pdf,,True
TXN-001339,****-****-****-4005,ROGERS WIRELESS,143.45,197.82,USD,1.379,2025-11-09 16:06:00,5734,Computer Software Stores,TXC-005,EMP005,Dana Park,Finance,EMP002,3,APPROVED,,,,,,,https://receipts.brim.example/001339.pdf,,True
TXN-003026,****-****-****-4008,ULTRAMAR 55,74.44,102.65,USD,1.379,2025-11-09 16:06:00,5172,Petroleum & Petroleum Products,TXC-008,EMP008,Eric Tran,Operations,EMP003,4,APPROVED,,,,,,,https://receipts.brim.example/003026.pdf,,True
TXN-000626,****-****-****-4009,MIDAS AUTO 21,146.86,202.52,USD,1.379,2025-11-09 18:12:00,7531,Auto Body Repair Shops,TXC-009,EMP009,Grace Lee,Operations,EMP008,3,PENDING,,,,,,,https://receipts.brim.example/000626.pdf,,False
TXN-004042,****-****-****-4002,DAYS INN 209,55.62,76.7,USD,1.379,2025-11-09 18:12:00,7011,"Hotels, Motels & Resorts",TXC-002,EMP002,Priya Nair,Finance,EMP001,5,APPROVED,,,,,,,https://receipts.brim.example/004042.pdf,,True
TXN-002360,****-****-****-4003,TIM HORTONS #882,11.31,15.6,USD,1.379,2025-11-09 18:41:00,5814,Fast Food Restaurants,TXC-003,EMP003,Marcus Webb,Operations,EMP001,5,APPROVED,,,,,,,https://receipts.brim.example/002360.pdf,,True
TXN-004201,****-****-****-4009,TIM HORTONS #882,10.76,14.84,USD,1.379,2025-11-09 18:50:00,5812,Eating Places & Restaurants,TXC-009,EMP009,Grace Lee,Operations,EMP008,3,APPROVED,,,,,,,https://receipts.brim.example/004201.pdf,,True
TXN-001109,****-****-****-4009,MCDONALDS DT QPS,24.01,33.11,USD,1.379,2025-11-09 19:23:00,5814,Fast Food Restaurants,TXC-009,EMP009,Grace Lee,Operations,EMP008,3,APPROVED,,,,,,,https://receipts.brim.example/001109.pdf,,True
TXN-003188,****-****-****-4009,PETRO-CANADA 8821,88.02,121.38,USD,1.379,2025-11-09 19:45:00,5172,Petroleum & Petroleum Products,TXC-009,EMP009,Grace Lee,Operations,EMP008,3,PENDING,,,,,,,https://receipts.brim.example/003188.pdf,,False
TXN-003037,****-****-****-4001,FLYING J #771,52.83,72.85,USD,1.379,2025-11-09 19:50:00,5172,Petroleum & Petroleum Products,TXC-001,EMP001,Olivia Reyes,Executive,,6,APPROVED,,,,,,,https://receipts.brim.example/003037.pdf,TRIP-0198,True
TXN-001280,****-****-****-4004,PETRO-CANADA 8821,44.59,61.49,USD,1.379,2025-11-09 20:48:00,5172,Petroleum & Petroleum Products,TXC-004,EMP004,Alice Chen,Finance,EMP002,4,APPROVED,,,,,,,https://receipts.brim.example/001280.pdf,,True
TXN-002318,****-****-****-4009,BOSTON PIZZA 12,22.86,31.52,USD,1.379,2025-11-09 21:27:00,5814,Fast Food Restaurants,TXC-009,EMP009,Grace Lee,Operations,EMP008,3,APPROVED,,,,,,,https://receipts.brim.example/002318.pdf,,True
TXN-002092,****-****-****-4006,PILOT TRAVEL 209,53.54,73.83,USD,1.379,2025-11-10 08:33:00,5541,Service Stations,TXC-006,EMP006,Bob Kumar,Finance,EMP004,2,APPROVED,,,,,,,https://receipts.brim.example/002092.pdf,,True
TXN-003537,****-****-****-4003,ESSO RETAIL 113,152.44,210.21,USD,1.379,2025-11-10 09:11:00,5541,Service Stations,TXC-003,EMP003,Marcus Webb,Operations,EMP001,5,APPROVED,,,,,,,,,True
TXN-000579,****-****-****-4007,IMPARK LOT 88,15.15,20.89,USD,1.379,2025-11-10 11:15:00,7523,Parking Lots & Garages,TXC-007,EMP007,Carol White,Finance,EMP004,2,APPROVED,,,,,,,https://receipts.brim.example/000579.pdf,,True
TXN-001691,****-****-****-4001,COMFORT INN 442,186.93,257.78,USD,1.379,2025-11-10 11:31:00,7011,"Hotels, Motels & Resorts",TXC-001,EMP001,Olivia Reyes,Executive,,6,PENDING,,,,,,,https://receipts.brim.example/001691.pdf,TRIP-0114,False
TXN-003103,****-****-****-4007,AMAZON MKTPLACE,38.52,53.12,USD,1.379,2025-11-10 11:42:00,5943,Stationery & Writing Supplies,TXC-007,EMP007,Carol White,Finance,EMP004,2,APPROVED,,,,,,,https://receipts.brim.example/003103.pdf,,True
TXN-002116,****-****-****-4001,PETRO-CANADA 8821,52.3,72.12,USD,1.379,2025-11-10 12:13:00,5172,Petroleum & Petroleum Products,TXC-001,EMP001,Olivia Reyes,Executive,,6,APPROVED,,,,,,,https://receipts.brim.example/002116.pdf,,True
TXN-003626,****-****-****-4009,PETRO-CANADA 8821,60.35,83.22,USD,1.379,2025-11-10 13:09:00,5541,Service Stations,TXC-009,EMP009,Grace Lee,Operations,EMP008,3,APPROVED,,,,,,,https://receipts.brim.example/003626.pdf,,True
TXN-001780,****-****-****-4007,HOLIDAY INN EXPRESS,147.02,202.74,USD,1.379,2025-11-10 16:02:00,7011,"Hotels, Motels & Resorts",TXC-007,EMP007,Carol White,Finance,EMP004,2,PENDING,,,,,,,https://receipts.brim.example/001780.pdf,TRIP-0119,False
TXN-002229,****-****-****-4007,AMAZON MKTPLACE,172.21,237.48,USD,1.379,2025-11-10 17:02:00,5111,Stationery & Office Supplies,TXC-007,EMP007,Carol White,Finance,EMP004,2,APPROVED,,,,,,,https://receipts.brim.example/002229.pdf,,True
TXN-000571,****-****-****-4003,ULTRAMAR 55,44.37,61.19,USD,1.379,2025-11-10 18:37:00,5541,Service Stations,TXC-003,EMP003,Marcus Webb,Operations,EMP001,5,APPROVED,,,,,,,https://receipts.brim.example/000571.pdf,TRIP-0034,True
TXN-000877,****-****-****-4009,ROADSIDE GRILL CO,27.69,38.18,USD,1.379,2025-11-10 20:10:00,5814,Fast Food Restaurants,TXC-009,EMP009,Grace Lee,Operations,EMP008,3,APPROVED,,,,,,,https://receipts.brim.example/000877.pdf,TRIP-0054,True
TXN-001396,****-****-****-4003,MICROSOFT 365,75.9,104.67,USD,1.379,2025-11-10 20:24:00,5734,Computer Software Stores,TXC-003,EMP003,Marcus Webb,Operations,EMP001,5,APPROVED,,,,,,,https://receipts.brim.example/001396.pdf,,True
TXN-001501,****-****-****-4004,A&W STORE 551,8.59,11.85,USD,1.379,2025-11-10 21:02:00,5812,Eating Places & Restaurants,TXC-004,EMP004,Alice Chen,Finance,EMP002,4,APPROVED,,,,,,,https://receipts.brim.example/001501.pdf,,True
TXN-003666,****-****-****-4009,PETRO-CANADA 8821,54.0,74.47,USD,1.379,2025-11-10 21:36:00,5541,Service Stations,TXC-009,EMP009,Grace Lee,Operations,EMP008,3,APPROVED,,,,,,,https://receipts.brim.example/003666.pdf,,True
TXN-000033,****-****-****-4006,TIM HORTONS #882,55.3,76.26,USD,1.379,2025-11-11 01:00:00,5541,Service Stations,TXC-006,EMP006,Bob Kumar,Finance,EMP004,2,APPROVED,,,,,,,https://receipts.brim.example/000033.pdf,,True
TXN-001692,****-****-****-4001,FLYING J #771,114.76,158.25,USD,1.379,2025-11-11 06:33:00,5172,Petroleum & Petroleum Products,TXC-001,EMP001,Olivia Reyes,Executive,,6,PENDING,,,,,,,https://receipts.brim.example/001692.pdf,TRIP-0114,False
TXN-004165,****-****-****-4008,GREEN P PARKING,12.79,17.64,USD,1.379,2025-11-11 07:18:00,7523,Parking Lots & Garages,TXC-008,EMP008,Eric Tran,Operations,EMP003,4,APPROVED,,,,,,,https://receipts.brim.example/004165.pdf,,True
TXN-003726,****-****-****-4003,ESSO RETAIL 113,79.22,109.24,USD,1.379,2025-11-11 08:08:00,5172,Petroleum & Petroleum Products,TXC-003,EMP003,Marcus Webb,Operations,EMP001,5,APPROVED,,,,,,,https://receipts.brim.example/003726.pdf,,True
TXN-001286,****-****-****-4001,HOLIDAY INN EXPRESS,200.55,276.56,USD,1.379,2025-11-11 09:14:00,7011,"Hotels, Motels & Resorts",TXC-001,EMP001,Olivia Reyes,Executive,,6,PENDING,,,,,,,https://receipts.brim.example/001286.pdf,,False
TXN-001903,****-****-****-4007,ESSO RETAIL 113,61.42,84.7,USD,1.379,2025-11-11 09:59:00,5541,Service Stations,TXC-007,EMP007,Carol White,Finance,EMP004,2,APPROVED,,,,,,,,,True
TXN-002266,****-****-****-4004,SHELL DT #4421,90.7,125.08,USD,1.379,2025-11-11 10:48:00,5172,Petroleum & Petroleum Products,TXC-004,EMP004,Alice Chen,Finance,EMP002,4,APPROVED,,,,,,,https://receipts.brim.example/002266.pdf,TRIP-0152,True
TXN-004130,****-****-****-4007,PETRO-CANADA 8821,35.71,49.24,USD,1.379,2025-11-11 10:50:00,5541,Service Stations,TXC-007,EMP007,Carol White,Finance,EMP004,2,APPROVED,,,,,,,https://receipts.brim.example/004130.pdf,,True
TXN-001899,****-****-****-4009,407 ETR TOLL,18.95,26.13,USD,1.379,2025-11-11 11:42:00,7523,Parking Lots & Garages,TXC-009,EMP009,Grace Lee,Operations,EMP008,3,APPROVED,,,,,,,https://receipts.brim.example/001899.pdf,,True
TXN-001782,****-****-****-4007,MCDONALDS DT QPS,61.47,84.77,USD,1.379,2025-11-11 12:20:00,5812,Eating Places & Restaurants,TXC-007,EMP007,Carol White,Finance,EMP004,2,APPROVED,,,,,,,https://receipts.brim.example/001782.pdf,TRIP-0119,True
TXN-000546,****-****-****-4008,PETRO-CANADA 8821,36.19,49.91,USD,1.379,2025-11-11 13:01:00,5172,Petroleum & Petroleum Products,TXC-008,EMP008,Eric Tran,Operations,EMP003,4,APPROVED,,,,,,,https://receipts.brim.example/000546.pdf,,True
TXN-003882,****-****-****-4002,QUICK FUEL STOP,63.48,87.54,USD,1.379,2025-11-11 13:02:00,5172,Petroleum & Petroleum Products,TXC-002,EMP002,Priya Nair,Finance,EMP001,5,APPROVED,,,,,,,https://receipts.brim.example/003882.pdf,,True
TXN-003736,****-****-****-4006,FLYING J #771,106.65,147.07,USD,1.379,2025-11-11 14:46:00,5541,Service Stations,TXC-006,EMP006,Bob Kumar,Finance,EMP004,2,APPROVED,,,,,,,https://receipts.brim.example/003736.pdf,TRIP-0243,True
TXN-000604,****-****-****-4006,HOLIDAY INN EXPRESS,107.43,148.15,USD,1.379,2025-11-11 15:36:00,7011,"Hotels, Motels & Resorts",TXC-006,EMP006,Bob Kumar,Finance,EMP004,2,APPROVED,,,,,,,https://receipts.brim.example/000604.pdf,,True
TXN-002265,****-****-****-4004,PETRO-CANADA 8821,53.32,73.53,USD,1.379,2025-11-11 16:08:00,5541,Service Stations,TXC-004,EMP004,Alice Chen,Finance,EMP002,4,APPROVED,,,,,,,https://receipts.brim.example/002265.pdf,TRIP-0152,True
TXN-004175,****-****-****-4003,GREEN P PARKING,13.6,18.75,USD,1.379,2025-11-11 16:14:00,7523,Parking Lots & Garages,TXC-003,EMP003,Marcus Webb,Operations,EMP001,5,APPROVED,,,,,,,https://receipts.brim.example/004175.pdf,,True
TXN-000609,****-****-****-4003,KAL TIRE 9,281.73,388.51,USD,1.379,2025-11-11 16:42:00,7531,Auto Body Repair Shops,TXC-003,EMP003,Marcus Webb,Operations,EMP001,5,APPROVED,,,,,,,https://receipts.brim.example/000609.pdf,,True
TXN-003802,****-****-****-4001,PETRO-CANADA 8821,78.84,108.72,USD,1.379,2025-11-11 17:36:00,5172,Petroleum & Petroleum Products,TXC-001,EMP001,Olivia Reyes,Executive,,6,APPROVED,,,,,,,https://receipts.brim.example/003802.pdf,TRIP-0249,True
TXN-003416,****-****-****-4007,SUBWAY 40021,57.63,79.47,USD,1.379,2025-11-11 17:45:00,5814,Fast Food Restaurants,TXC-007,EMP007,Carol White,Finance,EMP004,2,APPROVED,,,,,,,https://receipts.brim.example/003416.pdf,TRIP-0224,True
TXN-003455,****-****-****-4007,DAYS INN 209,107.73,148.56,USD,1.379,2025-11-11 17:49:00,7011,"Hotels, Motels & Resorts",TXC-007,EMP007,Carol White,Finance,EMP004,2,APPROVED,,,,,,,https://receipts.brim.example/003455.pdf,TRIP-0228,True
TXN-001837,****-****-****-4003,WENDYS 7781,16.2,22.34,USD,1.379,2025-11-11 17:58:00,5812,Eating Places & Restaurants,TXC-003,EMP003,Marcus Webb,Operations,EMP001,5,APPROVED,,,,,,,https://receipts.brim.example/001837.pdf,,True
TXN-003458,****-****-****-4007,WENDYS 7781,35.78,49.34,USD,1.379,2025-11-11 17:58:00,5814,Fast Food Restaurants,TXC-007,EMP007,Carol White,Finance,EMP004,2,APPROVED,,,,,,,https://receipts.brim.example/003458.pdf,TRIP-0228,True
TXN-003801,****-****-****-4001,HOLIDAY INN EXPRESS,140.56,193.83,USD,1.379,2025-11-11 18:05:00,7011,"Hotels, Motels & Resorts",TXC-001,EMP001,Olivia Reyes,Executive,,6,PENDING,,,,,,,https://receipts.brim.example/003801.pdf,TRIP-0249,False
TXN-002103,****-****-****-4009,SHELL DT #4421,40.32,55.6,USD,1.379,2025-11-11 18:16:00,5541,Service Stations,TXC-009,EMP009,Grace Lee,Operations,EMP008,3,APPROVED,,,,,,,https://receipts.brim.example/002103.pdf,,True
TXN-003449,****-****-****-4007,PETRO-CANADA 8821,75.04,103.48,USD,1.379,2025-11-11 19:42:00,5172,Petroleum & Petroleum Products,TXC-007,EMP007,Carol White,Finance,EMP004,2,APPROVED,,,,,,,https://receipts.brim.example/003449.pdf,,True
TXN-003456,****-****-****-4007,PETRO-CANADA 8821,53.95,74.4,USD,1.379,2025-11-11 20:44:00,5172,Petroleum & Petroleum Products,TXC-007,EMP007,Carol White,Finance,EMP004,2,APPROVED,,,,,,,https://receipts.brim.example/003456.pdf,TRIP-0228,True
TXN-000572,****-****-****-4003,SHELL DT #4421,60.36,83.24,USD,1.379,2025-11-11 23:15:00,5172,Petroleum & Petroleum Products,TXC-003,EMP003,Marcus Webb,Operations,EMP001,5,APPROVED,,,,,,,https://receipts.brim.example/000572.pdf,TRIP-0034,True
TXN-001693,****-****-****-4001,BOSTON PIZZA 12,30.3,41.78,USD,1.379,2025-11-12 07:23:00,5812,Eating Places & Restaurants,TXC-001,EMP001,Olivia Reyes,Executive,,6,APPROVED,,,,,,,https://receipts.brim.example/001693.pdf,TRIP-0114,True
TXN-001212,****-****-****-4004,PILOT TRAVEL 209,42.63,58.79,USD,1.379,2025-11-12 08:09:00,5541,Service Stations,TXC-004,EMP004,Alice Chen,Finance,EMP002,4,APPROVED,,,,,,,https://receipts.brim.example/001212.pdf,,True
TXN-002523,****-****-****-4009,ESSO RETAIL 113,93.5,128.94,USD,1.379,2025-11-12 09:40:00,5541,Service Stations,TXC-009,EMP009,Grace Lee,Operations,EMP008,3,APPROVED,,,,,,,https://receipts.brim.example/002523.pdf,,True
TXN-003252,****-****-****-4003,SUPER 8 MOTEL,200.89,277.03,USD,1.379,2025-11-12 09:58:00,7011,"Hotels, Motels & Resorts",TXC-003,EMP003,Marcus Webb,Operations,EMP001,5,APPROVED,,,,,,,https://receipts.brim.example/003252.pdf,,True
TXN-002263,****-****-****-4004,DAYS INN 209,110.74,152.71,USD,1.379,2025-11-12 11:50:00,7011,"Hotels, Motels & Resorts",TXC-004,EMP004,Alice Chen,Finance,EMP002,4,APPROVED,,,,,,,,TRIP-0152,True
TXN-003735,****-****-****-4006,DAYS INN 209,144.77,199.64,USD,1.379,2025-11-12 13:12:00,7011,"Hotels, Motels & Resorts",TXC-006,EMP006,Bob Kumar,Finance,EMP004,2,APPROVED,,,,,,,https://receipts.brim.example/003735.pdf,TRIP-0243,True
TXN-000271,****-****-****-4008,FOUNTAIN TIRE,152.71,210.59,USD,1.379,2025-11-12 13:14:00,7531,Auto Body Repair Shops,TXC-008,EMP008,Eric Tran,Operations,EMP003,4,APPROVED,,,,,,,https://receipts.brim.example/000271.pdf,,True
TXN-004014,****-****-****-4007,QUICK FUEL STOP,70.7,97.5,USD,1.379,2025-11-12 13:22:00,5541,Service Stations,TXC-007,EMP007,Carol White,Finance,EMP004,2,APPROVED,,,,,,,https://receipts.brim.example/004014.pdf,,True
TXN-001489,****-****-****-4007,PETRO-CANADA 8821,36.76,50.69,USD,1.379,2025-11-12 14:25:00,5172,Petroleum & Petroleum Products,TXC-007,EMP007,Carol White,Finance,EMP004,2,APPROVED,,,,,,,https://receipts.brim.example/001489.pdf,,True
TXN-002096,****-****-****-4008,SUBWAY 40021,25.16,34.7,USD,1.379,2025-11-12 15:09:00,5812,Eating Places & Restaurants,TXC-008,EMP008,Eric Tran,Operations,EMP003,4,APPROVED,,,,,,,https://receipts.brim.example/002096.pdf,,True
TXN-000783,****-****-****-4004,ROADSIDE GRILL CO,15.39,21.22,USD,1.379,2025-11-12 15:16:00,5814,Fast Food Restaurants,TXC-004,EMP004,Alice Chen,Finance,EMP002,4,APPROVED,,,,,,,https://receipts.brim.example/000783.pdf,,True
TXN-004184,****-****-****-4006,MCDONALDS DT QPS,25.19,34.74,USD,1.379,2025-11-12 15:25:00,5812,Eating Places & Restaurants,TXC-006,EMP006,Bob Kumar,Finance,EMP004,2,APPROVED,,,,,,,https://receipts.brim.example/004184.pdf,,True
TXN-004073,****-****-****-4008,SHELL DT #4421,78.12,107.73,USD,1.379,2025-11-12 15:33:00,5172,Petroleum & Petroleum Products,TXC-008,EMP008,Eric Tran,Operations,EMP003,4,APPROVED,,,,,,,https://receipts.brim.example/004073.pdf,,True
TXN-001478,****-****-****-4008,COMFORT INN 442,125.01,172.39,USD,1.379,2025-11-12 16:47:00,7011,"Hotels, Motels & Resorts",TXC-008,EMP008,Eric Tran,Operations,EMP003,4,APPROVED,,,,,,,https://receipts.brim.example/001478.pdf,,True
TXN-004060,****-****-****-4002,SUBWAY 40021,11.28,15.56,USD,1.379,2025-11-12 17:00:00,5812,Eating Places & Restaurants,TXC-002,EMP002,Priya Nair,Finance,EMP001,5,APPROVED,,,,,,,https://receipts.brim.example/004060.pdf,,True
TXN-001717,****-****-****-4003,DAYS INN 209,132.16,182.25,USD,1.379,2025-11-12 17:04:00,7011,"Hotels, Motels & Resorts",TXC-003,EMP003,Marcus Webb,Operations,EMP001,5,APPROVED,,,,,,,https://receipts.brim.example/001717.pdf,,True
TXN-003258,****-****-****-4003,PILOT TRAVEL 209,89.0,122.73,USD,1.379,2025-11-12 17:12:00,5172,Petroleum & Petroleum Products,TXC-003,EMP003,Marcus Webb,Operations,EMP001,5,APPROVED,,,,,,,https://receipts.brim.example/003258.pdf,TRIP-0215,True
TXN-000530,****-****-****-4003,CANADIAN TIRE 445,163.08,224.89,USD,1.379,2025-11-12 17:13:00,7531,Auto Body Repair Shops,TXC-003,EMP003,Marcus Webb,Operations,EMP001,5,APPROVED,,,,,,,https://receipts.brim.example/000530.pdf,,True
TXN-003668,****-****-****-4007,PETRO-CANADA 8821,194.37,268.04,USD,1.379,2025-11-12 17:44:00,5172,Petroleum & Petroleum Products,TXC-007,EMP007,Carol White,Finance,EMP004,2,APPROVED,,,,,,,https://receipts.brim.example/003668.pdf,,True
TXN-003488,****-****-****-4008,A&W STORE 551,85.55,117.97,USD,1.379,2025-11-12 18:55:00,5814,Fast Food Restaurants,TXC-008,EMP008,Eric Tran,Operations,EMP003,4,APPROVED,,,,,,,https://receipts.brim.example/003488.pdf,,True
TXN-003457,****-****-****-4007,PILOT TRAVEL 209,85.88,118.43,USD,1.379,2025-11-12 20:00:00,5172,Petroleum & Petroleum Products,TXC-007,EMP007,Carol White,Finance,EMP004,2,APPROVED,,,,,,,https://receipts.brim.example/003457.pdf,TRIP-0228,True
TXN-000569,****-****-****-4003,COMFORT INN 442,123.65,170.51,USD,1.379,2025-11-12 21:29:00,7011,"Hotels, Motels & Resorts",TXC-003,EMP003,Marcus Webb,Operations,EMP001,5,APPROVED,,,,,,,https://receipts.brim.example/000569.pdf,TRIP-0034,True
TXN-003506,****-****-****-4009,FOUNTAIN TIRE,274.07,377.94,USD,1.379,2025-11-12 21:40:00,7531,Auto Body Repair Shops,TXC-009,EMP009,Grace Lee,Operations,EMP008,3,APPROVED,,,,,,,https://receipts.brim.example/003506.pdf,,True
TXN-000570,****-****-****-4003,SUBWAY 40021,24.96,34.42,USD,1.379,2025-11-12 23:13:00,5812,Eating Places & Restaurants,TXC-003,EMP003,Marcus Webb,Operations,EMP001,5,APPROVED,,,,,,,https://receipts.brim.example/000570.pdf,TRIP-0034,True
TXN-003297,****-****-****-4007,PETRO-CANADA 8821,84.65,116.73,USD,1.379,2025-11-13 07:13:00,5172,Petroleum & Petroleum Products,TXC-007,EMP007,Carol White,Finance,EMP004,2,APPROVED,,,,,,,https://receipts.brim.example/003297.pdf,,True
TXN-002311,****-****-****-4002,CANADIAN TIRE 445,151.33,208.68,USD,1.379,2025-11-13 07:24:00,7531,Auto Body Repair Shops,TXC-002,EMP002,Priya Nair,Finance,EMP001,5,PENDING,,,,,,,https://receipts.brim.example/002311.pdf,,False
TXN-000777,****-****-****-4004,FLYING J #771,53.5,73.78,USD,1.379,2025-11-13 08:55:00,5172,Petroleum & Petroleum Products,TXC-004,EMP004,Alice Chen,Finance,EMP002,4,PENDING,,,,,,,https://receipts.brim.example/000777.pdf,,False
TXN-003086,****-****-****-4008,TIM HORTONS #882,46.86,64.62,USD,1.379,2025-11-13 09:27:00,5814,Fast Food Restaurants,TXC-008,EMP008,Eric Tran,Operations,EMP003,4,APPROVED,,,,,,,https://receipts.brim.example/003086.pdf,,True
TXN-002064,****-****-****-4009,HOME DEPOT 88,43.42,59.88,USD,1.379,2025-11-13 09:31:00,5300,Wholesale Clubs,TXC-009,EMP009,Grace Lee,Operations,EMP008,3,APPROVED,,,,,,,https://receipts.brim.example/002064.pdf,,True
TXN-003099,****-****-****-4009,QUICK FUEL STOP,46.79,64.52,USD,1.379,2025-11-13 09:57:00,5541,Service Stations,TXC-009,EMP009,Grace Lee,Operations,EMP008,3,APPROVED,,,,,,,https://receipts.brim.example/003099.pdf,,True
TXN-002082,****-****-****-4007,A&W STORE 551,19.13,26.38,USD,1.379,2025-11-13 10:12:00,5812,Eating Places & Restaurants,TXC-007,EMP007,Carol White,Finance,EMP004,2,APPROVED,,,,,,,https://receipts.brim.example/002082.pdf,,True
TXN-004290,****-****-****-4009,SUBWAY 40021,52.18,71.96,USD,1.379,2025-11-13 12:07:00,5814,Fast Food Restaurants,TXC-009,EMP009,Grace Lee,Operations,EMP008,3,APPROVED,,,,,,,https://receipts.brim.example/004290.pdf,,True
TXN-002789,****-****-****-4009,SHELL DT #4421,167.69,231.24,USD,1.379,2025-11-13 14:13:00,5172,Petroleum & Petroleum Products,TXC-009,EMP009,Grace Lee,Operations,EMP008,3,PENDING,,,,,,,https://receipts.brim.example/002789.pdf,,False
TXN-003257,****-****-****-4003,SUPER 8 MOTEL,182.45,251.6,USD,1.379,2025-11-13 14:33:00,7011,"Hotels, Motels & Resorts",TXC-003,EMP003,Marcus Webb,Operations,EMP001,5,APPROVED,,,,,,,https://receipts.brim.example/003257.pdf,TRIP-0215,True
TXN-002569,****-****-****-4007,SUBWAY 40021,36.88,50.86,USD,1.379,2025-11-13 16:07:00,5814,Fast Food Restaurants,TXC-007,EMP007,Carol White,Finance,EMP004,2,APPROVED,,,,,,,https://receipts.brim.example/002569.pdf,,True
TXN-004190,****-****-****-4004,GOOGLE WORKSPACE,269.0,370.95,USD,1.379,2025-11-13 17:46:00,4814,Telecom Services,TXC-004,EMP004,Alice Chen,Finance,EMP002,4,APPROVED,,,,,,,https://receipts.brim.example/004190.pdf,,True
TXN-001616,****-****-****-4002,GRAND & TOY 5,144.25,198.92,USD,1.379,2025-11-13 18:01:00,5111,Stationery & Office Supplies,TXC-002,EMP002,Priya Nair,Finance,EMP001,5,APPROVED,,,,,,,https://receipts.brim.example/001616.pdf,,True
TXN-003415,****-****-****-4007,DAYS INN 209,201.07,277.28,USD,1.379,2025-11-13 18:39:00,7011,"Hotels, Motels & Resorts",TXC-007,EMP007,Carol White,Finance,EMP004,2,PENDING,,,,,,,https://receipts.brim.example/003415.pdf,TRIP-0224,False
TXN-004058,****-****-****-4007,ROADSIDE GRILL CO,24.47,33.74,USD,1.379,2025-11-13 19:37:00,5812,Eating Places & Restaurants,TXC-007,EMP007,Carol White,Finance,EMP004,2,APPROVED,,,,,,,https://receipts.brim.example/004058.pdf,,True
TXN-002883,****-****-****-4002,MIDAS AUTO 21,100.54,138.64,USD,1.379,2025-11-13 20:29:00,7538,Automotive Service Shops,TXC-002,EMP002,Priya Nair,Finance,EMP001,5,APPROVED,,,,,,,https://receipts.brim.example/002883.pdf,,True
TXN-001117,****-****-****-4007,SHELL DT #4421,51.76,71.38,USD,1.379,2025-11-13 21:37:00,5541,Service Stations,TXC-007,EMP007,Carol White,Finance,EMP004,2,APPROVED,,,,,,,https://receipts.brim.example/001117.pdf,,True
TXN-004080,****-****-****-4009,QUICK FUEL STOP,48.86,67.38,USD,1.379,2025-11-13 21:44:00,5172,Petroleum & Petroleum Products,TXC-009,EMP009,Grace Lee,Operations,EMP008,3,APPROVED,,,,,,,https://receipts.brim.example/004080.pdf,,True
TXN-000244,****-****-****-4004,SUBWAY 40021,30.94,42.67,USD,1.379,2025-11-14 05:56:00,5812,Eating Places & Restaurants,TXC-004,EMP004,Alice Chen,Finance,EMP002,4,APPROVED,,,,,,,https://receipts.brim.example/000244.pdf,TRIP-0014,True
TXN-002264,****-****-****-4004,PILOT TRAVEL 209,46.29,63.83,USD,1.379,2025-11-14 07:02:00,5172,Petroleum & Petroleum Products,TXC-004,EMP004,Alice Chen,Finance,EMP002,4,APPROVED,,,,,,,https://receipts.brim.example/002264.pdf,TRIP-0152,True
TXN-000176,****-****-****-4004,TIM HORTONS #882,10.4,14.34,USD,1.379,2025-11-14 07:44:00,5814,Fast Food Restaurants,TXC-004,EMP004,Alice Chen,Finance,EMP002,4,APPROVED,,,,,,,https://receipts.brim.example/000176.pdf,,True
TXN-004186,****-****-****-4004,SHELL DT #4421,28.2,38.89,USD,1.379,2025-11-14 07:46:00,5541,Service Stations,TXC-004,EMP004,Alice Chen,Finance,EMP002,4,APPROVED,,,,,,,https://receipts.brim.example/004186.pdf,,True
TXN-000001,****-****-****-4009,QUICK FUEL STOP,49.5,68.26,USD,1.379,2025-11-14 09:00:00,5541,Service Stations,TXC-009,EMP009,Grace Lee,Operations,EMP008,3,APPROVED,,,,,,,https://receipts.brim.example/000001.pdf,,True
TXN-000081,****-****-****-4005,ALPHA CONSULTING GROUP,1340.2,1848.14,USD,1.379,2025-11-14 10:00:00,4814,Telecom Services,TXC-005,EMP005,Dana Park,Finance,EMP002,3,APPROVED,,,,,,,https://receipts.brim.example/000081.pdf,,True
TXN-000922,****-****-****-4004,BOSTON PIZZA 12,18.42,25.4,USD,1.379,2025-11-14 10:58:00,5812,Eating Places & Restaurants,TXC-004,EMP004,Alice Chen,Finance,EMP002,4,APPROVED,,,,,,,https://receipts.brim.example/000922.pdf,,True
TXN-003770,****-****-****-4008,ESSO RETAIL 113,50.51,69.65,USD,1.379,2025-11-14 13:09:00,5541,Service Stations,TXC-008,EMP008,Eric Tran,Operations,EMP003,4,APPROVED,,,,,,,https://receipts.brim.example/003770.pdf,,True
TXN-001259,****-****-****-4009,MCDONALDS DT QPS,16.79,23.15,USD,1.379,2025-11-14 13:27:00,5814,Fast Food Restaurants,TXC-009,EMP009,Grace Lee,Operations,EMP008,3,APPROVED,,,,,,,https://receipts.brim.example/001259.pdf,TRIP-0085,True
TXN-001720,****-****-****-4008,QUICK FUEL STOP,35.3,48.68,USD,1.379,2025-11-14 13:27:00,5172,Petroleum & Petroleum Products,TXC-008,EMP008,Eric Tran,Operations,EMP003,4,APPROVED,,,,,,,https://receipts.brim.example/001720.pdf,,True
TXN-003417,****-****-****-4007,MCDONALDS DT QPS,30.44,41.98,USD,1.379,2025-11-14 14:13:00,5814,Fast Food Restaurants,TXC-007,EMP007,Carol White,Finance,EMP004,2,APPROVED,,,,,,,https://receipts.brim.example/003417.pdf,TRIP-0224,True
TXN-002946,****-****-****-4009,PETRO-CANADA 8821,92.11,127.02,USD,1.379,2025-11-14 14:20:00,5541,Service Stations,TXC-009,EMP009,Grace Lee,Operations,EMP008,3,APPROVED,,,,,,,https://receipts.brim.example/002946.pdf,,True
TXN-003962,****-****-****-4007,PILOT TRAVEL 209,42.58,58.72,USD,1.379,2025-11-14 15:21:00,5172,Petroleum & Petroleum Products,TXC-007,EMP007,Carol White,Finance,EMP004,2,APPROVED,,,,,,,https://receipts.brim.example/003962.pdf,,True
TXN-002799,****-****-****-4008,PILOT TRAVEL 209,138.71,191.28,USD,1.379,2025-11-14 16:02:00,5172,Petroleum & Petroleum Products,TXC-008,EMP008,Eric Tran,Operations,EMP003,4,APPROVED,,,,,,,https://receipts.brim.example/002799.pdf,TRIP-0184,True
TXN-000686,****-****-****-4007,ULTRAMAR 55,37.66,51.93,USD,1.379,2025-11-14 16:19:00,5172,Petroleum & Petroleum Products,TXC-007,EMP007,Carol White,Finance,EMP004,2,APPROVED,,,,,,,https://receipts.brim.example/000686.pdf,,True
TXN-000002,****-****-****-4009,ULTRAMAR 55,49.5,68.26,USD,1.379,2025-11-14 16:30:00,5541,Service Stations,TXC-009,EMP009,Grace Lee,Operations,EMP008,3,APPROVED,,,,,,,https://receipts.brim.example/000002.pdf,,True
TXN-004269,****-****-****-4008,BEST BUY 112,89.17,122.97,USD,1.379,2025-11-14 17:18:00,5045,Computers & Peripherals,TXC-008,EMP008,Eric Tran,Operations,EMP003,4,APPROVED,,,,,,,https://receipts.brim.example/004269.pdf,,True
TXN-003845,****-****-****-4009,FLYING J #771,41.29,56.94,USD,1.379,2025-11-14 17:36:00,5172,Petroleum & Petroleum Products,TXC-009,EMP009,Grace Lee,Operations,EMP008,3,APPROVED,,,,,,,https://receipts.brim.example/003845.pdf,,True
TXN-001668,****-****-****-4003,MCDONALDS DT QPS,36.2,49.92,USD,1.379,2025-11-14 19:40:00,5814,Fast Food Restaurants,TXC-003,EMP003,Marcus Webb,Operations,EMP001,5,APPROVED,,,,,,,https://receipts.brim.example/001668.pdf,,True
TXN-002081,****-****-****-4001,BEST WESTERN 71,210.37,290.1,USD,1.379,2025-11-14 20:35:00,7011,"Hotels, Motels & Resorts",TXC-001,EMP001,Olivia Reyes,Executive,,6,APPROVED,,,,,,,https://receipts.brim.example/002081.pdf,,True
TXN-002385,****-****-****-4001,ULTRAMAR 55,61.56,84.89,USD,1.379,2025-11-14 21:26:00,5541,Service Stations,TXC-001,EMP001,Olivia Reyes,Executive,,6,APPROVED,,,,,,,https://receipts.brim.example/002385.pdf,,True
TXN-000003,****-****-****-4009,ESSO RETAIL 113,49.5,68.26,USD,1.379,2025-11-15 00:00:00,5541,Service Stations,TXC-009,EMP009,Grace Lee,Operations,EMP008,3,APPROVED,,,,,,,https://receipts.brim.example/000003.pdf,,True
TXN-001349,****-****-****-4004,ESSO RETAIL 113,45.44,62.66,USD,1.379,2025-11-15 07:17:00,5172,Petroleum & Petroleum Products,TXC-004,EMP004,Alice Chen,Finance,EMP002,4,APPROVED,,,,,,,https://receipts.brim.example/001349.pdf,,True
TXN-000004,****-****-****-4009,QUICK FUEL STOP,49.5,68.26,USD,1.379,2025-11-15 07:30:00,5541,Service Stations,TXC-009,EMP009,Grace Lee,Operations,EMP008,3,APPROVED,,,,,,,https://receipts.brim.example/000004.pdf,,True
TXN-002334,****-****-****-4002,ROADSIDE GRILL CO,21.74,29.98,USD,1.379,2025-11-15 07:46:00,5812,Eating Places & Restaurants,TXC-002,EMP002,Priya Nair,Finance,EMP001,5,APPROVED,,,,,,,https://receipts.brim.example/002334.pdf,,True
TXN-000837,****-****-****-4008,TIM HORTONS #882,25.55,35.23,USD,1.379,2025-11-15 08:18:00,5812,Eating Places & Restaurants,TXC-008,EMP008,Eric Tran,Operations,EMP003,4,APPROVED,,,,,,,https://receipts.brim.example/000837.pdf,,True
TXN-000432,****-****-****-4008,PILOT TRAVEL 209,64.32,88.7,USD,1.379,2025-11-15 09:33:00,5541,Service Stations,TXC-008,EMP008,Eric Tran,Operations,EMP003,4,APPROVED,,,,,,,https://receipts.brim.example/000432.pdf,,True
TXN-000683,****-****-****-4003,BOSTON PIZZA 12,41.7,57.5,USD,1.379,2025-11-15 09:37:00,5814,Fast Food Restaurants,TXC-003,EMP003,Marcus Webb,Operations,EMP001,5,APPROVED,,,,,,,https://receipts.brim.example/000683.pdf,,True
TXN-003712,****-****-****-4008,QUICK FUEL STOP,44.31,61.1,USD,1.379,2025-11-15 10:10:00,5172,Petroleum & Petroleum Products,TXC-008,EMP008,Eric Tran,Operations,EMP003,4,APPROVED,,,,,,,https://receipts.brim.example/003712.pdf,,True
TXN-000242,****-****-****-4004,HOLIDAY INN EXPRESS,157.52,217.22,USD,1.379,2025-11-15 10:11:00,7011,"Hotels, Motels & Resorts",TXC-004,EMP004,Alice Chen,Finance,EMP002,4,APPROVED,,,,,,,https://receipts.brim.example/000242.pdf,TRIP-0014,True
TXN-003468,****-****-****-4008,ESSO RETAIL 113,26.28,36.24,USD,1.379,2025-11-15 10:53:00,5172,Petroleum & Petroleum Products,TXC-008,EMP008,Eric Tran,Operations,EMP003,4,APPROVED,,,,,,,https://receipts.brim.example/003468.pdf,,True
TXN-001552,****-****-****-4004,SUBWAY 40021,10.64,14.67,USD,1.379,2025-11-15 11:12:00,5812,Eating Places & Restaurants,TXC-004,EMP004,Alice Chen,Finance,EMP002,4,APPROVED,,,,,,,https://receipts.brim.example/001552.pdf,,True
TXN-000034,****-****-****-4006,MCDONALDS DT QPS,58.7,80.95,USD,1.379,2025-11-15 12:00:00,5111,Stationery & Office Supplies,TXC-006,EMP006,Bob Kumar,Finance,EMP004,2,APPROVED,,,,,,,https://receipts.brim.example/000034.pdf,,True
TXN-000317,****-****-****-4001,GRAND & TOY 5,165.96,228.86,USD,1.379,2025-11-15 12:02:00,5111,Stationery & Office Supplies,TXC-001,EMP001,Olivia Reyes,Executive,,6,APPROVED,,,,,,,https://receipts.brim.example/000317.pdf,,True
TXN-002060,****-****-****-4004,QUICK FUEL STOP,42.44,58.52,USD,1.379,2025-11-15 12:52:00,5541,Service Stations,TXC-004,EMP004,Alice Chen,Finance,EMP002,4,APPROVED,,,,,,,https://receipts.brim.example/002060.pdf,,True
TXN-004084,****-****-****-4009,SHELL DT #4421,33.9,46.75,USD,1.379,2025-11-15 13:32:00,5541,Service Stations,TXC-009,EMP009,Grace Lee,Operations,EMP008,3,APPROVED,,,,,,,https://receipts.brim.example/004084.pdf,,True
TXN-002798,****-****-****-4008,BEST WESTERN 71,132.64,182.91,USD,1.379,2025-11-15 13:43:00,7011,"Hotels, Motels & Resorts",TXC-008,EMP008,Eric Tran,Operations,EMP003,4,APPROVED,,,,,,,https://receipts.brim.example/002798.pdf,TRIP-0184,True
TXN-000005,****-****-****-4009,ULTRAMAR 55,49.5,68.26,USD,1.379,2025-11-15 15:00:00,5541,Service Stations,TXC-009,EMP009,Grace Lee,Operations,EMP008,3,APPROVED,,,,,,,https://receipts.brim.example/000005.pdf,,True
TXN-000159,****-****-****-4003,DAYS INN 209,96.05,132.45,USD,1.379,2025-11-15 17:20:00,7011,"Hotels, Motels & Resorts",TXC-003,EMP003,Marcus Webb,Operations,EMP001,5,APPROVED,,,,,,,https://receipts.brim.example/000159.pdf,,True
TXN-001566,****-****-****-4008,BOSTON PIZZA 12,21.52,29.68,USD,1.379,2025-11-15 17:57:00,5814,Fast Food Restaurants,TXC-008,EMP008,Eric Tran,Operations,EMP003,4,APPROVED,,,,,,,https://receipts.brim.example/001566.pdf,,True
TXN-003296,****-****-****-4009,PILOT TRAVEL 209,34.2,47.16,USD,1.379,2025-11-15 19:00:00,5172,Petroleum & Petroleum Products,TXC-009,EMP009,Grace Lee,Operations,EMP008,3,APPROVED,,,,,,,https://receipts.brim.example/003296.pdf,,True
TXN-001162,****-****-****-4009,AWS MEMB,79.18,109.19,USD,1.379,2025-11-15 19:20:00,4814,Telecom Services,TXC-009,EMP009,Grace Lee,Operations,EMP008,3,APPROVED,,,,,,,https://receipts.brim.example/001162.pdf,,True
TXN-003418,****-****-****-4007,WENDYS 7781,27.88,38.45,USD,1.379,2025-11-15 19:22:00,5814,Fast Food Restaurants,TXC-007,EMP007,Carol White,Finance,EMP004,2,APPROVED,,,,,,,https://receipts.brim.example/003418.pdf,TRIP-0224,True
TXN-000172,****-****-****-4009,BEST BUY 112,62.82,86.63,USD,1.379,2025-11-15 21:14:00,5045,Computers & Peripherals,TXC-009,EMP009,Grace Lee,Operations,EMP008,3,APPROVED,,,,,,,https://receipts.brim.example/000172.pdf,,True
TXN-002674,****-****-****-4001,GREEN P PARKING,20.92,28.85,USD,1.379,2025-11-15 21:33:00,4131,Bus Lines / Tolls,TXC-001,EMP001,Olivia Reyes,Executive,,6,APPROVED,,,,,,,https://receipts.brim.example/002674.pdf,,True
TXN-001429,****-****-****-4001,PETRO-CANADA 8821,30.87,42.57,USD,1.379,2025-11-15 21:36:00,5172,Petroleum & Petroleum Products,TXC-001,EMP001,Olivia Reyes,Executive,,6,APPROVED,,,,,,,https://receipts.brim.example/001429.pdf,,True
TXN-000006,****-****-****-4009,ESSO RETAIL 113,49.5,68.26,USD,1.379,2025-11-15 22:30:00,5541,Service Stations,TXC-009,EMP009,Grace Lee,Operations,EMP008,3,APPROVED,,,,,,,https://receipts.brim.example/000006.pdf,,True
TXN-000007,****-****-****-4009,QUICK FUEL STOP,49.5,68.26,USD,1.379,2025-11-16 06:00:00,5541,Service Stations,TXC-009,EMP009,Grace Lee,Operations,EMP008,3,APPROVED,,,,,,,https://receipts.brim.example/000007.pdf,,True
TXN-000245,****-****-****-4004,ROADSIDE GRILL CO,6.39,8.81,USD,1.379,2025-11-16 08:17:00,5814,Fast Food Restaurants,TXC-004,EMP004,Alice Chen,Finance,EMP002,4,APPROVED,,,,,,,https://receipts.brim.example/000245.pdf,TRIP-0014,True
TXN-002271,****-****-****-4003,407 ETR TOLL,21.1,29.1,USD,1.379,2025-11-16 08:42:00,7523,Parking Lots & Garages,TXC-003,EMP003,Marcus Webb,Operations,EMP001,5,APPROVED,,,,,,,https://receipts.brim.example/002271.pdf,,True
TXN-003395,****-****-****-4007,SHELL DT #4421,49.57,68.36,USD,1.379,2025-11-16 10:22:00,5541,Service Stations,TXC-007,EMP007,Carol White,Finance,EMP004,2,APPROVED,,,,,,,https://receipts.brim.example/003395.pdf,,True
TXN-003868,****-****-****-4008,KAL TIRE 9,211.06,291.05,USD,1.379,2025-11-16 10:32:00,7538,Automotive Service Shops,TXC-008,EMP008,Eric Tran,Operations,EMP003,4,APPROVED,,,,,,,https://receipts.brim.example/003868.pdf,,True
TXN-000644,****-****-****-4003,COMFORT INN 442,66.06,91.1,USD,1.379,2025-11-16 12:15:00,7011,"Hotels, Motels & Resorts",TXC-003,EMP003,Marcus Webb,Operations,EMP001,5,APPROVED,,,,,,,https://receipts.brim.example/000644.pdf,,True
TXN-002049,****-****-****-4008,HOME DEPOT 88,133.8,184.51,USD,1.379,2025-11-16 13:08:00,5300,Wholesale Clubs,TXC-008,EMP008,Eric Tran,Operations,EMP003,4,APPROVED,,,,,,,https://receipts.brim.example/002049.pdf,,True
TXN-000243,****-****-****-4004,SHELL DT #4421,93.94,129.54,USD,1.379,2025-11-16 13:12:00,5541,Service Stations,TXC-004,EMP004,Alice Chen,Finance,EMP002,4,APPROVED,,,,,,,https://receipts.brim.example/000243.pdf,TRIP-0014,True
TXN-000008,****-****-****-4009,ULTRAMAR 55,49.5,68.26,USD,1.379,2025-11-16 13:30:00,5541,Service Stations,TXC-009,EMP009,Grace Lee,Operations,EMP008,3,APPROVED,,,,,,,https://receipts.brim.example/000008.pdf,,True
TXN-004017,****-****-****-4009,QUICK FUEL STOP,239.76,330.63,USD,1.379,2025-11-16 14:48:00,5541,Service Stations,TXC-009,EMP009,Grace Lee,Operations,EMP008,3,PENDING,,,,,,,https://receipts.brim.example/004017.pdf,,False
TXN-001848,****-****-****-4008,ESSO RETAIL 113,71.56,98.68,USD,1.379,2025-11-16 15:07:00,5541,Service Stations,TXC-008,EMP008,Eric Tran,Operations,EMP003,4,APPROVED,,,,,,,https://receipts.brim.example/001848.pdf,,True
TXN-001126,****-****-****-4004,ROGERS WIRELESS,55.88,77.06,USD,1.379,2025-11-16 15:13:00,4814,Telecom Services,TXC-004,EMP004,Alice Chen,Finance,EMP002,4,APPROVED,,,,,,,https://receipts.brim.example/001126.pdf,,True
TXN-004294,****-****-****-4001,ULTRAMAR 55,73.16,100.89,USD,1.379,2025-11-16 15:18:00,5172,Petroleum & Petroleum Products,TXC-001,EMP001,Olivia Reyes,Executive,,6,APPROVED,,,,,,,https://receipts.brim.example/004294.pdf,,True
TXN-001258,****-****-****-4009,SUPER 8 MOTEL,123.56,170.39,USD,1.379,2025-11-16 15:37:00,7011,"Hotels, Motels & Resorts",TXC-009,EMP009,Grace Lee,Operations,EMP008,3,APPROVED,,,,,,,https://receipts.brim.example/001258.pdf,TRIP-0085,True
TXN-001729,****-****-****-4009,ESSO RETAIL 113,186.25,256.84,USD,1.379,2025-11-16 16:41:00,5172,Petroleum & Petroleum Products,TXC-009,EMP009,Grace Lee,Operations,EMP008,3,PENDING,,,,,,,https://receipts.brim.example/001729.pdf,,False
TXN-000471,****-****-****-4004,BEST BUY 112,189.08,260.74,USD,1.379,2025-11-16 18:04:00,5300,Wholesale Clubs,TXC-004,EMP004,Alice Chen,Finance,EMP002,4,PENDING,,,,,,,https://receipts.brim.example/000471.pdf,,False
TXN-002448,****-****-****-4007,GRAND & TOY 5,46.77,64.5,USD,1.379,2025-11-16 18:59:00,5943,Stationery & Writing Supplies,TXC-007,EMP007,Carol White,Finance,EMP004,2,APPROVED,,,,,,,https://receipts.brim.example/002448.pdf,,True
TXN-004253,****-****-****-4009,ESSO RETAIL 113,51.04,70.38,USD,1.379,2025-11-16 19:09:00,5172,Petroleum & Petroleum Products,TXC-009,EMP009,Grace Lee,Operations,EMP008,3,APPROVED,,,,,,,https://receipts.brim.example/004253.pdf,,True
TXN-001316,****-****-****-4003,MICROSOFT 365,147.46,203.35,USD,1.379,2025-11-16 21:14:00,5734,Computer Software Stores,TXC-003,EMP003,Marcus Webb,Operations,EMP001,5,PENDING,,,,,,,https://receipts.brim.example/001316.pdf,,False
TXN-002693,****-****-****-4003,QUICK FUEL STOP,44.7,61.64,USD,1.379,2025-11-16 21:41:00,5541,Service Stations,TXC-003,EMP003,Marcus Webb,Operations,EMP001,5,APPROVED,,,,,,,https://receipts.brim.example/002693.pdf,,True
TXN-003760,****-****-****-4009,TIM HORTONS #882,14.55,20.06,USD,1.379,2025-11-16 21:46:00,5814,Fast Food Restaurants,TXC-009,EMP009,Grace Lee,Operations,EMP008,3,APPROVED,,,,,,,https://receipts.brim.example/003760.pdf,,True
TXN-003767,****-****-****-4002,SHELL DT #4421,38.87,53.6,USD,1.379,2025-11-17 08:04:00,5172,Petroleum & Petroleum Products,TXC-002,EMP002,Priya Nair,Finance,EMP001,5,APPROVED,,,,,,,https://receipts.brim.example/003767.pdf,,True
TXN-002420,****-****-****-4007,PETRO-CANADA 8821,59.35,81.84,USD,1.379,2025-11-17 08:32:00,5172,Petroleum & Petroleum Products,TXC-007,EMP007,Carol White,Finance,EMP004,2,APPROVED,,,,,,,https://receipts.brim.example/002420.pdf,,True
TXN-002766,****-****-****-4004,FLYING J #771,43.47,59.95,USD,1.379,2025-11-17 08:55:00,5541,Service Stations,TXC-004,EMP004,Alice Chen,Finance,EMP002,4,APPROVED,,,,,,,https://receipts.brim.example/002766.pdf,,True
TXN-003352,****-****-****-4008,GREEN P PARKING,17.54,24.19,USD,1.379,2025-11-17 09:57:00,7523,Parking Lots & Garages,TXC-008,EMP008,Eric Tran,Operations,EMP003,4,APPROVED,,,,,,,https://receipts.brim.example/003352.pdf,,True
TXN-001176,****-****-****-4004,MCDONALDS DT QPS,42.47,58.57,USD,1.379,2025-11-17 10:18:00,5814,Fast Food Restaurants,TXC-004,EMP004,Alice Chen,Finance,EMP002,4,APPROVED,,,,,,,https://receipts.brim.example/001176.pdf,,True
TXN-001345,****-****-****-4009,BOSTON PIZZA 12,22.06,30.42,USD,1.379,2025-11-17 11:24:00,5812,Eating Places & Restaurants,TXC-009,EMP009,Grace Lee,Operations,EMP008,3,APPROVED,,,,,,,https://receipts.brim.example/001345.pdf,,True
TXN-001098,****-****-****-4008,PETRO-CANADA 8821,55.06,75.93,USD,1.379,2025-11-17 13:20:00,5541,Service Stations,TXC-008,EMP008,Eric Tran,Operations,EMP003,4,APPROVED,,,,,,,https://receipts.brim.example/001098.pdf,,True
TXN-002805,****-****-****-4009,WENDYS 7781,16.06,22.15,USD,1.379,2025-11-17 14:22:00,5814,Fast Food Restaurants,TXC-009,EMP009,Grace Lee,Operations,EMP008,3,APPROVED,,,,,,,https://receipts.brim.example/002805.pdf,,True
TXN-003219,****-****-****-4008,WENDYS 7781,33.56,46.28,USD,1.379,2025-11-17 15:38:00,5812,Eating Places & Restaurants,TXC-008,EMP008,Eric Tran,Operations,EMP003,4,APPROVED,,,,,,,https://receipts.brim.example/003219.pdf,,True
TXN-001153,****-****-****-4003,ULTRAMAR 55,56.21,77.51,USD,1.379,2025-11-17 17:10:00,5172,Petroleum & Petroleum Products,TXC-003,EMP003,Marcus Webb,Operations,EMP001,5,APPROVED,,,,,,,https://receipts.brim.example/001153.pdf,,True
TXN-002909,****-****-****-4004,FLYING J #771,51.34,70.8,USD,1.379,2025-11-17 17:14:00,5541,Service Stations,TXC-004,EMP004,Alice Chen,Finance,EMP002,4,APPROVED,,,,,,,https://receipts.brim.example/002909.pdf,,True
TXN-002802,****-****-****-4007,SHELL DT #4421,81.3,112.11,USD,1.379,2025-11-17 17:20:00,5541,Service Stations,TXC-007,EMP007,Carol White,Finance,EMP004,2,APPROVED,,,,,,,https://receipts.brim.example/002802.pdf,,True
TXN-000782,****-****-****-4009,ESSO RETAIL 113,55.11,76.0,USD,1.379,2025-11-17 19:22:00,5172,Petroleum & Petroleum Products,TXC-009,EMP009,Grace Lee,Operations,EMP008,3,APPROVED,,,,,,,https://receipts.brim.example/000782.pdf,,True
TXN-002973,****-****-****-4004,BOSTON PIZZA 12,19.33,26.66,USD,1.379,2025-11-18 06:59:00,5812,Eating Places & Restaurants,TXC-004,EMP004,Alice Chen,Finance,EMP002,4,APPROVED,,,,,,,https://receipts.brim.example/002973.pdf,TRIP-0194,True
TXN-002245,****-****-****-4009,KAL TIRE 9,177.07,244.18,USD,1.379,2025-11-18 07:43:00,7531,Auto Body Repair Shops,TXC-009,EMP009,Grace Lee,Operations,EMP008,3,APPROVED,,,,,,,https://receipts.brim.example/002245.pdf,,True
TXN-000423,****-****-****-4007,BOSTON PIZZA 12,13.74,18.95,USD,1.379,2025-11-18 08:29:00,5814,Fast Food Restaurants,TXC-007,EMP007,Carol White,Finance,EMP004,2,APPROVED,,,,,,,https://receipts.brim.example/000423.pdf,,True
TXN-002731,****-****-****-4008,ULTRAMAR 55,55.13,76.02,USD,1.379,2025-11-18 12:48:00,5541,Service Stations,TXC-008,EMP008,Eric Tran,Operations,EMP003,4,APPROVED,,,,,,,https://receipts.brim.example/002731.pdf,,True
TXN-001408,****-****-****-4008,SHELL DT #4421,24.01,33.11,USD,1.379,2025-11-18 13:45:00,5172,Petroleum & Petroleum Products,TXC-008,EMP008,Eric Tran,Operations,EMP003,4,APPROVED,,,,,,,https://receipts.brim.example/001408.pdf,,True
TXN-000456,****-****-****-4008,MCDONALDS DT QPS,12.24,16.88,USD,1.379,2025-11-18 13:53:00,5814,Fast Food Restaurants,TXC-008,EMP008,Eric Tran,Operations,EMP003,4,APPROVED,,,,,,,https://receipts.brim.example/000456.pdf,,True
TXN-001595,****-****-****-4008,ESSO RETAIL 113,54.24,74.8,USD,1.379,2025-11-18 17:34:00,5172,Petroleum & Petroleum Products,TXC-008,EMP008,Eric Tran,Operations,EMP003,4,APPROVED,,,,,,,https://receipts.brim.example/001595.pdf,,True
TXN-003202,****-****-****-4007,HOLIDAY INN EXPRESS,151.83,209.37,USD,1.379,2025-11-18 18:51:00,7011,"Hotels, Motels & Resorts",TXC-007,EMP007,Carol White,Finance,EMP004,2,APPROVED,,,,,,,https://receipts.brim.example/003202.pdf,TRIP-0209,True
TXN-001738,****-****-****-4007,PETRO-CANADA 8821,107.99,148.92,USD,1.379,2025-11-18 18:53:00,5172,Petroleum & Petroleum Products,TXC-007,EMP007,Carol White,Finance,EMP004,2,APPROVED,,,,,,,https://receipts.brim.example/001738.pdf,,True
TXN-003795,****-****-****-4009,SHELL DT #4421,44.98,62.03,USD,1.379,2025-11-18 20:06:00,5172,Petroleum & Petroleum Products,TXC-009,EMP009,Grace Lee,Operations,EMP008,3,APPROVED,,,,,,,https://receipts.brim.example/003795.pdf,,True
TXN-003173,****-****-****-4009,SHELL DT #4421,47.7,65.78,USD,1.379,2025-11-19 07:44:00,5541,Service Stations,TXC-009,EMP009,Grace Lee,Operations,EMP008,3,APPROVED,,,,,,,https://receipts.brim.example/003173.pdf,,True
TXN-002272,****-****-****-4008,MCDONALDS DT QPS,14.37,19.82,USD,1.379,2025-11-19 08:41:00,5814,Fast Food Restaurants,TXC-008,EMP008,Eric Tran,Operations,EMP003,4,APPROVED,,,,,,,https://receipts.brim.example/002272.pdf,,True
TXN-001177,****-****-****-4003,ESSO RETAIL 113,65.51,90.34,USD,1.379,2025-11-19 08:51:00,5541,Service Stations,TXC-003,EMP003,Marcus Webb,Operations,EMP001,5,APPROVED,,,,,,,https://receipts.brim.example/001177.pdf,,True
TXN-002414,****-****-****-4001,ROADSIDE GRILL CO,8.0,11.03,USD,1.379,2025-11-19 10:18:00,5812,Eating Places & Restaurants,TXC-001,EMP001,Olivia Reyes,Executive,,6,APPROVED,,,,,,,https://receipts.brim.example/002414.pdf,,True
TXN-000705,****-****-****-4003,BEST WESTERN 71,79.11,109.09,USD,1.379,2025-11-19 10:43:00,7011,"Hotels, Motels & Resorts",TXC-003,EMP003,Marcus Webb,Operations,EMP001,5,APPROVED,,,,,,,https://receipts.brim.example/000705.pdf,,True
TXN-000235,****-****-****-4003,ROADSIDE GRILL CO,37.62,51.88,USD,1.379,2025-11-19 10:56:00,5812,Eating Places & Restaurants,TXC-003,EMP003,Marcus Webb,Operations,EMP001,5,APPROVED,,,,,,,https://receipts.brim.example/000235.pdf,TRIP-0013,True
TXN-002971,****-****-****-4004,BEST WESTERN 71,95.34,131.47,USD,1.379,2025-11-19 11:03:00,7011,"Hotels, Motels & Resorts",TXC-004,EMP004,Alice Chen,Finance,EMP002,4,APPROVED,,,,,,,https://receipts.brim.example/002971.pdf,TRIP-0194,True
TXN-002840,****-****-****-4002,DAYS INN 209,89.62,123.59,USD,1.379,2025-11-19 11:06:00,7011,"Hotels, Motels & Resorts",TXC-002,EMP002,Priya Nair,Finance,EMP001,5,APPROVED,,,,,,,https://receipts.brim.example/002840.pdf,,True
TXN-002230,****-****-****-4002,GREEN P PARKING,44.22,60.98,USD,1.379,2025-11-19 11:28:00,4131,Bus Lines / Tolls,TXC-002,EMP002,Priya Nair,Finance,EMP001,5,APPROVED,,,,,,,https://receipts.brim.example/002230.pdf,,True
TXN-004226,****-****-****-4009,BEST WESTERN 71,174.77,241.01,USD,1.379,2025-11-19 13:18:00,7011,"Hotels, Motels & Resorts",TXC-009,EMP009,Grace Lee,Operations,EMP008,3,APPROVED,,,,,,,https://receipts.brim.example/004226.pdf,,True
TXN-003889,****-****-****-4005,WENDYS 7781,44.91,61.93,USD,1.379,2025-11-19 15:57:00,5814,Fast Food Restaurants,TXC-005,EMP005,Dana Park,Finance,EMP002,3,APPROVED,,,,,,,https://receipts.brim.example/003889.pdf,,True
TXN-003728,****-****-****-4003,GREEN P PARKING,30.83,42.51,USD,1.379,2025-11-19 18:53:00,4131,Bus Lines / Tolls,TXC-003,EMP003,Marcus Webb,Operations,EMP001,5,APPROVED,,,,,,,https://receipts.brim.example/003728.pdf,,True
TXN-002382,****-****-****-4008,QUICK FUEL STOP,57.44,79.21,USD,1.379,2025-11-19 19:15:00,5172,Petroleum & Petroleum Products,TXC-008,EMP008,Eric Tran,Operations,EMP003,4,APPROVED,,,,,,,https://receipts.brim.example/002382.pdf,,True
TXN-003561,****-****-****-4009,PILOT TRAVEL 209,65.81,90.75,USD,1.379,2025-11-19 20:25:00,5172,Petroleum & Petroleum Products,TXC-009,EMP009,Grace Lee,Operations,EMP008,3,APPROVED,,,,,,,https://receipts.brim.example/003561.pdf,,True
TXN-000340,****-****-****-4008,QUICK FUEL STOP,114.16,157.43,USD,1.379,2025-11-19 20:55:00,5541,Service Stations,TXC-008,EMP008,Eric Tran,Operations,EMP003,4,APPROVED,,,,,,,https://receipts.brim.example/000340.pdf,,True
TXN-000035,****-****-****-4006,SHELL DT #4421,51.4,70.88,USD,1.379,2025-11-20 03:00:00,5943,Stationery & Writing Supplies,TXC-006,EMP006,Bob Kumar,Finance,EMP004,2,APPROVED,,,,,,,https://receipts.brim.example/000035.pdf,,True
TXN-002974,****-****-****-4004,ULTRAMAR 55,46.23,63.75,USD,1.379,2025-11-20 07:50:00,5541,Service Stations,TXC-004,EMP004,Alice Chen,Finance,EMP002,4,APPROVED,,,,,,,https://receipts.brim.example/002974.pdf,TRIP-0194,True
TXN-002042,****-****-****-4002,A&W STORE 551,37.32,51.46,USD,1.379,2025-11-20 08:48:00,5812,Eating Places & Restaurants,TXC-002,EMP002,Priya Nair,Finance,EMP001,5,APPROVED,,,,,,,https://receipts.brim.example/002042.pdf,,True
TXN-000251,****-****-****-4004,WENDYS 7781,29.98,41.34,USD,1.379,2025-11-20 09:15:00,5812,Eating Places & Restaurants,TXC-004,EMP004,Alice Chen,Finance,EMP002,4,APPROVED,,,,,,,https://receipts.brim.example/000251.pdf,TRIP-0015,True
TXN-003446,****-****-****-4004,PETRO-CANADA 8821,80.09,110.44,USD,1.379,2025-11-20 10:03:00,5172,Petroleum & Petroleum Products,TXC-004,EMP004,Alice Chen,Finance,EMP002,4,APPROVED,,,,,,,https://receipts.brim.example/003446.pdf,,True
TXN-001640,****-****-****-4007,WENDYS 7781,21.77,30.02,USD,1.379,2025-11-20 11:21:00,5814,Fast Food Restaurants,TXC-007,EMP007,Carol White,Finance,EMP004,2,APPROVED,,,,,,,https://receipts.brim.example/001640.pdf,,True
TXN-003875,****-****-****-4009,BOSTON PIZZA 12,36.48,50.31,USD,1.379,2025-11-20 12:18:00,5814,Fast Food Restaurants,TXC-009,EMP009,Grace Lee,Operations,EMP008,3,APPROVED,,,,,,,https://receipts.brim.example/003875.pdf,,True
TXN-000247,****-****-****-4004,QUICK FUEL STOP,21.34,29.43,USD,1.379,2025-11-20 13:49:00,5172,Petroleum & Petroleum Products,TXC-004,EMP004,Alice Chen,Finance,EMP002,4,APPROVED,,,,,,,https://receipts.brim.example/000247.pdf,,True
TXN-000082,****-****-****-4005,ALPHA CONSULTING GROUP,1560.8,2152.34,USD,1.379,2025-11-20 14:00:00,4814,Telecom Services,TXC-005,EMP005,Dana Park,Finance,EMP002,3,APPROVED,,,,,,,https://receipts.brim.example/000082.pdf,,True
TXN-000611,****-****-****-4002,QUICK FUEL STOP,16.9,23.31,USD,1.379,2025-11-20 14:06:00,5541,Service Stations,TXC-002,EMP002,Priya Nair,Finance,EMP001,5,APPROVED,,,,,,,https://receipts.brim.example/000611.pdf,,True
TXN-002920,****-****-****-4008,AMAZON MKTPLACE,72.66,100.2,USD,1.379,2025-11-20 14:20:00,5943,Stationery & Writing Supplies,TXC-008,EMP008,Eric Tran,Operations,EMP003,4,APPROVED,,,,,,,https://receipts.brim.example/002920.pdf,,True
TXN-003223,****-****-****-4008,PRECISE PARKLINK,41.96,57.86,USD,1.379,2025-11-20 15:39:00,7523,Parking Lots & Garages,TXC-008,EMP008,Eric Tran,Operations,EMP003,4,APPROVED,,,,,,,https://receipts.brim.example/003223.pdf,,True
TXN-001151,****-****-****-4007,ESSO RETAIL 113,52.68,72.65,USD,1.379,2025-11-20 15:44:00,5172,Petroleum & Petroleum Products,TXC-007,EMP007,Carol White,Finance,EMP004,2,APPROVED,,,,,,,https://receipts.brim.example/001151.pdf,,True
TXN-002598,****-****-****-4004,ULTRAMAR 55,72.23,99.61,USD,1.379,2025-11-20 18:17:00,5172,Petroleum & Petroleum Products,TXC-004,EMP004,Alice Chen,Finance,EMP002,4,APPROVED,,,,,,,https://receipts.brim.example/002598.pdf,,True
TXN-001194,****-****-****-4003,ESSO RETAIL 113,69.26,95.51,USD,1.379,2025-11-20 18:35:00,5172,Petroleum & Petroleum Products,TXC-003,EMP003,Marcus Webb,Operations,EMP001,5,APPROVED,,,,,,,https://receipts.brim.example/001194.pdf,,True
TXN-003243,****-****-****-4007,QUICK FUEL STOP,45.26,62.41,USD,1.379,2025-11-20 20:05:00,5541,Service Stations,TXC-007,EMP007,Carol White,Finance,EMP004,2,APPROVED,,,,,,,https://receipts.brim.example/003243.pdf,,True
TXN-001688,****-****-****-4009,A&W STORE 551,32.35,44.61,USD,1.379,2025-11-20 20:08:00,5812,Eating Places & Restaurants,TXC-009,EMP009,Grace Lee,Operations,EMP008,3,APPROVED,,,,,,,https://receipts.brim.example/001688.pdf,,True
TXN-003203,****-****-****-4007,ROADSIDE GRILL CO,14.3,19.72,USD,1.379,2025-11-20 20:16:00,5812,Eating Places & Restaurants,TXC-007,EMP007,Carol White,Finance,EMP004,2,APPROVED,,,,,,,https://receipts.brim.example/003203.pdf,TRIP-0209,True
TXN-004318,****-****-****-4007,ROADSIDE GRILL CO,24.51,33.8,USD,1.379,2025-11-20 21:25:00,5814,Fast Food Restaurants,TXC-007,EMP007,Carol White,Finance,EMP004,2,APPROVED,,,,,,,https://receipts.brim.example/004318.pdf,,True
TXN-003464,****-****-****-4008,COMFORT INN 442,117.27,161.72,USD,1.379,2025-11-20 21:57:00,7011,"Hotels, Motels & Resorts",TXC-008,EMP008,Eric Tran,Operations,EMP003,4,APPROVED,,,,,,,https://receipts.brim.example/003464.pdf,,True
TXN-002972,****-****-****-4004,PETRO-CANADA 8821,49.35,68.05,USD,1.379,2025-11-21 07:43:00,5172,Petroleum & Petroleum Products,TXC-004,EMP004,Alice Chen,Finance,EMP002,4,APPROVED,,,,,,,https://receipts.brim.example/002972.pdf,TRIP-0194,True
TXN-000232,****-****-****-4003,COMFORT INN 442,183.09,252.48,USD,1.379,2025-11-21 07:44:00,7011,"Hotels, Motels & Resorts",TXC-003,EMP003,Marcus Webb,Operations,EMP001,5,APPROVED,,,,,,,https://receipts.brim.example/000232.pdf,TRIP-0013,True
TXN-003761,****-****-****-4009,PRECISE PARKLINK,9.05,12.48,USD,1.379,2025-11-21 08:04:00,7523,Parking Lots & Garages,TXC-009,EMP009,Grace Lee,Operations,EMP008,3,APPROVED,,,,,,,https://receipts.brim.example/003761.pdf,,True
TXN-000234,****-****-****-4003,A&W STORE 551,55.48,76.51,USD,1.379,2025-11-21 09:15:00,5812,Eating Places & Restaurants,TXC-003,EMP003,Marcus Webb,Operations,EMP001,5,APPROVED,,,,,,,https://receipts.brim.example/000234.pdf,TRIP-0013,True
TXN-000472,****-****-****-4009,PETRO-CANADA 8821,59.69,82.31,USD,1.379,2025-11-21 10:05:00,5172,Petroleum & Petroleum Products,TXC-009,EMP009,Grace Lee,Operations,EMP008,3,APPROVED,,,,,,,https://receipts.brim.example/000472.pdf,,True
TXN-001447,****-****-****-4002,ULTRAMAR 55,69.97,96.49,USD,1.379,2025-11-21 12:05:00,5541,Service Stations,TXC-002,EMP002,Priya Nair,Finance,EMP001,5,APPROVED,,,,,,,https://receipts.brim.example/001447.pdf,,True
TXN-002336,****-****-****-4008,KAL TIRE 9,236.68,326.38,USD,1.379,2025-11-21 12:48:00,7531,Auto Body Repair Shops,TXC-008,EMP008,Eric Tran,Operations,EMP003,4,APPROVED,,,,,,,https://receipts.brim.example/002336.pdf,,True
TXN-001462,****-****-****-4003,GRAND & TOY 5,46.75,64.47,USD,1.379,2025-11-21 13:10:00,5111,Stationery & Office Supplies,TXC-003,EMP003,Marcus Webb,Operations,EMP001,5,APPROVED,,,,,,,https://receipts.brim.example/001462.pdf,,True
TXN-001468,****-****-****-4004,SHELL DT #4421,119.1,164.24,USD,1.379,2025-11-21 14:04:00,5541,Service Stations,TXC-004,EMP004,Alice Chen,Finance,EMP002,4,APPROVED,,,,,,,https://receipts.brim.example/001468.pdf,,True
TXN-000950,****-****-****-4003,QUICK FUEL STOP,126.88,174.97,USD,1.379,2025-11-21 14:40:00,5541,Service Stations,TXC-003,EMP003,Marcus Webb,Operations,EMP001,5,APPROVED,,,,,,,https://receipts.brim.example/000950.pdf,,True
TXN-000252,****-****-****-4004,SHELL DT #4421,39.08,53.89,USD,1.379,2025-11-21 15:27:00,5172,Petroleum & Petroleum Products,TXC-004,EMP004,Alice Chen,Finance,EMP002,4,APPROVED,,,,,,,https://receipts.brim.example/000252.pdf,TRIP-0015,True
TXN-003930,****-****-****-4005,GRAND & TOY 5,56.13,77.4,USD,1.379,2025-11-21 15:37:00,5111,Stationery & Office Supplies,TXC-005,EMP005,Dana Park,Finance,EMP002,3,APPROVED,,,,,,,https://receipts.brim.example/003930.pdf,,True
TXN-001503,****-****-****-4003,407 ETR TOLL,10.12,13.96,USD,1.379,2025-11-21 19:36:00,7523,Parking Lots & Garages,TXC-003,EMP003,Marcus Webb,Operations,EMP001,5,APPROVED,,,,,,,https://receipts.brim.example/001503.pdf,,True
TXN-001401,****-****-****-4007,PETRO-CANADA 8821,129.16,178.11,USD,1.379,2025-11-21 21:36:00,5172,Petroleum & Petroleum Products,TXC-007,EMP007,Carol White,Finance,EMP004,2,PENDING,,,,,,,https://receipts.brim.example/001401.pdf,,False
TXN-003442,****-****-****-4008,FLYING J #771,61.31,84.55,USD,1.379,2025-11-21 21:45:00,5172,Petroleum & Petroleum Products,TXC-008,EMP008,Eric Tran,Operations,EMP003,4,APPROVED,,,,,,,https://receipts.brim.example/003442.pdf,,True
TXN-000233,****-****-****-4003,A&W STORE 551,9.02,12.44,USD,1.379,2025-11-22 06:43:00,5814,Fast Food Restaurants,TXC-003,EMP003,Marcus Webb,Operations,EMP001,5,APPROVED,,,,,,,https://receipts.brim.example/000233.pdf,TRIP-0013,True
TXN-002730,****-****-****-4004,FLYING J #771,241.88,333.55,USD,1.379,2025-11-22 07:13:00,5541,Service Stations,TXC-004,EMP004,Alice Chen,Finance,EMP002,4,APPROVED,,,,,,,https://receipts.brim.example/002730.pdf,,True
TXN-001483,****-****-****-4008,CANADIAN TIRE 445,217.23,299.56,USD,1.379,2025-11-22 07:31:00,7531,Auto Body Repair Shops,TXC-008,EMP008,Eric Tran,Operations,EMP003,4,APPROVED,,,,,,,https://receipts.brim.example/001483.pdf,,True
TXN-002413,****-****-****-4008,PRECISE PARKLINK,10.52,14.51,USD,1.379,2025-11-22 07:40:00,7523,Parking Lots & Garages,TXC-008,EMP008,Eric Tran,Operations,EMP003,4,APPROVED,,,,,,,https://receipts.brim.example/002413.pdf,,True
TXN-000668,****-****-****-4003,SUBWAY 40021,28.63,39.48,USD,1.379,2025-11-22 07:51:00,5812,Eating Places & Restaurants,TXC-003,EMP003,Marcus Webb,Operations,EMP001,5,APPROVED,,,,,,,https://receipts.brim.example/000668.pdf,,True
TXN-000256,****-****-****-4002,SHELL DT #4421,39.67,54.7,USD,1.379,2025-11-22 08:29:00,5172,Petroleum & Petroleum Products,TXC-002,EMP002,Priya Nair,Finance,EMP001,5,APPROVED,,,,,,,https://receipts.brim.example/000256.pdf,,True
TXN-002605,****-****-****-4009,GRAND & TOY 5,22.0,30.34,USD,1.379,2025-11-22 08:56:00,5943,Stationery & Writing Supplies,TXC-009,EMP009,Grace Lee,Operations,EMP008,3,APPROVED,,,,,,,https://receipts.brim.example/002605.pdf,,True
TXN-002304,****-****-****-4008,ROGERS WIRELESS,64.21,88.55,USD,1.379,2025-11-22 09:31:00,5734,Computer Software Stores,TXC-008,EMP008,Eric Tran,Operations,EMP003,4,PENDING,,,,,,,https://receipts.brim.example/002304.pdf,,False
TXN-002090,****-****-****-4003,MICROSOFT 365,178.12,245.63,USD,1.379,2025-11-22 10:52:00,5734,Computer Software Stores,TXC-003,EMP003,Marcus Webb,Operations,EMP001,5,APPROVED,,,,,,,https://receipts.brim.example/002090.pdf,,True
TXN-003577,****-****-****-4009,QUICK FUEL STOP,84.54,116.58,USD,1.379,2025-11-22 11:18:00,5172,Petroleum & Petroleum Products,TXC-009,EMP009,Grace Lee,Operations,EMP008,3,APPROVED,,,,,,,https://receipts.brim.example/003577.pdf,,True
TXN-004111,****-****-****-4009,STAPLES #112,141.26,194.8,USD,1.379,2025-11-22 12:27:00,5943,Stationery & Writing Supplies,TXC-009,EMP009,Grace Lee,Operations,EMP008,3,APPROVED,,,,,,,https://receipts.brim.example/004111.pdf,,True
TXN-000184,****-****-****-4008,FLYING J #771,75.65,104.32,USD,1.379,2025-11-22 12:53:00,5172,Petroleum & Petroleum Products,TXC-008,EMP008,Eric Tran,Operations,EMP003,4,APPROVED,,,,,,,https://receipts.brim.example/000184.pdf,,True
TXN-000250,****-****-****-4004,DAYS INN 209,169.87,234.25,USD,1.379,2025-11-22 12:59:00,7011,"Hotels, Motels & Resorts",TXC-004,EMP004,Alice Chen,Finance,EMP002,4,APPROVED,,,,,,,https://receipts.brim.example/000250.pdf,TRIP-0015,True
TXN-003576,****-****-****-4008,ROADSIDE GRILL CO,26.97,37.19,USD,1.379,2025-11-22 19:42:00,5812,Eating Places & Restaurants,TXC-008,EMP008,Eric Tran,Operations,EMP003,4,APPROVED,,,,,,,https://receipts.brim.example/003576.pdf,,True
TXN-003293,****-****-****-4002,MICROSOFT 365,98.12,135.31,USD,1.379,2025-11-22 19:46:00,4814,Telecom Services,TXC-002,EMP002,Priya Nair,Finance,EMP001,5,APPROVED,,,,,,,https://receipts.brim.example/003293.pdf,,True
TXN-000867,****-****-****-4003,MCDONALDS DT QPS,14.58,20.11,USD,1.379,2025-11-22 20:00:00,5814,Fast Food Restaurants,TXC-003,EMP003,Marcus Webb,Operations,EMP001,5,APPROVED,,,,,,,https://receipts.brim.example/000867.pdf,,True
TXN-001101,****-****-****-4008,AMAZON MKTPLACE,42.19,58.18,USD,1.379,2025-11-22 20:20:00,5111,Stationery & Office Supplies,TXC-008,EMP008,Eric Tran,Operations,EMP003,4,APPROVED,,,,,,,https://receipts.brim.example/001101.pdf,,True
TXN-003642,****-****-****-4004,407 ETR TOLL,25.51,35.18,USD,1.379,2025-11-22 21:04:00,4131,Bus Lines / Tolls,TXC-004,EMP004,Alice Chen,Finance,EMP002,4,APPROVED,,,,,,,https://receipts.brim.example/003642.pdf,,True
TXN-003594,****-****-****-4009,COMFORT INN 442,139.36,192.18,USD,1.379,2025-11-23 07:09:00,7011,"Hotels, Motels & Resorts",TXC-009,EMP009,Grace Lee,Operations,EMP008,3,APPROVED,,,,,,,https://receipts.brim.example/003594.pdf,,True
TXN-000417,****-****-****-4003,AMAZON MKTPLACE,209.55,288.97,USD,1.379,2025-11-23 07:11:00,5943,Stationery & Writing Supplies,TXC-003,EMP003,Marcus Webb,Operations,EMP001,5,APPROVED,,,,,,,https://receipts.brim.example/000417.pdf,,True
TXN-003782,****-****-****-4009,MICROSOFT 365,183.88,253.57,USD,1.379,2025-11-23 08:23:00,4814,Telecom Services,TXC-009,EMP009,Grace Lee,Operations,EMP008,3,APPROVED,,,,,,,https://receipts.brim.example/003782.pdf,,True
TXN-000990,****-****-****-4003,BOSTON PIZZA 12,73.85,101.84,USD,1.379,2025-11-23 08:57:00,5814,Fast Food Restaurants,TXC-003,EMP003,Marcus Webb,Operations,EMP001,5,APPROVED,,,,,,,https://receipts.brim.example/000990.pdf,TRIP-0062,True
TXN-001810,****-****-****-4008,BOSTON PIZZA 12,7.11,9.8,USD,1.379,2025-11-23 09:23:00,5814,Fast Food Restaurants,TXC-008,EMP008,Eric Tran,Operations,EMP003,4,APPROVED,,,,,,,https://receipts.brim.example/001810.pdf,,True
TXN-001048,****-****-****-4009,HOME DEPOT 88,158.44,218.49,USD,1.379,2025-11-23 09:52:00,5300,Wholesale Clubs,TXC-009,EMP009,Grace Lee,Operations,EMP008,3,APPROVED,,,,,,,https://receipts.brim.example/001048.pdf,,True
TXN-003855,****-****-****-4003,SUPER 8 MOTEL,77.67,107.11,USD,1.379,2025-11-23 13:22:00,7011,"Hotels, Motels & Resorts",TXC-003,EMP003,Marcus Webb,Operations,EMP001,5,APPROVED,,,,,,,https://receipts.brim.example/003855.pdf,,True
TXN-001904,****-****-****-4003,A&W STORE 551,75.27,103.8,USD,1.379,2025-11-23 14:16:00,5814,Fast Food Restaurants,TXC-003,EMP003,Marcus Webb,Operations,EMP001,5,APPROVED,,,,,,,https://receipts.brim.example/001904.pdf,,True
TXN-000504,****-****-****-4007,QUICK FUEL STOP,34.08,47.0,USD,1.379,2025-11-23 15:18:00,5541,Service Stations,TXC-007,EMP007,Carol White,Finance,EMP004,2,APPROVED,,,,,,,https://receipts.brim.example/000504.pdf,,True
TXN-003015,****-****-****-4008,SUBWAY 40021,16.74,23.08,USD,1.379,2025-11-23 16:34:00,5812,Eating Places & Restaurants,TXC-008,EMP008,Eric Tran,Operations,EMP003,4,APPROVED,,,,,,,https://receipts.brim.example/003015.pdf,,True
TXN-002590,****-****-****-4007,PRECISE PARKLINK,12.65,17.44,USD,1.379,2025-11-23 16:54:00,4131,Bus Lines / Tolls,TXC-007,EMP007,Carol White,Finance,EMP004,2,APPROVED,,,,,,,https://receipts.brim.example/002590.pdf,,True
TXN-001091,****-****-****-4009,AWS MEMB,61.99,85.48,USD,1.379,2025-11-23 19:18:00,4814,Telecom Services,TXC-009,EMP009,Grace Lee,Operations,EMP008,3,APPROVED,,,,,,,https://receipts.brim.example/001091.pdf,,True
TXN-002940,****-****-****-4008,IMPARK LOT 88,29.52,40.71,USD,1.379,2025-11-23 19:47:00,4131,Bus Lines / Tolls,TXC-008,EMP008,Eric Tran,Operations,EMP003,4,APPROVED,,,,,,,https://receipts.brim.example/002940.pdf,,True
TXN-000755,****-****-****-4004,ESSO RETAIL 113,50.18,69.2,USD,1.379,2025-11-23 21:55:00,5541,Service Stations,TXC-004,EMP004,Alice Chen,Finance,EMP002,4,APPROVED,,,,,,,https://receipts.brim.example/000755.pdf,,True
TXN-001594,****-****-****-4003,QUICK FUEL STOP,74.42,102.63,USD,1.379,2025-11-24 09:01:00,5172,Petroleum & Petroleum Products,TXC-003,EMP003,Marcus Webb,Operations,EMP001,5,APPROVED,,,,,,,https://receipts.brim.example/001594.pdf,,True
TXN-000988,****-****-****-4003,TIM HORTONS #882,35.06,48.35,USD,1.379,2025-11-24 09:28:00,5814,Fast Food Restaurants,TXC-003,EMP003,Marcus Webb,Operations,EMP001,5,APPROVED,,,,,,,https://receipts.brim.example/000988.pdf,TRIP-0062,True
TXN-000963,****-****-****-4007,QUICK FUEL STOP,90.04,124.17,USD,1.379,2025-11-24 09:48:00,5172,Petroleum & Petroleum Products,TXC-007,EMP007,Carol White,Finance,EMP004,2,APPROVED,,,,,,,,,True
TXN-003189,****-****-****-4004,MCDONALDS DT QPS,5.81,8.01,USD,1.379,2025-11-24 12:59:00,5812,Eating Places & Restaurants,TXC-004,EMP004,Alice Chen,Finance,EMP002,4,APPROVED,,,,,,,https://receipts.brim.example/003189.pdf,,True
TXN-001896,****-****-****-4009,FLYING J #771,80.61,111.16,USD,1.379,2025-11-24 13:17:00,5172,Petroleum & Petroleum Products,TXC-009,EMP009,Grace Lee,Operations,EMP008,3,APPROVED,,,,,,,https://receipts.brim.example/001896.pdf,,True
TXN-000685,****-****-****-4008,GOOGLE WORKSPACE,97.08,133.87,USD,1.379,2025-11-24 13:33:00,4814,Telecom Services,TXC-008,EMP008,Eric Tran,Operations,EMP003,4,APPROVED,,,,,,,https://receipts.brim.example/000685.pdf,,True
TXN-000036,****-****-****-4006,STAPLES #112,56.8,78.33,USD,1.379,2025-11-24 14:00:00,5812,Eating Places & Restaurants,TXC-006,EMP006,Bob Kumar,Finance,EMP004,2,APPROVED,,,,,,,,,True
TXN-002557,****-****-****-4004,ESSO RETAIL 113,78.08,107.67,USD,1.379,2025-11-24 14:27:00,5541,Service Stations,TXC-004,EMP004,Alice Chen,Finance,EMP002,4,PENDING,,,,,,,https://receipts.brim.example/002557.pdf,,False
TXN-003678,****-****-****-4003,HOLIDAY INN EXPRESS,182.8,252.08,USD,1.379,2025-11-24 14:39:00,7011,"Hotels, Motels & Resorts",TXC-003,EMP003,Marcus Webb,Operations,EMP001,5,PENDING,,,,,,,https://receipts.brim.example/003678.pdf,,False
TXN-000401,****-****-****-4001,SUBWAY 40021,10.67,14.71,USD,1.379,2025-11-24 16:29:00,5812,Eating Places & Restaurants,TXC-001,EMP001,Olivia Reyes,Executive,,6,APPROVED,,,,,,,https://receipts.brim.example/000401.pdf,,True
TXN-001513,****-****-****-4008,TIM HORTONS #882,52.66,72.62,USD,1.379,2025-11-24 17:10:00,5814,Fast Food Restaurants,TXC-008,EMP008,Eric Tran,Operations,EMP003,4,APPROVED,,,,,,,https://receipts.brim.example/001513.pdf,TRIP-0103,True
TXN-001512,****-****-****-4008,WENDYS 7781,12.18,16.8,USD,1.379,2025-11-24 17:25:00,5812,Eating Places & Restaurants,TXC-008,EMP008,Eric Tran,Operations,EMP003,4,APPROVED,,,,,,,https://receipts.brim.example/001512.pdf,TRIP-0103,True
TXN-002588,****-****-****-4007,PETRO-CANADA 8821,37.53,51.75,USD,1.379,2025-11-24 17:39:00,5541,Service Stations,TXC-007,EMP007,Carol White,Finance,EMP004,2,APPROVED,,,,,,,https://receipts.brim.example/002588.pdf,,True
TXN-000954,****-****-****-4007,TIM HORTONS #882,23.09,31.84,USD,1.379,2025-11-24 17:54:00,5814,Fast Food Restaurants,TXC-007,EMP007,Carol White,Finance,EMP004,2,APPROVED,,,,,,,https://receipts.brim.example/000954.pdf,,True
TXN-001378,****-****-****-4003,ESSO RETAIL 113,80.95,111.63,USD,1.379,2025-11-24 18:56:00,5172,Petroleum & Petroleum Products,TXC-003,EMP003,Marcus Webb,Operations,EMP001,5,APPROVED,,,,,,,https://receipts.brim.example/001378.pdf,,True
TXN-001510,****-****-****-4009,FLYING J #771,36.33,50.1,USD,1.379,2025-11-24 19:46:00,5541,Service Stations,TXC-009,EMP009,Grace Lee,Operations,EMP008,3,APPROVED,,,,,,,https://receipts.brim.example/001510.pdf,,True
TXN-001326,****-****-****-4004,ESSO RETAIL 113,41.64,57.42,USD,1.379,2025-11-24 21:09:00,5541,Service Stations,TXC-004,EMP004,Alice Chen,Finance,EMP002,4,APPROVED,,,,,,,https://receipts.brim.example/001326.pdf,,True
TXN-001172,****-****-****-4003,A&W STORE 551,48.24,66.52,USD,1.379,2025-11-24 21:48:00,5812,Eating Places & Restaurants,TXC-003,EMP003,Marcus Webb,Operations,EMP001,5,APPROVED,,,,,,,https://receipts.brim.example/001172.pdf,,True
TXN-000392,****-****-****-4005,FLYING J #771,50.99,70.32,USD,1.379,2025-11-25 07:08:00,5172,Petroleum & Petroleum Products,TXC-005,EMP005,Dana Park,Finance,EMP002,3,APPROVED,,,,,,,https://receipts.brim.example/000392.pdf,,True
TXN-000524,****-****-****-4003,ULTRAMAR 55,48.44,66.8,USD,1.379,2025-11-25 07:47:00,5541,Service Stations,TXC-003,EMP003,Marcus Webb,Operations,EMP001,5,APPROVED,,,,,,,https://receipts.brim.example/000524.pdf,,True
TXN-003328,****-****-****-4007,BEST WESTERN 71,105.51,145.5,USD,1.379,2025-11-25 08:46:00,7011,"Hotels, Motels & Resorts",TXC-007,EMP007,Carol White,Finance,EMP004,2,APPROVED,,,,,,,https://receipts.brim.example/003328.pdf,,True
TXN-000935,****-****-****-4002,407 ETR TOLL,15.1,20.82,USD,1.379,2025-11-25 11:05:00,4131,Bus Lines / Tolls,TXC-002,EMP002,Priya Nair,Finance,EMP001,5,APPROVED,,,,,,,https://receipts.brim.example/000935.pdf,,True
TXN-004247,****-****-****-4008,FLYING J #771,58.6,80.81,USD,1.379,2025-11-25 11:18:00,5172,Petroleum & Petroleum Products,TXC-008,EMP008,Eric Tran,Operations,EMP003,4,APPROVED,,,,,,,https://receipts.brim.example/004247.pdf,,True
TXN-000987,****-****-****-4003,COMFORT INN 442,104.09,143.54,USD,1.379,2025-11-25 11:50:00,7011,"Hotels, Motels & Resorts",TXC-003,EMP003,Marcus Webb,Operations,EMP001,5,APPROVED,,,,,,,https://receipts.brim.example/000987.pdf,TRIP-0062,True
TXN-003664,****-****-****-4008,PETRO-CANADA 8821,27.31,37.66,USD,1.379,2025-11-25 11:54:00,5172,Petroleum & Petroleum Products,TXC-008,EMP008,Eric Tran,Operations,EMP003,4,APPROVED,,,,,,,https://receipts.brim.example/003664.pdf,,True
TXN-002145,****-****-****-4008,MCDONALDS DT QPS,32.6,44.96,USD,1.379,2025-11-25 13:13:00,5812,Eating Places & Restaurants,TXC-008,EMP008,Eric Tran,Operations,EMP003,4,APPROVED,,,,,,,https://receipts.brim.example/002145.pdf,,True
TXN-004063,****-****-****-4006,PETRO-CANADA 8821,76.17,105.04,USD,1.379,2025-11-25 13:22:00,5172,Petroleum & Petroleum Products,TXC-006,EMP006,Bob Kumar,Finance,EMP004,2,APPROVED,,,,,,,https://receipts.brim.example/004063.pdf,,True
TXN-001808,****-****-****-4008,SHELL DT #4421,101.97,140.62,USD,1.379,2025-11-25 13:57:00,5541,Service Stations,TXC-008,EMP008,Eric Tran,Operations,EMP003,4,APPROVED,,,,,,,https://receipts.brim.example/001808.pdf,,True
TXN-003085,****-****-****-4008,ROADSIDE GRILL CO,21.6,29.79,USD,1.379,2025-11-25 14:29:00,5814,Fast Food Restaurants,TXC-008,EMP008,Eric Tran,Operations,EMP003,4,APPROVED,,,,,,,https://receipts.brim.example/003085.pdf,,True
TXN-004308,****-****-****-4003,TIM HORTONS #882,16.19,22.33,USD,1.379,2025-11-25 14:35:00,5814,Fast Food Restaurants,TXC-003,EMP003,Marcus Webb,Operations,EMP001,5,APPROVED,,,,,,,https://receipts.brim.example/004308.pdf,,True
TXN-003785,****-****-****-4009,GOOGLE WORKSPACE,184.65,254.63,USD,1.379,2025-11-25 14:59:00,5734,Computer Software Stores,TXC-009,EMP009,Grace Lee,Operations,EMP008,3,APPROVED,,,,,,,https://receipts.brim.example/003785.pdf,,True
TXN-003596,****-****-****-4001,FLYING J #771,40.11,55.31,USD,1.379,2025-11-25 16:00:00,5541,Service Stations,TXC-001,EMP001,Olivia Reyes,Executive,,6,APPROVED,,,,,,,https://receipts.brim.example/003596.pdf,,True
TXN-001511,****-****-****-4008,SUPER 8 MOTEL,123.3,170.03,USD,1.379,2025-11-25 16:09:00,7011,"Hotels, Motels & Resorts",TXC-008,EMP008,Eric Tran,Operations,EMP003,4,APPROVED,,,,,,,https://receipts.brim.example/001511.pdf,TRIP-0103,True
TXN-003251,****-****-****-4001,A&W STORE 551,36.91,50.9,USD,1.379,2025-11-25 18:03:00,5814,Fast Food Restaurants,TXC-001,EMP001,Olivia Reyes,Executive,,6,APPROVED,,,,,,,https://receipts.brim.example/003251.pdf,,True
TXN-004177,****-****-****-4001,CANADIAN TIRE 445,212.5,293.04,USD,1.379,2025-11-25 18:17:00,7538,Automotive Service Shops,TXC-001,EMP001,Olivia Reyes,Executive,,6,APPROVED,,,,,,,https://receipts.brim.example/004177.pdf,,True
TXN-003075,****-****-****-4007,PILOT TRAVEL 209,24.4,33.65,USD,1.379,2025-11-25 20:02:00,5172,Petroleum & Petroleum Products,TXC-007,EMP007,Carol White,Finance,EMP004,2,APPROVED,,,,,,,https://receipts.brim.example/003075.pdf,,True
TXN-003816,****-****-****-4004,ROADSIDE GRILL CO,20.47,28.23,USD,1.379,2025-11-26 06:14:00,5812,Eating Places & Restaurants,TXC-004,EMP004,Alice Chen,Finance,EMP002,4,APPROVED,,,,,,,https://receipts.brim.example/003816.pdf,TRIP-0252,True
TXN-002200,****-****-****-4004,CANADIAN TIRE 445,107.65,148.45,USD,1.379,2025-11-26 07:40:00,7538,Automotive Service Shops,TXC-004,EMP004,Alice Chen,Finance,EMP002,4,APPROVED,,,,,,,https://receipts.brim.example/002200.pdf,,True
TXN-002918,****-****-****-4003,PILOT TRAVEL 209,56.44,77.83,USD,1.379,2025-11-26 09:07:00,5541,Service Stations,TXC-003,EMP003,Marcus Webb,Operations,EMP001,5,PENDING,,,,,,,https://receipts.brim.example/002918.pdf,,False
TXN-003711,****-****-****-4007,HOLIDAY INN EXPRESS,188.85,260.42,USD,1.379,2025-11-26 09:41:00,7011,"Hotels, Motels & Resorts",TXC-007,EMP007,Carol White,Finance,EMP004,2,APPROVED,,,,,,,https://receipts.brim.example/003711.pdf,,True
TXN-001042,****-****-****-4008,COSTCO WHSE 44,178.19,245.72,USD,1.379,2025-11-26 10:07:00,5045,Computers & Peripherals,TXC-008,EMP008,Eric Tran,Operations,EMP003,4,APPROVED,,,,,,,https://receipts.brim.example/001042.pdf,,True
TXN-002377,****-****-****-4004,MICROSOFT 365,56.99,78.59,USD,1.379,2025-11-26 10:07:00,4814,Telecom Services,TXC-004,EMP004,Alice Chen,Finance,EMP002,4,APPROVED,,,,,,,https://receipts.brim.example/002377.pdf,,True
TXN-003276,****-****-****-4009,PETRO-CANADA 8821,54.66,75.38,USD,1.379,2025-11-26 11:03:00,5172,Petroleum & Petroleum Products,TXC-009,EMP009,Grace Lee,Operations,EMP008,3,APPROVED,,,,,,,https://receipts.brim.example/003276.pdf,,True
TXN-002710,****-****-****-4009,BOSTON PIZZA 12,11.97,16.51,USD,1.379,2025-11-26 11:06:00,5812,Eating Places & Restaurants,TXC-009,EMP009,Grace Lee,Operations,EMP008,3,APPROVED,,,,,,,https://receipts.brim.example/002710.pdf,,True
TXN-002080,****-****-****-4009,FLYING J #771,130.28,179.66,USD,1.379,2025-11-26 11:25:00,5172,Petroleum & Petroleum Products,TXC-009,EMP009,Grace Lee,Operations,EMP008,3,APPROVED,,,,,,,https://receipts.brim.example/002080.pdf,,True
TXN-000083,****-****-****-4005,ALPHA CONSULTING GROUP,990.45,1365.83,USD,1.379,2025-11-26 12:00:00,4814,Telecom Services,TXC-005,EMP005,Dana Park,Finance,EMP002,3,APPROVED,,,,,,,https://receipts.brim.example/000083.pdf,,True
TXN-002625,****-****-****-4003,PETRO-CANADA 8821,92.7,127.83,USD,1.379,2025-11-26 12:11:00,5172,Petroleum & Petroleum Products,TXC-003,EMP003,Marcus Webb,Operations,EMP001,5,APPROVED,,,,,,,https://receipts.brim.example/002625.pdf,,True
TXN-000989,****-****-****-4003,BOSTON PIZZA 12,23.29,32.12,USD,1.379,2025-11-26 13:12:00,5812,Eating Places & Restaurants,TXC-003,EMP003,Marcus Webb,Operations,EMP001,5,APPROVED,,,,,,,https://receipts.brim.example/000989.pdf,TRIP-0062,True
TXN-004237,****-****-****-4003,SUBWAY 40021,14.72,20.3,USD,1.379,2025-11-26 13:22:00,5814,Fast Food Restaurants,TXC-003,EMP003,Marcus Webb,Operations,EMP001,5,APPROVED,,,,,,,https://receipts.brim.example/004237.pdf,TRIP-0285,True
TXN-004236,****-****-****-4003,DAYS INN 209,132.64,182.91,USD,1.379,2025-11-26 14:26:00,7011,"Hotels, Motels & Resorts",TXC-003,EMP003,Marcus Webb,Operations,EMP001,5,APPROVED,,,,,,,https://receipts.brim.example/004236.pdf,TRIP-0285,True
TXN-001384,****-****-****-4008,HOLIDAY INN EXPRESS,166.63,229.78,USD,1.379,2025-11-26 16:43:00,7011,"Hotels, Motels & Resorts",TXC-008,EMP008,Eric Tran,Operations,EMP003,4,APPROVED,,,,,,,https://receipts.brim.example/001384.pdf,,True
TXN-001633,****-****-****-4002,IMPARK LOT 88,26.33,36.31,USD,1.379,2025-11-26 17:24:00,7523,Parking Lots & Garages,TXC-002,EMP002,Priya Nair,Finance,EMP001,5,APPROVED,,,,,,,https://receipts.brim.example/001633.pdf,,True
TXN-000202,****-****-****-4003,A&W STORE 551,52.85,72.88,USD,1.379,2025-11-26 17:58:00,5812,Eating Places & Restaurants,TXC-003,EMP003,Marcus Webb,Operations,EMP001,5,PENDING,,,,,,,https://receipts.brim.example/000202.pdf,,False
TXN-000713,****-****-****-4001,BEST BUY 112,336.2,463.62,USD,1.379,2025-11-26 18:34:00,5300,Wholesale Clubs,TXC-001,EMP001,Olivia Reyes,Executive,,6,APPROVED,,,,,,,https://receipts.brim.example/000713.pdf,,True
TXN-003260,****-****-****-4007,QUICK FUEL STOP,46.48,64.1,USD,1.379,2025-11-27 07:39:00,5541,Service Stations,TXC-007,EMP007,Carol White,Finance,EMP004,2,APPROVED,,,,,,,https://receipts.brim.example/003260.pdf,,True
TXN-000965,****-****-****-4009,ESSO RETAIL 113,83.68,115.39,USD,1.379,2025-11-27 08:09:00,5541,Service Stations,TXC-009,EMP009,Grace Lee,Operations,EMP008,3,APPROVED,,,,,,,https://receipts.brim.example/000965.pdf,,True
TXN-001654,****-****-****-4005,ULTRAMAR 55,46.9,64.68,USD,1.379,2025-11-27 09:13:00,5172,Petroleum & Petroleum Products,TXC-005,EMP005,Dana Park,Finance,EMP002,3,APPROVED,,,,,,,https://receipts.brim.example/001654.pdf,,True
TXN-004178,****-****-****-4009,A&W STORE 551,13.11,18.08,USD,1.379,2025-11-27 10:05:00,5812,Eating Places & Restaurants,TXC-009,EMP009,Grace Lee,Operations,EMP008,3,APPROVED,,,,,,,https://receipts.brim.example/004178.pdf,,True
TXN-001161,****-****-****-4004,FLYING J #771,66.62,91.87,USD,1.379,2025-11-27 11:51:00,5541,Service Stations,TXC-004,EMP004,Alice Chen,Finance,EMP002,4,APPROVED,,,,,,,https://receipts.brim.example/001161.pdf,,True
TXN-003023,****-****-****-4004,HOLIDAY INN EXPRESS,120.36,165.98,USD,1.379,2025-11-27 14:57:00,7011,"Hotels, Motels & Resorts",TXC-004,EMP004,Alice Chen,Finance,EMP002,4,APPROVED,,,,,,,https://receipts.brim.example/003023.pdf,,True
TXN-002356,****-****-****-4006,GREEN P PARKING,26.96,37.18,USD,1.379,2025-11-27 14:59:00,7523,Parking Lots & Garages,TXC-006,EMP006,Bob Kumar,Finance,EMP004,2,APPROVED,,,,,,,https://receipts.brim.example/002356.pdf,,True
TXN-003911,****-****-****-4003,TIM HORTONS #882,42.86,59.1,USD,1.379,2025-11-27 17:44:00,5812,Eating Places & Restaurants,TXC-003,EMP003,Marcus Webb,Operations,EMP001,5,APPROVED,,,,,,,https://receipts.brim.example/003911.pdf,,True
TXN-002966,****-****-****-4003,ULTRAMAR 55,72.91,100.54,USD,1.379,2025-11-27 19:42:00,5541,Service Stations,TXC-003,EMP003,Marcus Webb,Operations,EMP001,5,APPROVED,,,,,,,https://receipts.brim.example/002966.pdf,,True
TXN-002269,****-****-****-4009,COSTCO WHSE 44,228.91,315.67,USD,1.379,2025-11-28 07:28:00,5045,Computers & Peripherals,TXC-009,EMP009,Grace Lee,Operations,EMP008,3,APPROVED,,,,,,,https://receipts.brim.example/002269.pdf,,True
TXN-000315,****-****-****-4004,SUBWAY 40021,7.0,9.65,USD,1.379,2025-11-28 08:40:00,5814,Fast Food Restaurants,TXC-004,EMP004,Alice Chen,Finance,EMP002,4,APPROVED,,,,,,,https://receipts.brim.example/000315.pdf,,True
TXN-003452,****-****-****-4005,QUICK FUEL STOP,149.02,205.5,USD,1.379,2025-11-28 09:23:00,5541,Service Stations,TXC-005,EMP005,Dana Park,Finance,EMP002,3,APPROVED,,,,,,,https://receipts.brim.example/003452.pdf,,True
TXN-003815,****-****-****-4004,DAYS INN 209,202.54,279.3,USD,1.379,2025-11-28 09:40:00,7011,"Hotels, Motels & Resorts",TXC-004,EMP004,Alice Chen,Finance,EMP002,4,APPROVED,,,,,,,https://receipts.brim.example/003815.pdf,TRIP-0252,True
TXN-002846,****-****-****-4002,ESSO RETAIL 113,97.36,134.26,USD,1.379,2025-11-28 10:09:00,5541,Service Stations,TXC-002,EMP002,Priya Nair,Finance,EMP001,5,PENDING,,,,,,,https://receipts.brim.example/002846.pdf,,False
TXN-000786,****-****-****-4002,QUICK FUEL STOP,64.34,88.72,USD,1.379,2025-11-28 10:26:00,5172,Petroleum & Petroleum Products,TXC-002,EMP002,Priya Nair,Finance,EMP001,5,APPROVED,,,,,,,https://receipts.brim.example/000786.pdf,,True
TXN-003918,****-****-****-4004,PRECISE PARKLINK,24.35,33.58,USD,1.379,2025-11-28 12:20:00,4131,Bus Lines / Tolls,TXC-004,EMP004,Alice Chen,Finance,EMP002,4,APPROVED,,,,,,,https://receipts.brim.example/003918.pdf,,True
TXN-003104,****-****-****-4008,HOLIDAY INN EXPRESS,131.81,181.77,USD,1.379,2025-11-28 12:27:00,7011,"Hotels, Motels & Resorts",TXC-008,EMP008,Eric Tran,Operations,EMP003,4,APPROVED,,,,,,,https://receipts.brim.example/003104.pdf,,True
TXN-003817,****-****-****-4004,SHELL DT #4421,58.06,80.06,USD,1.379,2025-11-28 12:39:00,5541,Service Stations,TXC-004,EMP004,Alice Chen,Finance,EMP002,4,APPROVED,,,,,,,https://receipts.brim.example/003817.pdf,TRIP-0252,True
TXN-002942,****-****-****-4009,SHELL DT #4421,142.41,196.38,USD,1.379,2025-11-28 13:03:00,5541,Service Stations,TXC-009,EMP009,Grace Lee,Operations,EMP008,3,APPROVED,,,,,,,https://receipts.brim.example/002942.pdf,,True
TXN-001655,****-****-****-4003,COSTCO WHSE 44,104.08,143.53,USD,1.379,2025-11-28 13:35:00,5045,Computers & Peripherals,TXC-003,EMP003,Marcus Webb,Operations,EMP001,5,PENDING,,,,,,,https://receipts.brim.example/001655.pdf,,False
TXN-003281,****-****-****-4004,ULTRAMAR 55,172.51,237.89,USD,1.379,2025-11-28 14:26:00,5172,Petroleum & Petroleum Products,TXC-004,EMP004,Alice Chen,Finance,EMP002,4,APPROVED,,,,,,,https://receipts.brim.example/003281.pdf,TRIP-0217,True
TXN-004076,****-****-****-4009,AWS MEMB,74.38,102.57,USD,1.379,2025-11-28 14:32:00,4814,Telecom Services,TXC-009,EMP009,Grace Lee,Operations,EMP008,3,APPROVED,,,,,,,https://receipts.brim.example/004076.pdf,,True
TXN-003171,****-****-****-4003,PETRO-CANADA 8821,30.66,42.28,USD,1.379,2025-11-28 14:42:00,5541,Service Stations,TXC-003,EMP003,Marcus Webb,Operations,EMP001,5,APPROVED,,,,,,,https://receipts.brim.example/003171.pdf,,True
TXN-002545,****-****-****-4008,COSTCO WHSE 44,300.92,414.97,USD,1.379,2025-11-28 14:58:00,5300,Wholesale Clubs,TXC-008,EMP008,Eric Tran,Operations,EMP003,4,APPROVED,,,,,,,,,True
TXN-000942,****-****-****-4004,GRAND & TOY 5,31.27,43.12,USD,1.379,2025-11-28 15:44:00,5943,Stationery & Writing Supplies,TXC-004,EMP004,Alice Chen,Finance,EMP002,4,APPROVED,,,,,,,https://receipts.brim.example/000942.pdf,,True
TXN-003154,****-****-****-4003,PETRO-CANADA 8821,51.01,70.34,USD,1.379,2025-11-28 15:48:00,5541,Service Stations,TXC-003,EMP003,Marcus Webb,Operations,EMP001,5,APPROVED,,,,,,,https://receipts.brim.example/003154.pdf,,True
TXN-002849,****-****-****-4003,PILOT TRAVEL 209,20.39,28.12,USD,1.379,2025-11-28 17:19:00,5541,Service Stations,TXC-003,EMP003,Marcus Webb,Operations,EMP001,5,APPROVED,,,,,,,https://receipts.brim.example/002849.pdf,,True
TXN-001120,****-****-****-4003,FOUNTAIN TIRE,262.42,361.88,USD,1.379,2025-11-28 17:57:00,7538,Automotive Service Shops,TXC-003,EMP003,Marcus Webb,Operations,EMP001,5,PENDING,,,,,,,https://receipts.brim.example/001120.pdf,,False
TXN-001189,****-****-****-4007,GREEN P PARKING,17.95,24.75,USD,1.379,2025-11-28 18:37:00,7523,Parking Lots & Garages,TXC-007,EMP007,Carol White,Finance,EMP004,2,APPROVED,,,,,,,https://receipts.brim.example/001189.pdf,,True
TXN-003360,****-****-****-4003,HOME DEPOT 88,152.94,210.9,USD,1.379,2025-11-28 18:46:00,5045,Computers & Peripherals,TXC-003,EMP003,Marcus Webb,Operations,EMP001,5,PENDING,,,,,,,https://receipts.brim.example/003360.pdf,,False
TXN-003790,****-****-****-4002,MCDONALDS DT QPS,64.69,89.21,USD,1.379,2025-11-28 20:17:00,5812,Eating Places & Restaurants,TXC-002,EMP002,Priya Nair,Finance,EMP001,5,APPROVED,,,,,,,https://receipts.brim.example/003790.pdf,,True
TXN-000104,****-****-****-4002,WENDYS 7781,21.22,29.26,USD,1.379,2025-11-28 21:44:00,5812,Eating Places & Restaurants,TXC-002,EMP002,Priya Nair,Finance,EMP001,5,APPROVED,,,,,,,https://receipts.brim.example/000104.pdf,,True
TXN-000037,****-****-****-4006,AMAZON MKTPLACE,53.9,74.33,USD,1.379,2025-11-29 00:00:00,5814,Fast Food Restaurants,TXC-006,EMP006,Bob Kumar,Finance,EMP004,2,APPROVED,,,,,,,https://receipts.brim.example/000037.pdf,,True
TXN-001423,****-****-****-4008,ULTRAMAR 55,77.41,106.75,USD,1.379,2025-11-29 07:16:00,5172,Petroleum & Petroleum Products,TXC-008,EMP008,Eric Tran,Operations,EMP003,4,APPROVED,,,,,,,https://receipts.brim.example/001423.pdf,,True
TXN-003591,****-****-****-4005,PILOT TRAVEL 209,59.02,81.39,USD,1.379,2025-11-29 08:01:00,5172,Petroleum & Petroleum Products,TXC-005,EMP005,Dana Park,Finance,EMP002,3,PENDING,,,,,,,https://receipts.brim.example/003591.pdf,,False
TXN-001881,****-****-****-4008,COMFORT INN 442,276.7,381.57,USD,1.379,2025-11-29 08:24:00,7011,"Hotels, Motels & Resorts",TXC-008,EMP008,Eric Tran,Operations,EMP003,4,APPROVED,,,,,,,https://receipts.brim.example/001881.pdf,,True
TXN-004230,****-****-****-4009,QUICK FUEL STOP,39.35,54.26,USD,1.379,2025-11-29 09:31:00,5172,Petroleum & Petroleum Products,TXC-009,EMP009,Grace Lee,Operations,EMP008,3,APPROVED,,,,,,,https://receipts.brim.example/004230.pdf,,True
TXN-003818,****-****-****-4004,PETRO-CANADA 8821,34.54,47.63,USD,1.379,2025-11-29 09:43:00,5541,Service Stations,TXC-004,EMP004,Alice Chen,Finance,EMP002,4,APPROVED,,,,,,,https://receipts.brim.example/003818.pdf,TRIP-0252,True
TXN-003279,****-****-****-4004,SUPER 8 MOTEL,82.77,114.14,USD,1.379,2025-11-29 11:17:00,7011,"Hotels, Motels & Resorts",TXC-004,EMP004,Alice Chen,Finance,EMP002,4,APPROVED,,,,,,,https://receipts.brim.example/003279.pdf,TRIP-0217,True
TXN-002697,****-****-****-4003,PETRO-CANADA 8821,39.95,55.09,USD,1.379,2025-11-29 12:34:00,5541,Service Stations,TXC-003,EMP003,Marcus Webb,Operations,EMP001,5,APPROVED,,,,,,,https://receipts.brim.example/002697.pdf,,True
TXN-001531,****-****-****-4002,A&W STORE 551,18.62,25.68,USD,1.379,2025-11-29 13:29:00,5814,Fast Food Restaurants,TXC-002,EMP002,Priya Nair,Finance,EMP001,5,APPROVED,,,,,,,https://receipts.brim.example/001531.pdf,,True
TXN-001054,****-****-****-4007,PETRO-CANADA 8821,87.02,120.0,USD,1.379,2025-11-29 13:44:00,5172,Petroleum & Petroleum Products,TXC-007,EMP007,Carol White,Finance,EMP004,2,APPROVED,,,,,,,https://receipts.brim.example/001054.pdf,,True
TXN-003888,****-****-****-4009,PRECISE PARKLINK,30.8,42.47,USD,1.379,2025-11-29 14:11:00,7523,Parking Lots & Garages,TXC-009,EMP009,Grace Lee,Operations,EMP008,3,APPROVED,,,,,,,https://receipts.brim.example/003888.pdf,,True
TXN-000239,****-****-****-4009,ULTRAMAR 55,226.47,312.3,USD,1.379,2025-11-29 14:39:00,5541,Service Stations,TXC-009,EMP009,Grace Lee,Operations,EMP008,3,APPROVED,,,,,,,,,True
TXN-001819,****-****-****-4007,ULTRAMAR 55,47.69,65.76,USD,1.379,2025-11-29 16:07:00,5541,Service Stations,TXC-007,EMP007,Carol White,Finance,EMP004,2,APPROVED,,,,,,,https://receipts.brim.example/001819.pdf,,True
TXN-002704,****-****-****-4002,MIDAS AUTO 21,346.24,477.46,USD,1.379,2025-11-29 16:29:00,7538,Automotive Service Shops,TXC-002,EMP002,Priya Nair,Finance,EMP001,5,APPROVED,,,,,,,https://receipts.brim.example/002704.pdf,,True
TXN-003186,****-****-****-4002,QUICK FUEL STOP,38.06,52.48,USD,1.379,2025-11-29 17:14:00,5172,Petroleum & Petroleum Products,TXC-002,EMP002,Priya Nair,Finance,EMP001,5,APPROVED,,,,,,,https://receipts.brim.example/003186.pdf,,True
TXN-002889,****-****-****-4003,ULTRAMAR 55,90.33,124.57,USD,1.379,2025-11-29 17:28:00,5172,Petroleum & Petroleum Products,TXC-003,EMP003,Marcus Webb,Operations,EMP001,5,APPROVED,,,,,,,,,True
TXN-004007,****-****-****-4003,ESSO RETAIL 113,44.33,61.13,USD,1.379,2025-11-29 18:15:00,5541,Service Stations,TXC-003,EMP003,Marcus Webb,Operations,EMP001,5,APPROVED,,,,,,,https://receipts.brim.example/004007.pdf,,True
TXN-002661,****-****-****-4002,COMFORT INN 442,137.97,190.26,USD,1.379,2025-11-29 18:47:00,7011,"Hotels, Motels & Resorts",TXC-002,EMP002,Priya Nair,Finance,EMP001,5,APPROVED,,,,,,,https://receipts.brim.example/002661.pdf,,True
TXN-001100,****-****-****-4007,QUICK FUEL STOP,44.31,61.1,USD,1.379,2025-11-29 19:41:00,5541,Service Stations,TXC-007,EMP007,Carol White,Finance,EMP004,2,APPROVED,,,,,,,https://receipts.brim.example/001100.pdf,,True
TXN-003077,****-****-****-4008,COMFORT INN 442,272.45,375.71,USD,1.379,2025-11-29 19:58:00,7011,"Hotels, Motels & Resorts",TXC-008,EMP008,Eric Tran,Operations,EMP003,4,APPROVED,,,,,,,https://receipts.brim.example/003077.pdf,TRIP-0200,True
TXN-000938,****-****-****-4009,PRECISE PARKLINK,13.72,18.92,USD,1.379,2025-11-29 20:29:00,7523,Parking Lots & Garages,TXC-009,EMP009,Grace Lee,Operations,EMP008,3,APPROVED,,,,,,,https://receipts.brim.example/000938.pdf,,True
TXN-003045,****-****-****-4009,SUBWAY 40021,10.28,14.18,USD,1.379,2025-11-29 20:49:00,5814,Fast Food Restaurants,TXC-009,EMP009,Grace Lee,Operations,EMP008,3,APPROVED,,,,,,,https://receipts.brim.example/003045.pdf,,True
TXN-003304,****-****-****-4008,ULTRAMAR 55,54.23,74.78,USD,1.379,2025-11-29 21:50:00,5172,Petroleum & Petroleum Products,TXC-008,EMP008,Eric Tran,Operations,EMP003,4,APPROVED,,,,,,,https://receipts.brim.example/003304.pdf,,True
TXN-003078,****-****-****-4008,SUBWAY 40021,51.92,71.6,USD,1.379,2025-11-29 23:29:00,5812,Eating Places & Restaurants,TXC-008,EMP008,Eric Tran,Operations,EMP003,4,APPROVED,,,,,,,https://receipts.brim.example/003078.pdf,TRIP-0200,True
TXN-002499,****-****-****-4008,FLYING J #771,26.73,36.86,USD,1.379,2025-11-30 07:02:00,5541,Service Stations,TXC-008,EMP008,Eric Tran,Operations,EMP003,4,APPROVED,,,,,,,https://receipts.brim.example/002499.pdf,,True
TXN-000672,****-****-****-4005,ROGERS WIRELESS,90.4,124.66,USD,1.379,2025-11-30 08:55:00,4814,Telecom Services,TXC-005,EMP005,Dana Park,Finance,EMP002,3,APPROVED,,,,,,,https://receipts.brim.example/000672.pdf,,True
TXN-003697,****-****-****-4004,ROADSIDE GRILL CO,35.52,48.98,USD,1.379,2025-11-30 10:13:00,5814,Fast Food Restaurants,TXC-004,EMP004,Alice Chen,Finance,EMP002,4,APPROVED,,,,,,,https://receipts.brim.example/003697.pdf,,True
TXN-000918,****-****-****-4009,A&W STORE 551,38.23,52.72,USD,1.379,2025-11-30 11:04:00,5814,Fast Food Restaurants,TXC-009,EMP009,Grace Lee,Operations,EMP008,3,APPROVED,,,,,,,https://receipts.brim.example/000918.pdf,,True
TXN-001116,****-****-****-4002,ULTRAMAR 55,87.61,120.81,USD,1.379,2025-11-30 11:22:00,5172,Petroleum & Petroleum Products,TXC-002,EMP002,Priya Nair,Finance,EMP001,5,APPROVED,,,,,,,https://receipts.brim.example/001116.pdf,,True
TXN-003280,****-****-****-4004,MCDONALDS DT QPS,32.62,44.98,USD,1.379,2025-11-30 12:58:00,5812,Eating Places & Restaurants,TXC-004,EMP004,Alice Chen,Finance,EMP002,4,APPROVED,,,,,,,https://receipts.brim.example/003280.pdf,TRIP-0217,True
TXN-003081,****-****-****-4007,QUICK FUEL STOP,6.78,9.35,USD,1.379,2025-11-30 13:41:00,5172,Petroleum & Petroleum Products,TXC-007,EMP007,Carol White,Finance,EMP004,2,APPROVED,,,,,,,https://receipts.brim.example/003081.pdf,,True
TXN-003534,****-****-****-4007,A&W STORE 551,58.88,81.2,USD,1.379,2025-11-30 14:25:00,5814,Fast Food Restaurants,TXC-007,EMP007,Carol White,Finance,EMP004,2,APPROVED,,,,,,,https://receipts.brim.example/003534.pdf,,True
TXN-003915,****-****-****-4004,HOME DEPOT 88,370.13,510.41,USD,1.379,2025-11-30 14:36:00,5045,Computers & Peripherals,TXC-004,EMP004,Alice Chen,Finance,EMP002,4,APPROVED,,,,,,,https://receipts.brim.example/003915.pdf,,True
TXN-000574,****-****-****-4007,PETRO-CANADA 8821,102.62,141.51,USD,1.379,2025-11-30 14:58:00,5172,Petroleum & Petroleum Products,TXC-007,EMP007,Carol White,Finance,EMP004,2,APPROVED,,,,,,,https://receipts.brim.example/000574.pdf,,True
TXN-001763,****-****-****-4008,QUICK FUEL STOP,83.67,115.38,USD,1.379,2025-11-30 15:30:00,5541,Service Stations,TXC-008,EMP008,Eric Tran,Operations,EMP003,4,APPROVED,,,,,,,https://receipts.brim.example/001763.pdf,,True
TXN-003543,****-****-****-4008,DAYS INN 209,146.02,201.36,USD,1.379,2025-11-30 15:44:00,7011,"Hotels, Motels & Resorts",TXC-008,EMP008,Eric Tran,Operations,EMP003,4,APPROVED,,,,,,,https://receipts.brim.example/003543.pdf,TRIP-0234,True
TXN-003729,****-****-****-4007,A&W STORE 551,12.42,17.13,USD,1.379,2025-11-30 16:21:00,5812,Eating Places & Restaurants,TXC-007,EMP007,Carol White,Finance,EMP004,2,APPROVED,,,,,,,https://receipts.brim.example/003729.pdf,,True
TXN-003005,****-****-****-4009,407 ETR TOLL,25.03,34.52,USD,1.379,2025-11-30 18:07:00,7523,Parking Lots & Garages,TXC-009,EMP009,Grace Lee,Operations,EMP008,3,APPROVED,,,,,,,https://receipts.brim.example/003005.pdf,,True
TXN-001174,****-****-****-4009,ULTRAMAR 55,58.95,81.29,USD,1.379,2025-11-30 18:17:00,5172,Petroleum & Petroleum Products,TXC-009,EMP009,Grace Lee,Operations,EMP008,3,APPROVED,,,,,,,https://receipts.brim.example/001174.pdf,,True
TXN-003874,****-****-****-4009,WENDYS 7781,20.35,28.06,USD,1.379,2025-11-30 19:16:00,5814,Fast Food Restaurants,TXC-009,EMP009,Grace Lee,Operations,EMP008,3,APPROVED,,,,,,,https://receipts.brim.example/003874.pdf,,True
TXN-001315,****-****-****-4008,BEST BUY 112,169.79,234.14,USD,1.379,2025-11-30 19:47:00,5300,Wholesale Clubs,TXC-008,EMP008,Eric Tran,Operations,EMP003,4,PENDING,,,,,,,,,False
TXN-001553,****-****-****-4008,ROGERS WIRELESS,386.71,533.27,USD,1.379,2025-11-30 20:25:00,4814,Telecom Services,TXC-008,EMP008,Eric Tran,Operations,EMP003,4,APPROVED,,,,,,,https://receipts.brim.example/001553.pdf,,True
TXN-003544,****-****-****-4008,PILOT TRAVEL 209,26.98,37.21,USD,1.379,2025-11-30 20:30:00,5541,Service Stations,TXC-008,EMP008,Eric Tran,Operations,EMP003,4,APPROVED,,,,,,,https://receipts.brim.example/003544.pdf,TRIP-0234,True
TXN-000657,****-****-****-4001,COMFORT INN 442,247.68,341.55,USD,1.379,2025-11-30 20:36:00,7011,"Hotels, Motels & Resorts",TXC-001,EMP001,Olivia Reyes,Executive,,6,APPROVED,,,,,,,https://receipts.brim.example/000657.pdf,,True
TXN-003106,****-****-****-4007,ESSO RETAIL 113,62.89,86.73,USD,1.379,2025-11-30 20:53:00,5541,Service Stations,TXC-007,EMP007,Carol White,Finance,EMP004,2,APPROVED,,,,,,,https://receipts.brim.example/003106.pdf,TRIP-0202,True
TXN-002407,****-****-****-4007,GREEN P PARKING,32.51,44.83,USD,1.379,2025-12-01 09:18:00,4131,Bus Lines / Tolls,TXC-007,EMP007,Carol White,Finance,EMP004,2,APPROVED,,,,,,,https://receipts.brim.example/002407.pdf,,True
TXN-001525,****-****-****-4008,TIM HORTONS #882,50.42,69.53,USD,1.379,2025-12-01 09:54:00,5812,Eating Places & Restaurants,TXC-008,EMP008,Eric Tran,Operations,EMP003,4,APPROVED,,,,,,,https://receipts.brim.example/001525.pdf,,True
TXN-003115,****-****-****-4003,DAYS INN 209,114.61,158.05,USD,1.379,2025-12-01 09:55:00,7011,"Hotels, Motels & Resorts",TXC-003,EMP003,Marcus Webb,Operations,EMP001,5,APPROVED,,,,,,,https://receipts.brim.example/003115.pdf,TRIP-0203,True
TXN-001612,****-****-****-4001,ROADSIDE GRILL CO,13.04,17.98,USD,1.379,2025-12-01 10:39:00,5812,Eating Places & Restaurants,TXC-001,EMP001,Olivia Reyes,Executive,,6,APPROVED,,,,,,,https://receipts.brim.example/001612.pdf,,True
TXN-002882,****-****-****-4007,DAYS INN 209,269.38,371.48,USD,1.379,2025-12-01 11:51:00,7011,"Hotels, Motels & Resorts",TXC-007,EMP007,Carol White,Finance,EMP004,2,PENDING,,,,,,,https://receipts.brim.example/002882.pdf,,False
TXN-001225,****-****-****-4001,PILOT TRAVEL 209,41.6,57.37,USD,1.379,2025-12-01 12:10:00,5541,Service Stations,TXC-001,EMP001,Olivia Reyes,Executive,,6,APPROVED,,,,,,,https://receipts.brim.example/001225.pdf,,True
TXN-001314,****-****-****-4001,SUBWAY 40021,12.38,17.07,USD,1.379,2025-12-01 13:47:00,5812,Eating Places & Restaurants,TXC-001,EMP001,Olivia Reyes,Executive,,6,APPROVED,,,,,,,https://receipts.brim.example/001314.pdf,,True
TXN-003775,****-****-****-4007,PRECISE PARKLINK,26.85,37.03,USD,1.379,2025-12-01 14:55:00,7523,Parking Lots & Garages,TXC-007,EMP007,Carol White,Finance,EMP004,2,APPROVED,,,,,,,https://receipts.brim.example/003775.pdf,,True
TXN-002029,****-****-****-4004,ROADSIDE GRILL CO,31.29,43.15,USD,1.379,2025-12-01 15:32:00,5814,Fast Food Restaurants,TXC-004,EMP004,Alice Chen,Finance,EMP002,4,APPROVED,,,,,,,https://receipts.brim.example/002029.pdf,,True
TXN-000259,****-****-****-4002,SUPER 8 MOTEL,110.94,152.99,USD,1.379,2025-12-01 15:58:00,7011,"Hotels, Motels & Resorts",TXC-002,EMP002,Priya Nair,Finance,EMP001,5,APPROVED,,,,,,,,,True
TXN-003111,****-****-****-4007,QUICK FUEL STOP,73.74,101.69,USD,1.379,2025-12-01 16:59:00,5172,Petroleum & Petroleum Products,TXC-007,EMP007,Carol White,Finance,EMP004,2,APPROVED,,,,,,,https://receipts.brim.example/003111.pdf,,True
TXN-002803,****-****-****-4008,MIDAS AUTO 21,179.38,247.37,USD,1.379,2025-12-01 18:46:00,7531,Auto Body Repair Shops,TXC-008,EMP008,Eric Tran,Operations,EMP003,4,APPROVED,,,,,,,https://receipts.brim.example/002803.pdf,,True
TXN-003079,****-****-****-4008,ULTRAMAR 55,116.12,160.13,USD,1.379,2025-12-01 20:08:00,5541,Service Stations,TXC-008,EMP008,Eric Tran,Operations,EMP003,4,APPROVED,,,,,,,https://receipts.brim.example/003079.pdf,TRIP-0200,True
TXN-003740,****-****-****-4003,GRAND & TOY 5,5.27,7.27,USD,1.379,2025-12-01 21:13:00,5111,Stationery & Office Supplies,TXC-003,EMP003,Marcus Webb,Operations,EMP001,5,APPROVED,,,,,,,https://receipts.brim.example/003740.pdf,,True
TXN-003117,****-****-****-4003,SUBWAY 40021,38.22,52.71,USD,1.379,2025-12-02 06:47:00,5812,Eating Places & Restaurants,TXC-003,EMP003,Marcus Webb,Operations,EMP001,5,APPROVED,,,,,,,https://receipts.brim.example/003117.pdf,TRIP-0203,True
TXN-003913,****-****-****-4009,BOSTON PIZZA 12,45.43,62.65,USD,1.379,2025-12-02 08:48:00,5812,Eating Places & Restaurants,TXC-009,EMP009,Grace Lee,Operations,EMP008,3,APPROVED,,,,,,,https://receipts.brim.example/003913.pdf,,True
TXN-000862,****-****-****-4008,GREEN P PARKING,21.53,29.69,USD,1.379,2025-12-02 09:12:00,7523,Parking Lots & Garages,TXC-008,EMP008,Eric Tran,Operations,EMP003,4,APPROVED,,,,,,,https://receipts.brim.example/000862.pdf,,True
TXN-002864,****-****-****-4007,WENDYS 7781,16.28,22.45,USD,1.379,2025-12-02 10:08:00,5812,Eating Places & Restaurants,TXC-007,EMP007,Carol White,Finance,EMP004,2,APPROVED,,,,,,,https://receipts.brim.example/002864.pdf,,True
TXN-000084,****-****-****-4005,ALPHA CONSULTING GROUP,1175.6,1621.15,USD,1.379,2025-12-02 11:00:00,4814,Telecom Services,TXC-005,EMP005,Dana Park,Finance,EMP002,3,APPROVED,,,,,,,https://receipts.brim.example/000084.pdf,,True
TXN-004307,****-****-****-4004,GREEN P PARKING,17.39,23.98,USD,1.379,2025-12-02 11:44:00,7523,Parking Lots & Garages,TXC-004,EMP004,Alice Chen,Finance,EMP002,4,APPROVED,,,,,,,https://receipts.brim.example/004307.pdf,,True
TXN-003433,****-****-****-4007,GREEN P PARKING,17.84,24.6,USD,1.379,2025-12-02 11:59:00,4131,Bus Lines / Tolls,TXC-007,EMP007,Carol White,Finance,EMP004,2,APPROVED,,,,,,,https://receipts.brim.example/003433.pdf,,True
TXN-004333,****-****-****-4004,BOSTON PIZZA 12,11.03,15.21,USD,1.379,2025-12-02 13:20:00,5814,Fast Food Restaurants,TXC-004,EMP004,Alice Chen,Finance,EMP002,4,APPROVED,,,,,,,https://receipts.brim.example/004333.pdf,,True
TXN-000674,****-****-****-4006,A&W STORE 551,17.54,24.19,USD,1.379,2025-12-02 13:33:00,5812,Eating Places & Restaurants,TXC-006,EMP006,Bob Kumar,Finance,EMP004,2,APPROVED,,,,,,,https://receipts.brim.example/000674.pdf,,True
TXN-000662,****-****-****-4004,SHELL DT #4421,58.72,80.97,USD,1.379,2025-12-02 15:32:00,5541,Service Stations,TXC-004,EMP004,Alice Chen,Finance,EMP002,4,APPROVED,,,,,,,https://receipts.brim.example/000662.pdf,,True
TXN-003105,****-****-****-4007,SUPER 8 MOTEL,215.97,297.82,USD,1.379,2025-12-02 16:07:00,7011,"Hotels, Motels & Resorts",TXC-007,EMP007,Carol White,Finance,EMP004,2,APPROVED,,,,,,,https://receipts.brim.example/003105.pdf,TRIP-0202,True
TXN-000615,****-****-****-4007,QUICK FUEL STOP,135.87,187.36,USD,1.379,2025-12-02 16:32:00,5541,Service Stations,TXC-007,EMP007,Carol White,Finance,EMP004,2,APPROVED,,,,,,,https://receipts.brim.example/000615.pdf,,True
TXN-004242,****-****-****-4006,FOUNTAIN TIRE,357.03,492.34,USD,1.379,2025-12-02 18:01:00,7531,Auto Body Repair Shops,TXC-006,EMP006,Bob Kumar,Finance,EMP004,2,APPROVED,,,,,,,https://receipts.brim.example/004242.pdf,,True
TXN-000687,****-****-****-4001,FLYING J #771,77.1,106.32,USD,1.379,2025-12-02 18:47:00,5541,Service Stations,TXC-001,EMP001,Olivia Reyes,Executive,,6,PENDING,,,,,,,https://receipts.brim.example/000687.pdf,,False
TXN-003708,****-****-****-4008,WENDYS 7781,12.18,16.8,USD,1.379,2025-12-02 18:49:00,5814,Fast Food Restaurants,TXC-008,EMP008,Eric Tran,Operations,EMP003,4,APPROVED,,,,,,,https://receipts.brim.example/003708.pdf,,True
TXN-000421,****-****-****-4009,ROGERS WIRELESS,122.05,168.31,USD,1.379,2025-12-02 19:01:00,5734,Computer Software Stores,TXC-009,EMP009,Grace Lee,Operations,EMP008,3,APPROVED,,,,,,,https://receipts.brim.example/000421.pdf,,True
TXN-001216,****-****-****-4004,SHELL DT #4421,89.55,123.49,USD,1.379,2025-12-02 19:24:00,5541,Service Stations,TXC-004,EMP004,Alice Chen,Finance,EMP002,4,PENDING,,,,,,,https://receipts.brim.example/001216.pdf,TRIP-0082,False
TXN-003587,****-****-****-4008,GREEN P PARKING,21.88,30.17,USD,1.379,2025-12-02 20:43:00,7523,Parking Lots & Garages,TXC-008,EMP008,Eric Tran,Operations,EMP003,4,APPROVED,,,,,,,https://receipts.brim.example/003587.pdf,,True
TXN-001947,****-****-****-4007,ESSO RETAIL 113,54.58,75.27,USD,1.379,2025-12-03 07:07:00,5541,Service Stations,TXC-007,EMP007,Carol White,Finance,EMP004,2,PENDING,,,,,,,https://receipts.brim.example/001947.pdf,,False
TXN-000598,****-****-****-4009,PETRO-CANADA 8821,96.43,132.98,USD,1.379,2025-12-03 10:16:00,5541,Service Stations,TXC-009,EMP009,Grace Lee,Operations,EMP008,3,PENDING,,,,,,,https://receipts.brim.example/000598.pdf,,False
TXN-000591,****-****-****-4008,ULTRAMAR 55,64.43,88.85,USD,1.379,2025-12-03 10:58:00,5172,Petroleum & Petroleum Products,TXC-008,EMP008,Eric Tran,Operations,EMP003,4,APPROVED,,,,,,,https://receipts.brim.example/000591.pdf,,True
TXN-003116,****-****-****-4003,A&W STORE 551,23.72,32.71,USD,1.379,2025-12-03 12:48:00,5814,Fast Food Restaurants,TXC-003,EMP003,Marcus Webb,Operations,EMP001,5,APPROVED,,,,,,,https://receipts.brim.example/003116.pdf,TRIP-0203,True
TXN-000038,****-****-****-4006,GRAND & TOY 5,59.2,81.64,USD,1.379,2025-12-03 13:00:00,5541,Service Stations,TXC-006,EMP006,Bob Kumar,Finance,EMP004,2,APPROVED,,,,,,,https://receipts.brim.example/000038.pdf,,True
TXN-001218,****-****-****-4004,A&W STORE 551,47.16,65.03,USD,1.379,2025-12-03 13:00:00,5814,Fast Food Restaurants,TXC-004,EMP004,Alice Chen,Finance,EMP002,4,APPROVED,,,,,,,https://receipts.brim.example/001218.pdf,TRIP-0082,True
TXN-001267,****-****-****-4002,SUPER 8 MOTEL,102.88,141.87,USD,1.379,2025-12-03 14:29:00,7011,"Hotels, Motels & Resorts",TXC-002,EMP002,Priya Nair,Finance,EMP001,5,APPROVED,,,,,,,https://receipts.brim.example/001267.pdf,,True
TXN-004189,****-****-****-4004,AMAZON MKTPLACE,23.72,32.71,USD,1.379,2025-12-03 16:49:00,5111,Stationery & Office Supplies,TXC-004,EMP004,Alice Chen,Finance,EMP002,4,APPROVED,,,,,,,https://receipts.brim.example/004189.pdf,,True
TXN-004113,****-****-****-4009,SUBWAY 40021,6.14,8.47,USD,1.379,2025-12-03 17:29:00,5812,Eating Places & Restaurants,TXC-009,EMP009,Grace Lee,Operations,EMP008,3,APPROVED,,,,,,,https://receipts.brim.example/004113.pdf,TRIP-0276,True
TXN-003264,****-****-****-4007,SUPER 8 MOTEL,95.13,131.18,USD,1.379,2025-12-03 19:46:00,7011,"Hotels, Motels & Resorts",TXC-007,EMP007,Carol White,Finance,EMP004,2,PENDING,,,,,,,https://receipts.brim.example/003264.pdf,,False
TXN-000789,****-****-****-4003,FOUNTAIN TIRE,69.7,96.12,USD,1.379,2025-12-03 20:02:00,7531,Auto Body Repair Shops,TXC-003,EMP003,Marcus Webb,Operations,EMP001,5,APPROVED,,,,,,,https://receipts.brim.example/000789.pdf,,True
TXN-002764,****-****-****-4005,ESSO RETAIL 113,50.64,69.83,USD,1.379,2025-12-03 21:20:00,5172,Petroleum & Petroleum Products,TXC-005,EMP005,Dana Park,Finance,EMP002,3,APPROVED,,,,,,,,,True
TXN-001060,****-****-****-4009,TIM HORTONS #882,37.53,51.75,USD,1.379,2025-12-03 22:58:00,5812,Eating Places & Restaurants,TXC-009,EMP009,Grace Lee,Operations,EMP008,3,APPROVED,,,,,,,https://receipts.brim.example/001060.pdf,TRIP-0067,True
TXN-003963,****-****-****-4009,PILOT TRAVEL 209,40.35,55.64,USD,1.379,2025-12-04 07:50:00,5541,Service Stations,TXC-009,EMP009,Grace Lee,Operations,EMP008,3,APPROVED,,,,,,,https://receipts.brim.example/003963.pdf,,True
TXN-003339,****-****-****-4009,ULTRAMAR 55,109.56,151.08,USD,1.379,2025-12-04 08:09:00,5172,Petroleum & Petroleum Products,TXC-009,EMP009,Grace Lee,Operations,EMP008,3,APPROVED,,,,,,,https://receipts.brim.example/003339.pdf,,True
TXN-000147,****-****-****-4007,ESSO RETAIL 113,28.06,38.69,USD,1.379,2025-12-04 08:48:00,5172,Petroleum & Petroleum Products,TXC-007,EMP007,Carol White,Finance,EMP004,2,APPROVED,,,,,,,https://receipts.brim.example/000147.pdf,,True
TXN-003396,****-****-****-4004,QUICK FUEL STOP,44.61,61.52,USD,1.379,2025-12-04 12:00:00,5172,Petroleum & Petroleum Products,TXC-004,EMP004,Alice Chen,Finance,EMP002,4,APPROVED,,,,,,,https://receipts.brim.example/003396.pdf,,True
TXN-001191,****-****-****-4001,ESSO RETAIL 113,88.01,121.37,USD,1.379,2025-12-04 12:13:00,5541,Service Stations,TXC-001,EMP001,Olivia Reyes,Executive,,6,APPROVED,,,,,,,https://receipts.brim.example/001191.pdf,,True
TXN-004260,****-****-****-4008,BEST WESTERN 71,111.86,154.25,USD,1.379,2025-12-04 12:31:00,7011,"Hotels, Motels & Resorts",TXC-008,EMP008,Eric Tran,Operations,EMP003,4,APPROVED,,,,,,,https://receipts.brim.example/004260.pdf,TRIP-0287,True
TXN-002928,****-****-****-4004,IMPARK LOT 88,23.33,32.17,USD,1.379,2025-12-04 14:18:00,7523,Parking Lots & Garages,TXC-004,EMP004,Alice Chen,Finance,EMP002,4,APPROVED,,,,,,,https://receipts.brim.example/002928.pdf,,True
TXN-001215,****-****-****-4004,DAYS INN 209,149.01,205.48,USD,1.379,2025-12-04 14:28:00,7011,"Hotels, Motels & Resorts",TXC-004,EMP004,Alice Chen,Finance,EMP002,4,APPROVED,,,,,,,https://receipts.brim.example/001215.pdf,TRIP-0082,True
TXN-004115,****-****-****-4009,BOSTON PIZZA 12,20.05,27.65,USD,1.379,2025-12-04 14:56:00,5814,Fast Food Restaurants,TXC-009,EMP009,Grace Lee,Operations,EMP008,3,APPROVED,,,,,,,https://receipts.brim.example/004115.pdf,TRIP-0276,True
TXN-003229,****-****-****-4004,ULTRAMAR 55,80.43,110.91,USD,1.379,2025-12-04 14:59:00,5541,Service Stations,TXC-004,EMP004,Alice Chen,Finance,EMP002,4,APPROVED,,,,,,,https://receipts.brim.example/003229.pdf,,True
TXN-004090,****-****-****-4004,ROADSIDE GRILL CO,57.16,78.82,USD,1.379,2025-12-04 15:09:00,5812,Eating Places & Restaurants,TXC-004,EMP004,Alice Chen,Finance,EMP002,4,APPROVED,,,,,,,https://receipts.brim.example/004090.pdf,,True
TXN-003867,****-****-****-4007,FLYING J #771,48.28,66.58,USD,1.379,2025-12-04 15:38:00,5172,Petroleum & Petroleum Products,TXC-007,EMP007,Carol White,Finance,EMP004,2,APPROVED,,,,,,,https://receipts.brim.example/003867.pdf,,True
TXN-004112,****-****-****-4009,COMFORT INN 442,129.67,178.81,USD,1.379,2025-12-04 16:02:00,7011,"Hotels, Motels & Resorts",TXC-009,EMP009,Grace Lee,Operations,EMP008,3,APPROVED,,,,,,,https://receipts.brim.example/004112.pdf,TRIP-0276,True
TXN-001217,****-****-****-4004,PILOT TRAVEL 209,65.01,89.65,USD,1.379,2025-12-04 16:25:00,5541,Service Stations,TXC-004,EMP004,Alice Chen,Finance,EMP002,4,APPROVED,,,,,,,https://receipts.brim.example/001217.pdf,TRIP-0082,True
TXN-001059,****-****-****-4009,ULTRAMAR 55,107.0,147.55,USD,1.379,2025-12-04 16:32:00,5541,Service Stations,TXC-009,EMP009,Grace Lee,Operations,EMP008,3,APPROVED,,,,,,,https://receipts.brim.example/001059.pdf,TRIP-0067,True
TXN-000341,****-****-****-4007,COMFORT INN 442,88.83,122.5,USD,1.379,2025-12-04 16:49:00,7011,"Hotels, Motels & Resorts",TXC-007,EMP007,Carol White,Finance,EMP004,2,APPROVED,,,,,,,https://receipts.brim.example/000341.pdf,TRIP-0021,True
TXN-000440,****-****-****-4007,407 ETR TOLL,22.1,30.48,USD,1.379,2025-12-04 17:08:00,4131,Bus Lines / Tolls,TXC-007,EMP007,Carol White,Finance,EMP004,2,APPROVED,,,,,,,https://receipts.brim.example/000440.pdf,,True
TXN-001058,****-****-****-4009,MCDONALDS DT QPS,33.88,46.72,USD,1.379,2025-12-04 17:31:00,5814,Fast Food Restaurants,TXC-009,EMP009,Grace Lee,Operations,EMP008,3,APPROVED,,,,,,,https://receipts.brim.example/001058.pdf,TRIP-0067,True
TXN-004287,****-****-****-4004,COMFORT INN 442,172.31,237.62,USD,1.379,2025-12-04 18:24:00,7011,"Hotels, Motels & Resorts",TXC-004,EMP004,Alice Chen,Finance,EMP002,4,APPROVED,,,,,,,https://receipts.brim.example/004287.pdf,,True
TXN-001649,****-****-****-4004,SHELL DT #4421,40.49,55.84,USD,1.379,2025-12-04 18:33:00,5172,Petroleum & Petroleum Products,TXC-004,EMP004,Alice Chen,Finance,EMP002,4,APPROVED,,,,,,,https://receipts.brim.example/001649.pdf,,True
TXN-000908,****-****-****-4002,AWS MEMB,114.79,158.3,USD,1.379,2025-12-04 20:00:00,4814,Telecom Services,TXC-002,EMP002,Priya Nair,Finance,EMP001,5,APPROVED,,,,,,,https://receipts.brim.example/000908.pdf,,True
TXN-001584,****-****-****-4009,HOLIDAY INN EXPRESS,56.19,77.49,USD,1.379,2025-12-04 20:30:00,7011,"Hotels, Motels & Resorts",TXC-009,EMP009,Grace Lee,Operations,EMP008,3,APPROVED,,,,,,,https://receipts.brim.example/001584.pdf,,True
TXN-001170,****-****-****-4008,QUICK FUEL STOP,45.89,63.28,USD,1.379,2025-12-05 08:01:00,5541,Service Stations,TXC-008,EMP008,Eric Tran,Operations,EMP003,4,APPROVED,,,,,,,https://receipts.brim.example/001170.pdf,,True
TXN-004261,****-****-****-4008,WENDYS 7781,44.47,61.32,USD,1.379,2025-12-05 09:11:00,5812,Eating Places & Restaurants,TXC-008,EMP008,Eric Tran,Operations,EMP003,4,APPROVED,,,,,,,https://receipts.brim.example/004261.pdf,TRIP-0287,True
TXN-003381,****-****-****-4009,BEST WESTERN 71,147.09,202.84,USD,1.379,2025-12-05 11:04:00,7011,"Hotels, Motels & Resorts",TXC-009,EMP009,Grace Lee,Operations,EMP008,3,PENDING,,,,,,,https://receipts.brim.example/003381.pdf,,False
TXN-002549,****-****-****-4009,SUPER 8 MOTEL,170.05,234.5,USD,1.379,2025-12-05 11:36:00,7011,"Hotels, Motels & Resorts",TXC-009,EMP009,Grace Lee,Operations,EMP008,3,APPROVED,,,,,,,https://receipts.brim.example/002549.pdf,,True
TXN-000009,****-****-****-4009,ROADSIDE GRILL CO,78.0,107.56,USD,1.379,2025-12-05 12:14:00,5812,Eating Places & Restaurants,TXC-009,EMP009,Grace Lee,Operations,EMP008,3,APPROVED,,,,,,,https://receipts.brim.example/000009.pdf,,True
TXN-000010,****-****-****-4008,ROADSIDE GRILL CO,78.0,107.56,USD,1.379,2025-12-05 12:42:00,5812,Eating Places & Restaurants,TXC-008,EMP008,Eric Tran,Operations,EMP003,4,APPROVED,,,,,,,,,True
TXN-001329,****-****-****-4008,A&W STORE 551,29.32,40.43,USD,1.379,2025-12-05 13:22:00,5812,Eating Places & Restaurants,TXC-008,EMP008,Eric Tran,Operations,EMP003,4,APPROVED,,,,,,,https://receipts.brim.example/001329.pdf,TRIP-0090,True
TXN-000343,****-****-****-4007,WENDYS 7781,18.29,25.22,USD,1.379,2025-12-05 14:11:00,5812,Eating Places & Restaurants,TXC-007,EMP007,Carol White,Finance,EMP004,2,APPROVED,,,,,,,https://receipts.brim.example/000343.pdf,TRIP-0021,True
TXN-002493,****-****-****-4007,PILOT TRAVEL 209,98.87,136.34,USD,1.379,2025-12-05 14:21:00,5541,Service Stations,TXC-007,EMP007,Carol White,Finance,EMP004,2,APPROVED,,,,,,,https://receipts.brim.example/002493.pdf,,True
TXN-004195,****-****-****-4003,SHELL DT #4421,53.77,74.15,USD,1.379,2025-12-05 14:56:00,5172,Petroleum & Petroleum Products,TXC-003,EMP003,Marcus Webb,Operations,EMP001,5,PENDING,,,,,,,https://receipts.brim.example/004195.pdf,,False
TXN-004114,****-****-****-4009,PILOT TRAVEL 209,114.76,158.25,USD,1.379,2025-12-05 15:50:00,5172,Petroleum & Petroleum Products,TXC-009,EMP009,Grace Lee,Operations,EMP008,3,APPROVED,,,,,,,,TRIP-0276,True
TXN-002078,****-****-****-4001,DAYS INN 209,205.84,283.85,USD,1.379,2025-12-05 16:03:00,7011,"Hotels, Motels & Resorts",TXC-001,EMP001,Olivia Reyes,Executive,,6,PENDING,,,,,,,https://receipts.brim.example/002078.pdf,,False
TXN-004085,****-****-****-4004,TIM HORTONS #882,17.51,24.15,USD,1.379,2025-12-05 16:07:00,5812,Eating Places & Restaurants,TXC-004,EMP004,Alice Chen,Finance,EMP002,4,APPROVED,,,,,,,https://receipts.brim.example/004085.pdf,,True
TXN-001231,****-****-****-4005,ULTRAMAR 55,36.99,51.01,USD,1.379,2025-12-05 19:02:00,5172,Petroleum & Petroleum Products,TXC-005,EMP005,Dana Park,Finance,EMP002,3,APPROVED,,,,,,,https://receipts.brim.example/001231.pdf,,True
TXN-001057,****-****-****-4009,SUPER 8 MOTEL,85.1,117.35,USD,1.379,2025-12-05 20:39:00,7011,"Hotels, Motels & Resorts",TXC-009,EMP009,Grace Lee,Operations,EMP008,3,APPROVED,,,,,,,https://receipts.brim.example/001057.pdf,TRIP-0067,True
TXN-001045,****-****-****-4007,SHELL DT #4421,103.78,143.11,USD,1.379,2025-12-05 20:47:00,5541,Service Stations,TXC-007,EMP007,Carol White,Finance,EMP004,2,APPROVED,,,,,,,https://receipts.brim.example/001045.pdf,,True
TXN-002374,****-****-****-4009,ESSO RETAIL 113,37.82,52.15,USD,1.379,2025-12-05 21:08:00,5541,Service Stations,TXC-009,EMP009,Grace Lee,Operations,EMP008,3,APPROVED,,,,,,,https://receipts.brim.example/002374.pdf,,True
TXN-000817,****-****-****-4009,WENDYS 7781,35.59,49.08,USD,1.379,2025-12-06 04:00:00,5812,Eating Places & Restaurants,TXC-009,EMP009,Grace Lee,Operations,EMP008,3,APPROVED,,,,,,,https://receipts.brim.example/000817.pdf,TRIP-0046,True
TXN-000404,****-****-****-4009,ROGERS WIRELESS,74.01,102.06,USD,1.379,2025-12-06 07:30:00,4814,Telecom Services,TXC-009,EMP009,Grace Lee,Operations,EMP008,3,APPROVED,,,,,,,https://receipts.brim.example/000404.pdf,,True
TXN-001186,****-****-****-4005,PETRO-CANADA 8821,73.87,101.87,USD,1.379,2025-12-06 07:31:00,5541,Service Stations,TXC-005,EMP005,Dana Park,Finance,EMP002,3,APPROVED,,,,,,,https://receipts.brim.example/001186.pdf,,True
TXN-003057,****-****-****-4009,WENDYS 7781,3.0,4.14,USD,1.379,2025-12-06 09:30:00,5812,Eating Places & Restaurants,TXC-009,EMP009,Grace Lee,Operations,EMP008,3,APPROVED,,,,,,,https://receipts.brim.example/003057.pdf,,True
TXN-004019,****-****-****-4004,COSTCO WHSE 44,58.59,80.8,USD,1.379,2025-12-06 11:20:00,5300,Wholesale Clubs,TXC-004,EMP004,Alice Chen,Finance,EMP002,4,PENDING,,,,,,,https://receipts.brim.example/004019.pdf,,False
TXN-002213,****-****-****-4008,ROGERS WIRELESS,89.1,122.87,USD,1.379,2025-12-06 12:14:00,4814,Telecom Services,TXC-008,EMP008,Eric Tran,Operations,EMP003,4,APPROVED,,,,,,,https://receipts.brim.example/002213.pdf,,True
TXN-001707,****-****-****-4009,SHELL DT #4421,125.43,172.97,USD,1.379,2025-12-06 12:15:00,5172,Petroleum & Petroleum Products,TXC-009,EMP009,Grace Lee,Operations,EMP008,3,APPROVED,,,,,,,,,True
TXN-000584,****-****-****-4007,ESSO RETAIL 113,43.64,60.18,USD,1.379,2025-12-06 13:20:00,5172,Petroleum & Petroleum Products,TXC-007,EMP007,Carol White,Finance,EMP004,2,APPROVED,,,,,,,https://receipts.brim.example/000584.pdf,,True
TXN-001683,****-****-****-4009,QUICK FUEL STOP,46.51,64.14,USD,1.379,2025-12-06 14:54:00,5172,Petroleum & Petroleum Products,TXC-009,EMP009,Grace Lee,Operations,EMP008,3,APPROVED,,,,,,,https://receipts.brim.example/001683.pdf,,True
TXN-000342,****-****-****-4007,PILOT TRAVEL 209,16.01,22.08,USD,1.379,2025-12-06 15:13:00,5541,Service Stations,TXC-007,EMP007,Carol White,Finance,EMP004,2,APPROVED,,,,,,,https://receipts.brim.example/000342.pdf,TRIP-0021,True
TXN-003310,****-****-****-4002,HOME DEPOT 88,109.37,150.82,USD,1.379,2025-12-06 16:28:00,5045,Computers & Peripherals,TXC-002,EMP002,Priya Nair,Finance,EMP001,5,PENDING,,,,,,,https://receipts.brim.example/003310.pdf,,False
TXN-000183,****-****-****-4002,QUICK FUEL STOP,43.7,60.26,USD,1.379,2025-12-06 16:57:00,5541,Service Stations,TXC-002,EMP002,Priya Nair,Finance,EMP001,5,APPROVED,,,,,,,https://receipts.brim.example/000183.pdf,,True
TXN-003169,****-****-****-4004,QUICK FUEL STOP,49.88,68.78,USD,1.379,2025-12-06 18:49:00,5541,Service Stations,TXC-004,EMP004,Alice Chen,Finance,EMP002,4,APPROVED,,,,,,,https://receipts.brim.example/003169.pdf,,True
TXN-003809,****-****-****-4003,MIDAS AUTO 21,209.22,288.51,USD,1.379,2025-12-06 19:13:00,7531,Auto Body Repair Shops,TXC-003,EMP003,Marcus Webb,Operations,EMP001,5,APPROVED,,,,,,,https://receipts.brim.example/003809.pdf,,True
TXN-003824,****-****-****-4009,TIM HORTONS #882,27.32,37.67,USD,1.379,2025-12-06 19:41:00,5812,Eating Places & Restaurants,TXC-009,EMP009,Grace Lee,Operations,EMP008,3,APPROVED,,,,,,,https://receipts.brim.example/003824.pdf,TRIP-0253,True
TXN-004150,****-****-****-4003,TIM HORTONS #882,49.42,68.15,USD,1.379,2025-12-06 20:02:00,5812,Eating Places & Restaurants,TXC-003,EMP003,Marcus Webb,Operations,EMP001,5,APPROVED,,,,,,,https://receipts.brim.example/004150.pdf,,True
TXN-003318,****-****-****-4004,HOLIDAY INN EXPRESS,199.64,275.3,USD,1.379,2025-12-06 20:05:00,7011,"Hotels, Motels & Resorts",TXC-004,EMP004,Alice Chen,Finance,EMP002,4,APPROVED,,,,,,,https://receipts.brim.example/003318.pdf,,True
TXN-003686,****-****-****-4003,QUICK FUEL STOP,54.62,75.32,USD,1.379,2025-12-06 21:32:00,5172,Petroleum & Petroleum Products,TXC-003,EMP003,Marcus Webb,Operations,EMP001,5,APPROVED,,,,,,,,,True
TXN-000273,****-****-****-4009,PILOT TRAVEL 209,34.77,47.95,USD,1.379,2025-12-07 07:41:00,5541,Service Stations,TXC-009,EMP009,Grace Lee,Operations,EMP008,3,APPROVED,,,,,,,https://receipts.brim.example/000273.pdf,,True
TXN-003482,****-****-****-4004,PRECISE PARKLINK,18.33,25.28,USD,1.379,2025-12-07 07:41:00,4131,Bus Lines / Tolls,TXC-004,EMP004,Alice Chen,Finance,EMP002,4,APPROVED,,,,,,,https://receipts.brim.example/003482.pdf,,True
TXN-003159,****-****-****-4003,GREEN P PARKING,7.59,10.47,USD,1.379,2025-12-07 07:49:00,4131,Bus Lines / Tolls,TXC-003,EMP003,Marcus Webb,Operations,EMP001,5,APPROVED,,,,,,,https://receipts.brim.example/003159.pdf,,True
TXN-001110,****-****-****-4008,COSTCO WHSE 44,24.28,33.48,USD,1.379,2025-12-07 08:43:00,5300,Wholesale Clubs,TXC-008,EMP008,Eric Tran,Operations,EMP003,4,APPROVED,,,,,,,https://receipts.brim.example/001110.pdf,,True
TXN-004298,****-****-****-4009,TIM HORTONS #882,12.32,16.99,USD,1.379,2025-12-07 08:57:00,5812,Eating Places & Restaurants,TXC-009,EMP009,Grace Lee,Operations,EMP008,3,APPROVED,,,,,,,https://receipts.brim.example/004298.pdf,,True
TXN-000902,****-****-****-4004,PRECISE PARKLINK,13.32,18.37,USD,1.379,2025-12-07 10:28:00,7523,Parking Lots & Garages,TXC-004,EMP004,Alice Chen,Finance,EMP002,4,APPROVED,,,,,,,https://receipts.brim.example/000902.pdf,,True
TXN-001932,****-****-****-4009,BEST BUY 112,140.3,193.47,USD,1.379,2025-12-07 10:53:00,5300,Wholesale Clubs,TXC-009,EMP009,Grace Lee,Operations,EMP008,3,APPROVED,,,,,,,https://receipts.brim.example/001932.pdf,,True
TXN-000625,****-****-****-4004,ESSO RETAIL 113,50.99,70.32,USD,1.379,2025-12-07 11:42:00,5541,Service Stations,TXC-004,EMP004,Alice Chen,Finance,EMP002,4,APPROVED,,,,,,,https://receipts.brim.example/000625.pdf,,True
TXN-000549,****-****-****-4003,BOSTON PIZZA 12,24.35,33.58,USD,1.379,2025-12-07 12:01:00,5814,Fast Food Restaurants,TXC-003,EMP003,Marcus Webb,Operations,EMP001,5,APPROVED,,,,,,,https://receipts.brim.example/000549.pdf,,True
TXN-003130,****-****-****-4009,WENDYS 7781,19.13,26.38,USD,1.379,2025-12-07 15:20:00,5812,Eating Places & Restaurants,TXC-009,EMP009,Grace Lee,Operations,EMP008,3,APPROVED,,,,,,,https://receipts.brim.example/003130.pdf,,True
TXN-001328,****-****-****-4008,SUPER 8 MOTEL,72.78,100.36,USD,1.379,2025-12-07 16:24:00,7011,"Hotels, Motels & Resorts",TXC-008,EMP008,Eric Tran,Operations,EMP003,4,APPROVED,,,,,,,https://receipts.brim.example/001328.pdf,TRIP-0090,True
TXN-001252,****-****-****-4008,TIM HORTONS #882,42.78,58.99,USD,1.379,2025-12-07 16:48:00,5814,Fast Food Restaurants,TXC-008,EMP008,Eric Tran,Operations,EMP003,4,APPROVED,,,,,,,https://receipts.brim.example/001252.pdf,,True
TXN-000458,****-****-****-4003,AMAZON MKTPLACE,37.33,51.48,USD,1.379,2025-12-07 17:02:00,5943,Stationery & Writing Supplies,TXC-003,EMP003,Marcus Webb,Operations,EMP001,5,APPROVED,,,,,,,https://receipts.brim.example/000458.pdf,,True
TXN-004164,****-****-****-4009,KAL TIRE 9,183.57,253.14,USD,1.379,2025-12-07 17:54:00,7531,Auto Body Repair Shops,TXC-009,EMP009,Grace Lee,Operations,EMP008,3,APPROVED,,,,,,,https://receipts.brim.example/004164.pdf,,True
TXN-001355,****-****-****-4006,GRAND & TOY 5,63.42,87.46,USD,1.379,2025-12-07 18:27:00,5111,Stationery & Office Supplies,TXC-006,EMP006,Bob Kumar,Finance,EMP004,2,APPROVED,,,,,,,https://receipts.brim.example/001355.pdf,,True
TXN-001196,****-****-****-4006,CANADIAN TIRE 445,226.25,312.0,USD,1.379,2025-12-07 18:41:00,7538,Automotive Service Shops,TXC-006,EMP006,Bob Kumar,Finance,EMP004,2,APPROVED,,,,,,,https://receipts.brim.example/001196.pdf,,True
TXN-000294,****-****-****-4004,PETRO-CANADA 8821,45.63,62.92,USD,1.379,2025-12-07 19:00:00,5172,Petroleum & Petroleum Products,TXC-004,EMP004,Alice Chen,Finance,EMP002,4,APPROVED,,,,,,,https://receipts.brim.example/000294.pdf,,True
TXN-003108,****-****-****-4007,ESSO RETAIL 113,100.85,139.07,USD,1.379,2025-12-07 19:00:00,5541,Service Stations,TXC-007,EMP007,Carol White,Finance,EMP004,2,APPROVED,,,,,,,https://receipts.brim.example/003108.pdf,,True
TXN-004050,****-****-****-4003,ESSO RETAIL 113,48.62,67.05,USD,1.379,2025-12-07 19:08:00,5541,Service Stations,TXC-003,EMP003,Marcus Webb,Operations,EMP001,5,APPROVED,,,,,,,https://receipts.brim.example/004050.pdf,,True
TXN-001308,****-****-****-4009,FLYING J #771,78.12,107.73,USD,1.379,2025-12-07 19:58:00,5541,Service Stations,TXC-009,EMP009,Grace Lee,Operations,EMP008,3,APPROVED,,,,,,,https://receipts.brim.example/001308.pdf,,True
TXN-000039,****-****-****-4006,TIM HORTONS #882,54.6,75.29,USD,1.379,2025-12-07 21:00:00,5111,Stationery & Office Supplies,TXC-006,EMP006,Bob Kumar,Finance,EMP004,2,APPROVED,,,,,,,,,True
TXN-002428,****-****-****-4004,FLYING J #771,227.51,313.74,USD,1.379,2025-12-07 21:03:00,5172,Petroleum & Petroleum Products,TXC-004,EMP004,Alice Chen,Finance,EMP002,4,APPROVED,,,,,,,https://receipts.brim.example/002428.pdf,,True
TXN-002932,****-****-****-4008,407 ETR TOLL,33.53,46.24,USD,1.379,2025-12-07 21:40:00,4131,Bus Lines / Tolls,TXC-008,EMP008,Eric Tran,Operations,EMP003,4,APPROVED,,,,,,,https://receipts.brim.example/002932.pdf,,True
TXN-003823,****-****-****-4009,WENDYS 7781,14.2,19.58,USD,1.379,2025-12-08 00:25:00,5812,Eating Places & Restaurants,TXC-009,EMP009,Grace Lee,Operations,EMP008,3,APPROVED,,,,,,,https://receipts.brim.example/003823.pdf,TRIP-0253,True
TXN-000214,****-****-****-4007,BOSTON PIZZA 12,77.08,106.29,USD,1.379,2025-12-08 07:41:00,5814,Fast Food Restaurants,TXC-007,EMP007,Carol White,Finance,EMP004,2,APPROVED,,,,,,,,TRIP-0011,True
TXN-000790,****-****-****-4007,BOSTON PIZZA 12,20.24,27.91,USD,1.379,2025-12-08 07:57:00,5814,Fast Food Restaurants,TXC-007,EMP007,Carol White,Finance,EMP004,2,APPROVED,,,,,,,https://receipts.brim.example/000790.pdf,,True
TXN-000816,****-****-****-4009,HOLIDAY INN EXPRESS,297.11,409.71,USD,1.379,2025-12-08 08:07:00,7011,"Hotels, Motels & Resorts",TXC-009,EMP009,Grace Lee,Operations,EMP008,3,APPROVED,,,,,,,https://receipts.brim.example/000816.pdf,TRIP-0046,True
TXN-001997,****-****-****-4007,QUICK FUEL STOP,29.01,40.0,USD,1.379,2025-12-08 09:09:00,5541,Service Stations,TXC-007,EMP007,Carol White,Finance,EMP004,2,APPROVED,,,,,,,https://receipts.brim.example/001997.pdf,,True
TXN-000486,****-****-****-4002,BEST WESTERN 71,132.24,182.36,USD,1.379,2025-12-08 09:17:00,7011,"Hotels, Motels & Resorts",TXC-002,EMP002,Priya Nair,Finance,EMP001,5,APPROVED,,,,,,,https://receipts.brim.example/000486.pdf,TRIP-0031,True
TXN-002292,****-****-****-4007,SUBWAY 40021,8.3,11.45,USD,1.379,2025-12-08 09:41:00,5812,Eating Places & Restaurants,TXC-007,EMP007,Carol White,Finance,EMP004,2,APPROVED,,,,,,,https://receipts.brim.example/002292.pdf,,True
TXN-001943,****-****-****-4007,DAYS INN 209,149.19,205.73,USD,1.379,2025-12-08 13:30:00,7011,"Hotels, Motels & Resorts",TXC-007,EMP007,Carol White,Finance,EMP004,2,APPROVED,,,,,,,https://receipts.brim.example/001943.pdf,,True
TXN-000085,****-****-****-4005,ALPHA CONSULTING GROUP,1410.35,1944.87,USD,1.379,2025-12-08 14:00:00,4814,Telecom Services,TXC-005,EMP005,Dana Park,Finance,EMP002,3,APPROVED,,,,,,,https://receipts.brim.example/000085.pdf,,True
TXN-001757,****-****-****-4008,SHELL DT #4421,44.56,61.45,USD,1.379,2025-12-08 14:25:00,5172,Petroleum & Petroleum Products,TXC-008,EMP008,Eric Tran,Operations,EMP003,4,APPROVED,,,,,,,https://receipts.brim.example/001757.pdf,,True
TXN-001065,****-****-****-4009,MCDONALDS DT QPS,30.61,42.21,USD,1.379,2025-12-08 14:44:00,5814,Fast Food Restaurants,TXC-009,EMP009,Grace Lee,Operations,EMP008,3,APPROVED,,,,,,,https://receipts.brim.example/001065.pdf,TRIP-0068,True
TXN-003350,****-****-****-4004,MCDONALDS DT QPS,31.41,43.31,USD,1.379,2025-12-08 15:14:00,5814,Fast Food Restaurants,TXC-004,EMP004,Alice Chen,Finance,EMP002,4,APPROVED,,,,,,,https://receipts.brim.example/003350.pdf,,True
TXN-004075,****-****-****-4003,WENDYS 7781,29.51,40.69,USD,1.379,2025-12-08 15:34:00,5812,Eating Places & Restaurants,TXC-003,EMP003,Marcus Webb,Operations,EMP001,5,APPROVED,,,,,,,https://receipts.brim.example/004075.pdf,,True
TXN-002714,****-****-****-4002,SUBWAY 40021,30.44,41.98,USD,1.379,2025-12-08 15:51:00,5812,Eating Places & Restaurants,TXC-002,EMP002,Priya Nair,Finance,EMP001,5,APPROVED,,,,,,,https://receipts.brim.example/002714.pdf,TRIP-0177,True
TXN-002688,****-****-****-4009,SUBWAY 40021,19.79,27.29,USD,1.379,2025-12-08 16:43:00,5812,Eating Places & Restaurants,TXC-009,EMP009,Grace Lee,Operations,EMP008,3,APPROVED,,,,,,,https://receipts.brim.example/002688.pdf,,True
TXN-003262,****-****-****-4007,ULTRAMAR 55,81.16,111.92,USD,1.379,2025-12-08 17:50:00,5541,Service Stations,TXC-007,EMP007,Carol White,Finance,EMP004,2,PENDING,,,,,,,https://receipts.brim.example/003262.pdf,,False
TXN-000225,****-****-****-4009,ROADSIDE GRILL CO,13.65,18.82,USD,1.379,2025-12-08 18:01:00,5812,Eating Places & Restaurants,TXC-009,EMP009,Grace Lee,Operations,EMP008,3,APPROVED,,,,,,,https://receipts.brim.example/000225.pdf,,True
TXN-001088,****-****-****-4002,TIM HORTONS #882,16.38,22.59,USD,1.379,2025-12-08 18:08:00,5812,Eating Places & Restaurants,TXC-002,EMP002,Priya Nair,Finance,EMP001,5,APPROVED,,,,,,,https://receipts.brim.example/001088.pdf,TRIP-0072,True
TXN-001463,****-****-****-4004,COSTCO WHSE 44,81.81,112.82,USD,1.379,2025-12-08 18:57:00,5045,Computers & Peripherals,TXC-004,EMP004,Alice Chen,Finance,EMP002,4,APPROVED,,,,,,,https://receipts.brim.example/001463.pdf,,True
TXN-002506,****-****-****-4002,ROADSIDE GRILL CO,47.54,65.56,USD,1.379,2025-12-08 19:17:00,5814,Fast Food Restaurants,TXC-002,EMP002,Priya Nair,Finance,EMP001,5,APPROVED,,,,,,,https://receipts.brim.example/002506.pdf,,True
TXN-004120,****-****-****-4009,MIDAS AUTO 21,509.49,702.59,USD,1.379,2025-12-08 19:32:00,7531,Auto Body Repair Shops,TXC-009,EMP009,Grace Lee,Operations,EMP008,3,APPROVED,,,,,,,https://receipts.brim.example/004120.pdf,,True
TXN-002093,****-****-****-4005,BOSTON PIZZA 12,33.62,46.36,USD,1.379,2025-12-08 20:46:00,5812,Eating Places & Restaurants,TXC-005,EMP005,Dana Park,Finance,EMP002,3,APPROVED,,,,,,,https://receipts.brim.example/002093.pdf,,True
TXN-004259,****-****-****-4007,ULTRAMAR 55,37.22,51.33,USD,1.379,2025-12-08 20:56:00,5172,Petroleum & Petroleum Products,TXC-007,EMP007,Carol White,Finance,EMP004,2,APPROVED,,,,,,,https://receipts.brim.example/004259.pdf,,True
TXN-000275,****-****-****-4009,ULTRAMAR 55,137.39,189.46,USD,1.379,2025-12-08 21:08:00,5172,Petroleum & Petroleum Products,TXC-009,EMP009,Grace Lee,Operations,EMP008,3,APPROVED,,,,,,,https://receipts.brim.example/000275.pdf,,True
TXN-003822,****-****-****-4009,DAYS INN 209,118.1,162.86,USD,1.379,2025-12-08 21:56:00,7011,"Hotels, Motels & Resorts",TXC-009,EMP009,Grace Lee,Operations,EMP008,3,APPROVED,,,,,,,https://receipts.brim.example/003822.pdf,TRIP-0253,True
TXN-001087,****-****-****-4002,WENDYS 7781,43.99,60.66,USD,1.379,2025-12-08 22:17:00,5812,Eating Places & Restaurants,TXC-002,EMP002,Priya Nair,Finance,EMP001,5,APPROVED,,,,,,,https://receipts.brim.example/001087.pdf,TRIP-0072,True
TXN-000215,****-****-****-4007,BOSTON PIZZA 12,25.07,34.57,USD,1.379,2025-12-09 06:08:00,5814,Fast Food Restaurants,TXC-007,EMP007,Carol White,Finance,EMP004,2,APPROVED,,,,,,,https://receipts.brim.example/000215.pdf,TRIP-0011,True
TXN-000818,****-****-****-4009,ULTRAMAR 55,40.23,55.48,USD,1.379,2025-12-09 06:31:00,5541,Service Stations,TXC-009,EMP009,Grace Lee,Operations,EMP008,3,APPROVED,,,,,,,https://receipts.brim.example/000818.pdf,TRIP-0046,True
TXN-003319,****-****-****-4004,ESSO RETAIL 113,74.13,102.23,USD,1.379,2025-12-09 08:20:00,5172,Petroleum & Petroleum Products,TXC-004,EMP004,Alice Chen,Finance,EMP002,4,APPROVED,,,,,,,https://receipts.brim.example/003319.pdf,,True
TXN-001263,****-****-****-4003,QUICK FUEL STOP,99.17,136.76,USD,1.379,2025-12-09 08:25:00,5541,Service Stations,TXC-003,EMP003,Marcus Webb,Operations,EMP001,5,APPROVED,,,,,,,https://receipts.brim.example/001263.pdf,,True
TXN-003444,****-****-****-4005,WENDYS 7781,8.68,11.97,USD,1.379,2025-12-09 09:44:00,5812,Eating Places & Restaurants,TXC-005,EMP005,Dana Park,Finance,EMP002,3,APPROVED,,,,,,,https://receipts.brim.example/003444.pdf,,True
TXN-000488,****-****-****-4002,PILOT TRAVEL 209,115.14,158.78,USD,1.379,2025-12-09 09:46:00,5541,Service Stations,TXC-002,EMP002,Priya Nair,Finance,EMP001,5,APPROVED,,,,,,,https://receipts.brim.example/000488.pdf,TRIP-0031,True
TXN-002715,****-****-****-4002,SUBWAY 40021,25.34,34.94,USD,1.379,2025-12-09 10:24:00,5814,Fast Food Restaurants,TXC-002,EMP002,Priya Nair,Finance,EMP001,5,APPROVED,,,,,,,https://receipts.brim.example/002715.pdf,TRIP-0177,True
TXN-003151,****-****-****-4004,ULTRAMAR 55,70.55,97.29,USD,1.379,2025-12-09 10:40:00,5172,Petroleum & Petroleum Products,TXC-004,EMP004,Alice Chen,Finance,EMP002,4,APPROVED,,,,,,,https://receipts.brim.example/003151.pdf,TRIP-0206,True
TXN-001066,****-****-****-4009,BOSTON PIZZA 12,19.61,27.04,USD,1.379,2025-12-09 11:00:00,5812,Eating Places & Restaurants,TXC-009,EMP009,Grace Lee,Operations,EMP008,3,APPROVED,,,,,,,https://receipts.brim.example/001066.pdf,TRIP-0068,True
TXN-004243,****-****-****-4008,SHELL DT #4421,40.31,55.59,USD,1.379,2025-12-09 11:16:00,5541,Service Stations,TXC-008,EMP008,Eric Tran,Operations,EMP003,4,APPROVED,,,,,,,https://receipts.brim.example/004243.pdf,,True
TXN-001666,****-****-****-4009,FLYING J #771,60.57,83.53,USD,1.379,2025-12-09 12:07:00,5172,Petroleum & Petroleum Products,TXC-009,EMP009,Grace Lee,Operations,EMP008,3,APPROVED,,,,,,,https://receipts.brim.example/001666.pdf,,True
TXN-001175,****-****-****-4004,TIM HORTONS #882,11.65,16.07,USD,1.379,2025-12-09 12:41:00,5812,Eating Places & Restaurants,TXC-004,EMP004,Alice Chen,Finance,EMP002,4,APPROVED,,,,,,,https://receipts.brim.example/001175.pdf,,True
TXN-002682,****-****-****-4002,MICROSOFT 365,239.22,329.88,USD,1.379,2025-12-09 13:17:00,4814,Telecom Services,TXC-002,EMP002,Priya Nair,Finance,EMP001,5,APPROVED,,,,,,,https://receipts.brim.example/002682.pdf,,True
TXN-001064,****-****-****-4009,COMFORT INN 442,114.43,157.8,USD,1.379,2025-12-09 14:17:00,7011,"Hotels, Motels & Resorts",TXC-009,EMP009,Grace Lee,Operations,EMP008,3,APPROVED,,,,,,,https://receipts.brim.example/001064.pdf,TRIP-0068,True
TXN-003150,****-****-****-4004,COMFORT INN 442,148.16,204.31,USD,1.379,2025-12-09 15:04:00,7011,"Hotels, Motels & Resorts",TXC-004,EMP004,Alice Chen,Finance,EMP002,4,APPROVED,,,,,,,https://receipts.brim.example/003150.pdf,TRIP-0206,True
TXN-002603,****-****-****-4008,SUBWAY 40021,16.85,23.24,USD,1.379,2025-12-09 16:10:00,5812,Eating Places & Restaurants,TXC-008,EMP008,Eric Tran,Operations,EMP003,4,APPROVED,,,,,,,https://receipts.brim.example/002603.pdf,,True
TXN-001330,****-****-****-4008,SUBWAY 40021,29.08,40.1,USD,1.379,2025-12-09 16:54:00,5812,Eating Places & Restaurants,TXC-008,EMP008,Eric Tran,Operations,EMP003,4,APPROVED,,,,,,,https://receipts.brim.example/001330.pdf,TRIP-0090,True
TXN-004152,****-****-****-4008,PETRO-CANADA 8821,86.21,118.88,USD,1.379,2025-12-09 17:00:00,5172,Petroleum & Petroleum Products,TXC-008,EMP008,Eric Tran,Operations,EMP003,4,PENDING,,,,,,,https://receipts.brim.example/004152.pdf,,False
TXN-002599,****-****-****-4008,SHELL DT #4421,55.47,76.49,USD,1.379,2025-12-09 17:28:00,5172,Petroleum & Petroleum Products,TXC-008,EMP008,Eric Tran,Operations,EMP003,4,APPROVED,,,,,,,https://receipts.brim.example/002599.pdf,,True
TXN-001251,****-****-****-4004,PETRO-CANADA 8821,105.96,146.12,USD,1.379,2025-12-09 19:12:00,5172,Petroleum & Petroleum Products,TXC-004,EMP004,Alice Chen,Finance,EMP002,4,APPROVED,,,,,,,https://receipts.brim.example/001251.pdf,,True
TXN-002839,****-****-****-4008,SHELL DT #4421,63.71,87.86,USD,1.379,2025-12-09 20:22:00,5172,Petroleum & Petroleum Products,TXC-008,EMP008,Eric Tran,Operations,EMP003,4,APPROVED,,,,,,,,,True
TXN-003765,****-****-****-4009,HOME DEPOT 88,259.57,357.95,USD,1.379,2025-12-09 20:40:00,5300,Wholesale Clubs,TXC-009,EMP009,Grace Lee,Operations,EMP008,3,APPROVED,,,,,,,https://receipts.brim.example/003765.pdf,,True
TXN-000387,****-****-****-4008,QUICK FUEL STOP,53.9,74.33,USD,1.379,2025-12-09 21:04:00,5172,Petroleum & Petroleum Products,TXC-008,EMP008,Eric Tran,Operations,EMP003,4,APPROVED,,,,,,,https://receipts.brim.example/000387.pdf,TRIP-0025,True
TXN-001086,****-****-****-4002,HOLIDAY INN EXPRESS,96.38,132.91,USD,1.379,2025-12-09 21:16:00,7011,"Hotels, Motels & Resorts",TXC-002,EMP002,Priya Nair,Finance,EMP001,5,APPROVED,,,,,,,,TRIP-0072,True
TXN-001265,****-****-****-4004,PILOT TRAVEL 209,64.22,88.56,USD,1.379,2025-12-09 21:24:00,5172,Petroleum & Petroleum Products,TXC-004,EMP004,Alice Chen,Finance,EMP002,4,APPROVED,,,,,,,https://receipts.brim.example/001265.pdf,,True
TXN-000487,****-****-****-4002,WENDYS 7781,32.4,44.68,USD,1.379,2025-12-10 07:18:00,5812,Eating Places & Restaurants,TXC-002,EMP002,Priya Nair,Finance,EMP001,5,APPROVED,,,,,,,https://receipts.brim.example/000487.pdf,TRIP-0031,True
TXN-001659,****-****-****-4007,PRECISE PARKLINK,26.62,36.71,USD,1.379,2025-12-10 07:37:00,7523,Parking Lots & Garages,TXC-007,EMP007,Carol White,Finance,EMP004,2,APPROVED,,,,,,,https://receipts.brim.example/001659.pdf,,True
TXN-003599,****-****-****-4004,ESSO RETAIL 113,77.08,106.29,USD,1.379,2025-12-10 07:59:00,5541,Service Stations,TXC-004,EMP004,Alice Chen,Finance,EMP002,4,APPROVED,,,,,,,https://receipts.brim.example/003599.pdf,,True
TXN-000213,****-****-****-4007,BEST WESTERN 71,131.73,181.66,USD,1.379,2025-12-10 08:56:00,7011,"Hotels, Motels & Resorts",TXC-007,EMP007,Carol White,Finance,EMP004,2,APPROVED,,,,,,,https://receipts.brim.example/000213.pdf,TRIP-0011,True
TXN-001053,****-****-****-4001,BOSTON PIZZA 12,23.79,32.81,USD,1.379,2025-12-10 09:37:00,5814,Fast Food Restaurants,TXC-001,EMP001,Olivia Reyes,Executive,,6,APPROVED,,,,,,,https://receipts.brim.example/001053.pdf,,True
TXN-003597,****-****-****-4008,AMAZON MKTPLACE,36.95,50.95,USD,1.379,2025-12-10 10:20:00,5111,Stationery & Office Supplies,TXC-008,EMP008,Eric Tran,Operations,EMP003,4,APPROVED,,,,,,,https://receipts.brim.example/003597.pdf,,True
TXN-002713,****-****-****-4002,SUBWAY 40021,18.61,25.66,USD,1.379,2025-12-10 11:22:00,5812,Eating Places & Restaurants,TXC-002,EMP002,Priya Nair,Finance,EMP001,5,APPROVED,,,,,,,https://receipts.brim.example/002713.pdf,TRIP-0177,True
TXN-002712,****-****-****-4002,DAYS INN 209,108.67,149.86,USD,1.379,2025-12-10 11:47:00,7011,"Hotels, Motels & Resorts",TXC-002,EMP002,Priya Nair,Finance,EMP001,5,APPROVED,,,,,,,https://receipts.brim.example/002712.pdf,TRIP-0177,True
TXN-001436,****-****-****-4007,HOLIDAY INN EXPRESS,231.3,318.96,USD,1.379,2025-12-10 12:45:00,7011,"Hotels, Motels & Resorts",TXC-007,EMP007,Carol White,Finance,EMP004,2,APPROVED,,,,,,,https://receipts.brim.example/001436.pdf,,True
TXN-003082,****-****-****-4004,KAL TIRE 9,184.39,254.27,USD,1.379,2025-12-10 16:38:00,7538,Automotive Service Shops,TXC-004,EMP004,Alice Chen,Finance,EMP002,4,APPROVED,,,,,,,https://receipts.brim.example/003082.pdf,,True
TXN-000201,****-****-****-4002,MCDONALDS DT QPS,21.5,29.65,USD,1.379,2025-12-10 17:07:00,5812,Eating Places & Restaurants,TXC-002,EMP002,Priya Nair,Finance,EMP001,5,APPROVED,,,,,,,https://receipts.brim.example/000201.pdf,,True
TXN-002458,****-****-****-4004,BOSTON PIZZA 12,39.21,54.07,USD,1.379,2025-12-10 17:44:00,5812,Eating Places & Restaurants,TXC-004,EMP004,Alice Chen,Finance,EMP002,4,APPROVED,,,,,,,https://receipts.brim.example/002458.pdf,,True
TXN-000527,****-****-****-4009,FLYING J #771,57.6,79.43,USD,1.379,2025-12-10 17:58:00,5172,Petroleum & Petroleum Products,TXC-009,EMP009,Grace Lee,Operations,EMP008,3,APPROVED,,,,,,,https://receipts.brim.example/000527.pdf,,True
TXN-003152,****-****-****-4004,PETRO-CANADA 8821,63.44,87.48,USD,1.379,2025-12-10 18:14:00,5541,Service Stations,TXC-004,EMP004,Alice Chen,Finance,EMP002,4,APPROVED,,,,,,,https://receipts.brim.example/003152.pdf,TRIP-0206,True
TXN-001532,****-****-****-4008,ULTRAMAR 55,51.47,70.98,USD,1.379,2025-12-10 21:34:00,5172,Petroleum & Petroleum Products,TXC-008,EMP008,Eric Tran,Operations,EMP003,4,APPROVED,,,,,,,https://receipts.brim.example/001532.pdf,,True
TXN-004094,****-****-****-4009,TIM HORTONS #882,37.25,51.37,USD,1.379,2025-12-11 07:52:00,5814,Fast Food Restaurants,TXC-009,EMP009,Grace Lee,Operations,EMP008,3,APPROVED,,,,,,,https://receipts.brim.example/004094.pdf,,True
TXN-001748,****-****-****-4008,WENDYS 7781,31.84,43.91,USD,1.379,2025-12-11 10:04:00,5812,Eating Places & Restaurants,TXC-008,EMP008,Eric Tran,Operations,EMP003,4,APPROVED,,,,,,,https://receipts.brim.example/001748.pdf,,True
TXN-002471,****-****-****-4009,PILOT TRAVEL 209,56.62,78.08,USD,1.379,2025-12-11 13:18:00,5172,Petroleum & Petroleum Products,TXC-009,EMP009,Grace Lee,Operations,EMP008,3,APPROVED,,,,,,,https://receipts.brim.example/002471.pdf,,True
TXN-002993,****-****-****-4007,GRAND & TOY 5,26.37,36.36,USD,1.379,2025-12-11 13:53:00,5943,Stationery & Writing Supplies,TXC-007,EMP007,Carol White,Finance,EMP004,2,APPROVED,,,,,,,https://receipts.brim.example/002993.pdf,,True
TXN-001821,****-****-****-4009,CANADIAN TIRE 445,137.58,189.72,USD,1.379,2025-12-11 14:09:00,7531,Auto Body Repair Shops,TXC-009,EMP009,Grace Lee,Operations,EMP008,3,APPROVED,,,,,,,https://receipts.brim.example/001821.pdf,,True
TXN-002430,****-****-****-4007,SUBWAY 40021,30.33,41.83,USD,1.379,2025-12-11 14:24:00,5814,Fast Food Restaurants,TXC-007,EMP007,Carol White,Finance,EMP004,2,APPROVED,,,,,,,https://receipts.brim.example/002430.pdf,,True
TXN-000939,****-****-****-4005,ULTRAMAR 55,90.54,124.85,USD,1.379,2025-12-11 14:55:00,5541,Service Stations,TXC-005,EMP005,Dana Park,Finance,EMP002,3,APPROVED,,,,,,,https://receipts.brim.example/000939.pdf,,True
TXN-002364,****-****-****-4009,GRAND & TOY 5,151.59,209.04,USD,1.379,2025-12-11 15:55:00,5943,Stationery & Writing Supplies,TXC-009,EMP009,Grace Lee,Operations,EMP008,3,APPROVED,,,,,,,https://receipts.brim.example/002364.pdf,,True
TXN-002437,****-****-****-4004,ULTRAMAR 55,33.32,45.95,USD,1.379,2025-12-11 19:44:00,5541,Service Stations,TXC-004,EMP004,Alice Chen,Finance,EMP002,4,APPROVED,,,,,,,https://receipts.brim.example/002437.pdf,,True
TXN-000447,****-****-****-4009,SUPER 8 MOTEL,161.4,222.57,USD,1.379,2025-12-11 20:03:00,7011,"Hotels, Motels & Resorts",TXC-009,EMP009,Grace Lee,Operations,EMP008,3,APPROVED,,,,,,,https://receipts.brim.example/000447.pdf,,True
TXN-000386,****-****-****-4008,COMFORT INN 442,141.47,195.09,USD,1.379,2025-12-11 20:21:00,7011,"Hotels, Motels & Resorts",TXC-008,EMP008,Eric Tran,Operations,EMP003,4,PENDING,,,,,,,https://receipts.brim.example/000386.pdf,TRIP-0025,False
TXN-003952,****-****-****-4002,IMPARK LOT 88,29.77,41.05,USD,1.379,2025-12-12 07:09:00,7523,Parking Lots & Garages,TXC-002,EMP002,Priya Nair,Finance,EMP001,5,APPROVED,,,,,,,https://receipts.brim.example/003952.pdf,,True
TXN-002039,****-****-****-4001,ULTRAMAR 55,36.24,49.97,USD,1.379,2025-12-12 10:11:00,5541,Service Stations,TXC-001,EMP001,Olivia Reyes,Executive,,6,APPROVED,,,,,,,https://receipts.brim.example/002039.pdf,,True
TXN-000040,****-****-****-4006,MCDONALDS DT QPS,110.0,151.69,USD,1.379,2025-12-12 11:00:00,5943,Stationery & Writing Supplies,TXC-006,EMP006,Bob Kumar,Finance,EMP004,2,APPROVED,,,,,,,https://receipts.brim.example/000040.pdf,,True
TXN-003222,****-****-****-4008,QUICK FUEL STOP,44.67,61.6,USD,1.379,2025-12-12 11:45:00,5541,Service Stations,TXC-008,EMP008,Eric Tran,Operations,EMP003,4,APPROVED,,,,,,,https://receipts.brim.example/003222.pdf,,True
TXN-003593,****-****-****-4007,ESSO RETAIL 113,43.2,59.57,USD,1.379,2025-12-12 12:04:00,5541,Service Stations,TXC-007,EMP007,Carol White,Finance,EMP004,2,APPROVED,,,,,,,https://receipts.brim.example/003593.pdf,,True
TXN-003520,****-****-****-4009,ESSO RETAIL 113,55.7,76.81,USD,1.379,2025-12-12 12:28:00,5172,Petroleum & Petroleum Products,TXC-009,EMP009,Grace Lee,Operations,EMP008,3,APPROVED,,,,,,,https://receipts.brim.example/003520.pdf,,True
TXN-001650,****-****-****-4008,A&W STORE 551,21.77,30.02,USD,1.379,2025-12-12 13:02:00,5814,Fast Food Restaurants,TXC-008,EMP008,Eric Tran,Operations,EMP003,4,APPROVED,,,,,,,https://receipts.brim.example/001650.pdf,,True
TXN-003192,****-****-****-4004,MCDONALDS DT QPS,17.46,24.08,USD,1.379,2025-12-12 13:49:00,5814,Fast Food Restaurants,TXC-004,EMP004,Alice Chen,Finance,EMP002,4,APPROVED,,,,,,,https://receipts.brim.example/003192.pdf,,True
TXN-002110,****-****-****-4007,BOSTON PIZZA 12,19.2,26.48,USD,1.379,2025-12-12 15:05:00,5812,Eating Places & Restaurants,TXC-007,EMP007,Carol White,Finance,EMP004,2,APPROVED,,,,,,,https://receipts.brim.example/002110.pdf,,True
TXN-000459,****-****-****-4009,ESSO RETAIL 113,134.94,186.08,USD,1.379,2025-12-12 17:10:00,5172,Petroleum & Petroleum Products,TXC-009,EMP009,Grace Lee,Operations,EMP008,3,APPROVED,,,,,,,https://receipts.brim.example/000459.pdf,,True
TXN-003751,****-****-****-4009,FLYING J #771,86.7,119.56,USD,1.379,2025-12-12 17:28:00,5172,Petroleum & Petroleum Products,TXC-009,EMP009,Grace Lee,Operations,EMP008,3,APPROVED,,,,,,,,,True
TXN-002896,****-****-****-4002,FLYING J #771,125.62,173.23,USD,1.379,2025-12-12 18:17:00,5172,Petroleum & Petroleum Products,TXC-002,EMP002,Priya Nair,Finance,EMP001,5,APPROVED,,,,,,,https://receipts.brim.example/002896.pdf,,True
TXN-003938,****-****-****-4007,A&W STORE 551,15.32,21.13,USD,1.379,2025-12-12 18:52:00,5814,Fast Food Restaurants,TXC-007,EMP007,Carol White,Finance,EMP004,2,APPROVED,,,,,,,https://receipts.brim.example/003938.pdf,,True
TXN-004254,****-****-****-4007,AMAZON MKTPLACE,55.61,76.69,USD,1.379,2025-12-12 19:59:00,5943,Stationery & Writing Supplies,TXC-007,EMP007,Carol White,Finance,EMP004,2,APPROVED,,,,,,,https://receipts.brim.example/004254.pdf,,True
TXN-000388,****-****-****-4008,PILOT TRAVEL 209,47.63,65.68,USD,1.379,2025-12-12 23:07:00,5541,Service Stations,TXC-008,EMP008,Eric Tran,Operations,EMP003,4,APPROVED,,,,,,,https://receipts.brim.example/000388.pdf,TRIP-0025,True
TXN-000700,****-****-****-4004,ULTRAMAR 55,31.02,42.78,USD,1.379,2025-12-13 08:46:00,5172,Petroleum & Petroleum Products,TXC-004,EMP004,Alice Chen,Finance,EMP002,4,APPROVED,,,,,,,https://receipts.brim.example/000700.pdf,,True
TXN-001772,****-****-****-4003,QUICK FUEL STOP,90.6,124.94,USD,1.379,2025-12-13 11:23:00,5172,Petroleum & Petroleum Products,TXC-003,EMP003,Marcus Webb,Operations,EMP001,5,APPROVED,,,,,,,https://receipts.brim.example/001772.pdf,,True
TXN-004304,****-****-****-4003,BOSTON PIZZA 12,32.95,45.44,USD,1.379,2025-12-13 14:41:00,5814,Fast Food Restaurants,TXC-003,EMP003,Marcus Webb,Operations,EMP001,5,APPROVED,,,,,,,https://receipts.brim.example/004304.pdf,,True
TXN-002602,****-****-****-4007,STAPLES #112,29.69,40.94,USD,1.379,2025-12-13 15:09:00,5111,Stationery & Office Supplies,TXC-007,EMP007,Carol White,Finance,EMP004,2,APPROVED,,,,,,,https://receipts.brim.example/002602.pdf,,True
TXN-001297,****-****-****-4002,FOUNTAIN TIRE,207.69,286.4,USD,1.379,2025-12-13 15:18:00,7531,Auto Body Repair Shops,TXC-002,EMP002,Priya Nair,Finance,EMP001,5,APPROVED,,,,,,,https://receipts.brim.example/001297.pdf,,True
TXN-000323,****-****-****-4001,MCDONALDS DT QPS,24.81,34.21,USD,1.379,2025-12-13 16:08:00,5814,Fast Food Restaurants,TXC-001,EMP001,Olivia Reyes,Executive,,6,APPROVED,,,,,,,https://receipts.brim.example/000323.pdf,TRIP-0019,True
TXN-002531,****-****-****-4007,WENDYS 7781,7.15,9.86,USD,1.379,2025-12-13 17:52:00,5814,Fast Food Restaurants,TXC-007,EMP007,Carol White,Finance,EMP004,2,APPROVED,,,,,,,https://receipts.brim.example/002531.pdf,,True
TXN-001038,****-****-****-4004,COSTCO WHSE 44,181.19,249.86,USD,1.379,2025-12-13 19:25:00,5045,Computers & Peripherals,TXC-004,EMP004,Alice Chen,Finance,EMP002,4,APPROVED,,,,,,,https://receipts.brim.example/001038.pdf,,True
TXN-002945,****-****-****-4004,PILOT TRAVEL 209,85.34,117.68,USD,1.379,2025-12-13 20:39:00,5172,Petroleum & Petroleum Products,TXC-004,EMP004,Alice Chen,Finance,EMP002,4,APPROVED,,,,,,,https://receipts.brim.example/002945.pdf,,True
TXN-000769,****-****-****-4007,QUICK FUEL STOP,116.98,161.32,USD,1.379,2025-12-13 21:26:00,5541,Service Stations,TXC-007,EMP007,Carol White,Finance,EMP004,2,APPROVED,,,,,,,https://receipts.brim.example/000769.pdf,,True
TXN-002901,****-****-****-4008,ULTRAMAR 55,30.94,42.67,USD,1.379,2025-12-13 22:00:00,5541,Service Stations,TXC-008,EMP008,Eric Tran,Operations,EMP003,4,APPROVED,,,,,,,https://receipts.brim.example/002901.pdf,,True
TXN-001646,****-****-****-4002,ESSO RETAIL 113,62.8,86.6,USD,1.379,2025-12-14 04:15:00,5541,Service Stations,TXC-002,EMP002,Priya Nair,Finance,EMP001,5,APPROVED,,,,,,,https://receipts.brim.example/001646.pdf,TRIP-0111,True
TXN-001648,****-****-****-4002,WENDYS 7781,11.68,16.11,USD,1.379,2025-12-14 05:59:00,5812,Eating Places & Restaurants,TXC-002,EMP002,Priya Nair,Finance,EMP001,5,APPROVED,,,,,,,https://receipts.brim.example/001648.pdf,TRIP-0111,True
TXN-001647,****-****-****-4002,TIM HORTONS #882,26.67,36.78,USD,1.379,2025-12-14 06:22:00,5812,Eating Places & Restaurants,TXC-002,EMP002,Priya Nair,Finance,EMP001,5,APPROVED,,,,,,,https://receipts.brim.example/001647.pdf,TRIP-0111,True
TXN-001309,****-****-****-4008,GREEN P PARKING,12.84,17.71,USD,1.379,2025-12-14 08:20:00,7523,Parking Lots & Garages,TXC-008,EMP008,Eric Tran,Operations,EMP003,4,APPROVED,,,,,,,https://receipts.brim.example/001309.pdf,,True
TXN-003556,****-****-****-4008,PETRO-CANADA 8821,89.32,123.17,USD,1.379,2025-12-14 08:37:00,5541,Service Stations,TXC-008,EMP008,Eric Tran,Operations,EMP003,4,APPROVED,,,,,,,https://receipts.brim.example/003556.pdf,,True
TXN-004106,****-****-****-4004,WENDYS 7781,30.98,42.72,USD,1.379,2025-12-14 08:42:00,5812,Eating Places & Restaurants,TXC-004,EMP004,Alice Chen,Finance,EMP002,4,APPROVED,,,,,,,https://receipts.brim.example/004106.pdf,,True
TXN-002417,****-****-****-4001,MCDONALDS DT QPS,22.06,30.42,USD,1.379,2025-12-14 09:27:00,5814,Fast Food Restaurants,TXC-001,EMP001,Olivia Reyes,Executive,,6,APPROVED,,,,,,,https://receipts.brim.example/002417.pdf,,True
TXN-001988,****-****-****-4005,BOSTON PIZZA 12,40.04,55.22,USD,1.379,2025-12-14 10:59:00,5814,Fast Food Restaurants,TXC-005,EMP005,Dana Park,Finance,EMP002,3,APPROVED,,,,,,,https://receipts.brim.example/001988.pdf,,True
TXN-002182,****-****-****-4001,QUICK FUEL STOP,41.55,57.3,USD,1.379,2025-12-14 11:00:00,5541,Service Stations,TXC-001,EMP001,Olivia Reyes,Executive,,6,APPROVED,,,,,,,https://receipts.brim.example/002182.pdf,,True
TXN-003609,****-****-****-4004,AWS MEMB,181.1,249.74,USD,1.379,2025-12-14 11:54:00,4814,Telecom Services,TXC-004,EMP004,Alice Chen,Finance,EMP002,4,APPROVED,,,,,,,https://receipts.brim.example/003609.pdf,,True
TXN-000325,****-****-****-4001,ULTRAMAR 55,29.49,40.67,USD,1.379,2025-12-14 15:41:00,5172,Petroleum & Petroleum Products,TXC-001,EMP001,Olivia Reyes,Executive,,6,APPROVED,,,,,,,https://receipts.brim.example/000325.pdf,TRIP-0019,True
TXN-002646,****-****-****-4001,BOSTON PIZZA 12,16.28,22.45,USD,1.379,2025-12-14 16:03:00,5814,Fast Food Restaurants,TXC-001,EMP001,Olivia Reyes,Executive,,6,APPROVED,,,,,,,https://receipts.brim.example/002646.pdf,TRIP-0173,True
TXN-002516,****-****-****-4006,MCDONALDS DT QPS,20.6,28.41,USD,1.379,2025-12-14 17:56:00,5812,Eating Places & Restaurants,TXC-006,EMP006,Bob Kumar,Finance,EMP004,2,APPROVED,,,,,,,https://receipts.brim.example/002516.pdf,,True
TXN-000086,****-****-****-4005,ALPHA CONSULTING GROUP,1025.7,1414.44,USD,1.379,2025-12-14 18:00:00,4814,Telecom Services,TXC-005,EMP005,Dana Park,Finance,EMP002,3,APPROVED,,,,,,,https://receipts.brim.example/000086.pdf,,True
TXN-003383,****-****-****-4008,PILOT TRAVEL 209,24.42,33.68,USD,1.379,2025-12-14 19:08:00,5541,Service Stations,TXC-008,EMP008,Eric Tran,Operations,EMP003,4,APPROVED,,,,,,,https://receipts.brim.example/003383.pdf,,True
TXN-000322,****-****-****-4001,DAYS INN 209,147.19,202.98,USD,1.379,2025-12-14 19:19:00,7011,"Hotels, Motels & Resorts",TXC-001,EMP001,Olivia Reyes,Executive,,6,APPROVED,,,,,,,https://receipts.brim.example/000322.pdf,TRIP-0019,True
TXN-001884,****-****-****-4002,FLYING J #771,34.86,48.07,USD,1.379,2025-12-14 19:58:00,5172,Petroleum & Petroleum Products,TXC-002,EMP002,Priya Nair,Finance,EMP001,5,APPROVED,,,,,,,https://receipts.brim.example/001884.pdf,,True
TXN-003674,****-****-****-4004,FLYING J #771,83.23,114.77,USD,1.379,2025-12-14 20:22:00,5172,Petroleum & Petroleum Products,TXC-004,EMP004,Alice Chen,Finance,EMP002,4,APPROVED,,,,,,,https://receipts.brim.example/003674.pdf,,True
TXN-000324,****-****-****-4001,MCDONALDS DT QPS,19.26,26.56,USD,1.379,2025-12-14 21:05:00,5812,Eating Places & Restaurants,TXC-001,EMP001,Olivia Reyes,Executive,,6,APPROVED,,,,,,,https://receipts.brim.example/000324.pdf,TRIP-0019,True
TXN-003160,****-****-****-4009,SHELL DT #4421,78.79,108.65,USD,1.379,2025-12-14 21:14:00,5172,Petroleum & Petroleum Products,TXC-009,EMP009,Grace Lee,Operations,EMP008,3,APPROVED,,,,,,,https://receipts.brim.example/003160.pdf,,True
TXN-001178,****-****-****-4002,SHELL DT #4421,68.06,93.85,USD,1.379,2025-12-15 08:43:00,5172,Petroleum & Petroleum Products,TXC-002,EMP002,Priya Nair,Finance,EMP001,5,APPROVED,,,,,,,https://receipts.brim.example/001178.pdf,,True
TXN-001645,****-****-****-4002,HOLIDAY INN EXPRESS,68.37,94.28,USD,1.379,2025-12-15 09:07:00,7011,"Hotels, Motels & Resorts",TXC-002,EMP002,Priya Nair,Finance,EMP001,5,APPROVED,,,,,,,https://receipts.brim.example/001645.pdf,TRIP-0111,True
TXN-003951,****-****-****-4008,GOOGLE WORKSPACE,35.89,49.49,USD,1.379,2025-12-15 10:10:00,5734,Computer Software Stores,TXC-008,EMP008,Eric Tran,Operations,EMP003,4,APPROVED,,,,,,,https://receipts.brim.example/003951.pdf,,True
TXN-003978,****-****-****-4009,ULTRAMAR 55,81.04,111.75,USD,1.379,2025-12-15 11:34:00,5172,Petroleum & Petroleum Products,TXC-009,EMP009,Grace Lee,Operations,EMP008,3,APPROVED,,,,,,,https://receipts.brim.example/003978.pdf,,True
TXN-002514,****-****-****-4008,PILOT TRAVEL 209,79.9,110.18,USD,1.379,2025-12-15 12:08:00,5541,Service Stations,TXC-008,EMP008,Eric Tran,Operations,EMP003,4,PENDING,,,,,,,https://receipts.brim.example/002514.pdf,,False
TXN-002645,****-****-****-4001,HOLIDAY INN EXPRESS,101.63,140.15,USD,1.379,2025-12-15 12:14:00,7011,"Hotels, Motels & Resorts",TXC-001,EMP001,Olivia Reyes,Executive,,6,PENDING,,,,,,,https://receipts.brim.example/002645.pdf,TRIP-0173,False
TXN-001835,****-****-****-4002,A&W STORE 551,62.97,86.84,USD,1.379,2025-12-15 15:24:00,5814,Fast Food Restaurants,TXC-002,EMP002,Priya Nair,Finance,EMP001,5,APPROVED,,,,,,,https://receipts.brim.example/001835.pdf,,True
TXN-002313,****-****-****-4002,SHELL DT #4421,75.63,104.29,USD,1.379,2025-12-15 19:12:00,5172,Petroleum & Petroleum Products,TXC-002,EMP002,Priya Nair,Finance,EMP001,5,PENDING,,,,,,,https://receipts.brim.example/002313.pdf,,False
TXN-001841,****-****-****-4003,COMFORT INN 442,157.88,217.72,USD,1.379,2025-12-15 19:37:00,7011,"Hotels, Motels & Resorts",TXC-003,EMP003,Marcus Webb,Operations,EMP001,5,APPROVED,,,,,,,https://receipts.brim.example/001841.pdf,,True
TXN-002556,****-****-****-4004,PETRO-CANADA 8821,213.39,294.26,USD,1.379,2025-12-15 20:44:00,5541,Service Stations,TXC-004,EMP004,Alice Chen,Finance,EMP002,4,APPROVED,,,,,,,https://receipts.brim.example/002556.pdf,,True
TXN-000801,****-****-****-4007,ULTRAMAR 55,37.94,52.32,USD,1.379,2025-12-15 20:48:00,5172,Petroleum & Petroleum Products,TXC-007,EMP007,Carol White,Finance,EMP004,2,APPROVED,,,,,,,https://receipts.brim.example/000801.pdf,,True
TXN-000659,****-****-****-4004,GRAND & TOY 5,35.23,48.58,USD,1.379,2025-12-15 21:22:00,5111,Stationery & Office Supplies,TXC-004,EMP004,Alice Chen,Finance,EMP002,4,APPROVED,,,,,,,https://receipts.brim.example/000659.pdf,,True
TXN-000880,****-****-****-4003,ULTRAMAR 55,168.45,232.29,USD,1.379,2025-12-15 21:24:00,5541,Service Stations,TXC-003,EMP003,Marcus Webb,Operations,EMP001,5,APPROVED,,,,,,,https://receipts.brim.example/000880.pdf,,True
TXN-001885,****-****-****-4003,MICROSOFT 365,85.4,117.77,USD,1.379,2025-12-16 07:13:00,5734,Computer Software Stores,TXC-003,EMP003,Marcus Webb,Operations,EMP001,5,APPROVED,,,,,,,https://receipts.brim.example/001885.pdf,,True
TXN-003943,****-****-****-4004,PETRO-CANADA 8821,55.02,75.87,USD,1.379,2025-12-16 08:54:00,5172,Petroleum & Petroleum Products,TXC-004,EMP004,Alice Chen,Finance,EMP002,4,APPROVED,,,,,,,,TRIP-0266,True
TXN-004135,****-****-****-4002,WENDYS 7781,29.13,40.17,USD,1.379,2025-12-16 09:59:00,5812,Eating Places & Restaurants,TXC-002,EMP002,Priya Nair,Finance,EMP001,5,APPROVED,,,,,,,https://receipts.brim.example/004135.pdf,,True
TXN-003859,****-****-****-4007,ULTRAMAR 55,45.54,62.8,USD,1.379,2025-12-16 10:37:00,5172,Petroleum & Petroleum Products,TXC-007,EMP007,Carol White,Finance,EMP004,2,APPROVED,,,,,,,https://receipts.brim.example/003859.pdf,,True
TXN-000937,****-****-****-4006,ULTRAMAR 55,70.96,97.85,USD,1.379,2025-12-16 12:01:00,5541,Service Stations,TXC-006,EMP006,Bob Kumar,Finance,EMP004,2,APPROVED,,,,,,,,,True
TXN-002136,****-****-****-4005,MCDONALDS DT QPS,37.93,52.31,USD,1.379,2025-12-16 13:41:00,5814,Fast Food Restaurants,TXC-005,EMP005,Dana Park,Finance,EMP002,3,APPROVED,,,,,,,https://receipts.brim.example/002136.pdf,TRIP-0142,True
TXN-000539,****-****-****-4003,ULTRAMAR 55,69.14,95.34,USD,1.379,2025-12-16 14:13:00,5172,Petroleum & Petroleum Products,TXC-003,EMP003,Marcus Webb,Operations,EMP001,5,APPROVED,,,,,,,https://receipts.brim.example/000539.pdf,,True
TXN-001302,****-****-****-4001,HOME DEPOT 88,45.46,62.69,USD,1.379,2025-12-16 14:49:00,5045,Computers & Peripherals,TXC-001,EMP001,Olivia Reyes,Executive,,6,APPROVED,,,,,,,https://receipts.brim.example/001302.pdf,,True
TXN-002897,****-****-****-4006,SUPER 8 MOTEL,90.9,125.35,USD,1.379,2025-12-16 14:55:00,7011,"Hotels, Motels & Resorts",TXC-006,EMP006,Bob Kumar,Finance,EMP004,2,APPROVED,,,,,,,,,True
TXN-003176,****-****-****-4003,PETRO-CANADA 8821,76.89,106.03,USD,1.379,2025-12-16 16:17:00,5172,Petroleum & Petroleum Products,TXC-003,EMP003,Marcus Webb,Operations,EMP001,5,APPROVED,,,,,,,,,True
TXN-002807,****-****-****-4007,ULTRAMAR 55,151.44,208.84,USD,1.379,2025-12-16 17:23:00,5541,Service Stations,TXC-007,EMP007,Carol White,Finance,EMP004,2,APPROVED,,,,,,,https://receipts.brim.example/002807.pdf,,True
TXN-001942,****-****-****-4008,PRECISE PARKLINK,19.95,27.51,USD,1.379,2025-12-16 17:32:00,7523,Parking Lots & Garages,TXC-008,EMP008,Eric Tran,Operations,EMP003,4,APPROVED,,,,,,,https://receipts.brim.example/001942.pdf,,True
TXN-003053,****-****-****-4003,BEST WESTERN 71,147.88,203.93,USD,1.379,2025-12-16 20:17:00,7011,"Hotels, Motels & Resorts",TXC-003,EMP003,Marcus Webb,Operations,EMP001,5,APPROVED,,,,,,,https://receipts.brim.example/003053.pdf,,True
TXN-002719,****-****-****-4008,GREEN P PARKING,27.97,38.57,USD,1.379,2025-12-16 20:49:00,7523,Parking Lots & Garages,TXC-008,EMP008,Eric Tran,Operations,EMP003,4,APPROVED,,,,,,,https://receipts.brim.example/002719.pdf,,True
TXN-000041,****-****-****-4006,SHELL DT #4421,125.5,173.06,USD,1.379,2025-12-16 21:00:00,5812,Eating Places & Restaurants,TXC-006,EMP006,Bob Kumar,Finance,EMP004,2,APPROVED,,,,,,,https://receipts.brim.example/000041.pdf,,True
TXN-000494,****-****-****-4004,ESSO RETAIL 113,86.85,119.77,USD,1.379,2025-12-17 07:33:00,5172,Petroleum & Petroleum Products,TXC-004,EMP004,Alice Chen,Finance,EMP002,4,APPROVED,,,,,,,https://receipts.brim.example/000494.pdf,,True
TXN-002305,****-****-****-4008,SHELL DT #4421,167.93,231.58,USD,1.379,2025-12-17 08:33:00,5541,Service Stations,TXC-008,EMP008,Eric Tran,Operations,EMP003,4,APPROVED,,,,,,,https://receipts.brim.example/002305.pdf,,True
TXN-000103,****-****-****-4002,CANADIAN TIRE 445,145.16,200.18,USD,1.379,2025-12-17 09:15:00,7538,Automotive Service Shops,TXC-002,EMP002,Priya Nair,Finance,EMP001,5,APPROVED,,,,,,,https://receipts.brim.example/000103.pdf,,True
TXN-002285,****-****-****-4002,BEST BUY 112,219.85,303.17,USD,1.379,2025-12-17 12:59:00,5300,Wholesale Clubs,TXC-002,EMP002,Priya Nair,Finance,EMP001,5,APPROVED,,,,,,,https://receipts.brim.example/002285.pdf,,True
TXN-003344,****-****-****-4002,PETRO-CANADA 8821,140.94,194.36,USD,1.379,2025-12-17 13:30:00,5172,Petroleum & Petroleum Products,TXC-002,EMP002,Priya Nair,Finance,EMP001,5,APPROVED,,,,,,,https://receipts.brim.example/003344.pdf,,True
TXN-003516,****-****-****-4002,BEST BUY 112,78.6,108.39,USD,1.379,2025-12-17 13:48:00,5045,Computers & Peripherals,TXC-002,EMP002,Priya Nair,Finance,EMP001,5,PENDING,,,,,,,https://receipts.brim.example/003516.pdf,,False
TXN-002820,****-****-****-4004,BEST BUY 112,52.9,72.95,USD,1.379,2025-12-17 15:24:00,5300,Wholesale Clubs,TXC-004,EMP004,Alice Chen,Finance,EMP002,4,APPROVED,,,,,,,https://receipts.brim.example/002820.pdf,,True
TXN-003481,****-****-****-4007,SHELL DT #4421,192.95,266.08,USD,1.379,2025-12-17 15:34:00,5541,Service Stations,TXC-007,EMP007,Carol White,Finance,EMP004,2,APPROVED,,,,,,,https://receipts.brim.example/003481.pdf,,True
TXN-001931,****-****-****-4004,COSTCO WHSE 44,228.65,315.31,USD,1.379,2025-12-17 16:19:00,5300,Wholesale Clubs,TXC-004,EMP004,Alice Chen,Finance,EMP002,4,PENDING,,,,,,,https://receipts.brim.example/001931.pdf,,False
TXN-002135,****-****-****-4005,COMFORT INN 442,98.4,135.69,USD,1.379,2025-12-17 16:23:00,7011,"Hotels, Motels & Resorts",TXC-005,EMP005,Dana Park,Finance,EMP002,3,APPROVED,,,,,,,https://receipts.brim.example/002135.pdf,TRIP-0142,True
TXN-001623,****-****-****-4008,IMPARK LOT 88,23.14,31.91,USD,1.379,2025-12-17 16:26:00,4131,Bus Lines / Tolls,TXC-008,EMP008,Eric Tran,Operations,EMP003,4,APPROVED,,,,,,,https://receipts.brim.example/001623.pdf,,True
TXN-001696,****-****-****-4003,SHELL DT #4421,88.13,121.53,USD,1.379,2025-12-17 18:48:00,5541,Service Stations,TXC-003,EMP003,Marcus Webb,Operations,EMP001,5,PENDING,,,,,,,https://receipts.brim.example/001696.pdf,,False
TXN-002639,****-****-****-4004,ESSO RETAIL 113,19.09,26.33,USD,1.379,2025-12-17 19:28:00,5541,Service Stations,TXC-004,EMP004,Alice Chen,Finance,EMP002,4,APPROVED,,,,,,,https://receipts.brim.example/002639.pdf,TRIP-0172,True
TXN-003935,****-****-****-4009,ULTRAMAR 55,105.01,144.81,USD,1.379,2025-12-17 20:59:00,5541,Service Stations,TXC-009,EMP009,Grace Lee,Operations,EMP008,3,APPROVED,,,,,,,,,True
TXN-003398,****-****-****-4003,A&W STORE 551,40.98,56.51,USD,1.379,2025-12-17 21:18:00,5812,Eating Places & Restaurants,TXC-003,EMP003,Marcus Webb,Operations,EMP001,5,APPROVED,,,,,,,https://receipts.brim.example/003398.pdf,,True
TXN-001134,****-****-****-4009,COSTCO WHSE 44,257.61,355.24,USD,1.379,2025-12-18 08:42:00,5045,Computers & Peripherals,TXC-009,EMP009,Grace Lee,Operations,EMP008,3,APPROVED,,,,,,,https://receipts.brim.example/001134.pdf,,True
TXN-000945,****-****-****-4009,407 ETR TOLL,10.79,14.88,USD,1.379,2025-12-18 10:25:00,4131,Bus Lines / Tolls,TXC-009,EMP009,Grace Lee,Operations,EMP008,3,APPROVED,,,,,,,https://receipts.brim.example/000945.pdf,,True
TXN-003639,****-****-****-4005,WENDYS 7781,79.77,110.0,USD,1.379,2025-12-18 10:58:00,5814,Fast Food Restaurants,TXC-005,EMP005,Dana Park,Finance,EMP002,3,APPROVED,,,,,,,,,True
TXN-003941,****-****-****-4004,DAYS INN 209,320.77,442.34,USD,1.379,2025-12-18 11:13:00,7011,"Hotels, Motels & Resorts",TXC-004,EMP004,Alice Chen,Finance,EMP002,4,APPROVED,,,,,,,https://receipts.brim.example/003941.pdf,TRIP-0266,True
TXN-002860,****-****-****-4002,STAPLES #112,36.28,50.03,USD,1.379,2025-12-18 12:17:00,5111,Stationery & Office Supplies,TXC-002,EMP002,Priya Nair,Finance,EMP001,5,APPROVED,,,,,,,https://receipts.brim.example/002860.pdf,,True
TXN-000280,****-****-****-4004,TIM HORTONS #882,21.96,30.28,USD,1.379,2025-12-18 13:02:00,5814,Fast Food Restaurants,TXC-004,EMP004,Alice Chen,Finance,EMP002,4,APPROVED,,,,,,,https://receipts.brim.example/000280.pdf,,True
TXN-002371,****-****-****-4003,QUICK FUEL STOP,37.38,51.55,USD,1.379,2025-12-18 13:20:00,5541,Service Stations,TXC-003,EMP003,Marcus Webb,Operations,EMP001,5,APPROVED,,,,,,,https://receipts.brim.example/002371.pdf,,True
TXN-002791,****-****-****-4001,ULTRAMAR 55,75.17,103.66,USD,1.379,2025-12-18 13:40:00,5541,Service Stations,TXC-001,EMP001,Olivia Reyes,Executive,,6,PENDING,,,,,,,https://receipts.brim.example/002791.pdf,,False
TXN-004232,****-****-****-4009,ROADSIDE GRILL CO,19.88,27.41,USD,1.379,2025-12-18 13:46:00,5812,Eating Places & Restaurants,TXC-009,EMP009,Grace Lee,Operations,EMP008,3,APPROVED,,,,,,,https://receipts.brim.example/004232.pdf,,True
TXN-002112,****-****-****-4005,ROADSIDE GRILL CO,25.69,35.43,USD,1.379,2025-12-18 14:10:00,5814,Fast Food Restaurants,TXC-005,EMP005,Dana Park,Finance,EMP002,3,APPROVED,,,,,,,https://receipts.brim.example/002112.pdf,,True
TXN-002225,****-****-****-4009,MIDAS AUTO 21,180.2,248.5,USD,1.379,2025-12-18 15:06:00,7531,Auto Body Repair Shops,TXC-009,EMP009,Grace Lee,Operations,EMP008,3,PENDING,,,,,,,https://receipts.brim.example/002225.pdf,,False
TXN-002804,****-****-****-4002,CANADIAN TIRE 445,189.64,261.51,USD,1.379,2025-12-18 15:58:00,7538,Automotive Service Shops,TXC-002,EMP002,Priya Nair,Finance,EMP001,5,PENDING,,,,,,,https://receipts.brim.example/002804.pdf,,False
TXN-001816,****-****-****-4008,PETRO-CANADA 8821,44.88,61.89,USD,1.379,2025-12-18 16:47:00,5172,Petroleum & Petroleum Products,TXC-008,EMP008,Eric Tran,Operations,EMP003,4,APPROVED,,,,,,,https://receipts.brim.example/001816.pdf,,True
TXN-001939,****-****-****-4002,GREEN P PARKING,21.77,30.02,USD,1.379,2025-12-18 17:45:00,7523,Parking Lots & Garages,TXC-002,EMP002,Priya Nair,Finance,EMP001,5,APPROVED,,,,,,,https://receipts.brim.example/001939.pdf,,True
TXN-000944,****-****-****-4003,ULTRAMAR 55,42.01,57.93,USD,1.379,2025-12-18 17:59:00,5541,Service Stations,TXC-003,EMP003,Marcus Webb,Operations,EMP001,5,APPROVED,,,,,,,https://receipts.brim.example/000944.pdf,,True
TXN-001694,****-****-****-4009,FOUNTAIN TIRE,226.95,312.96,USD,1.379,2025-12-18 18:11:00,7531,Auto Body Repair Shops,TXC-009,EMP009,Grace Lee,Operations,EMP008,3,PENDING,,,,,,,https://receipts.brim.example/001694.pdf,,False
TXN-001768,****-****-****-4005,PETRO-CANADA 8821,86.3,119.01,USD,1.379,2025-12-18 18:39:00,5541,Service Stations,TXC-005,EMP005,Dana Park,Finance,EMP002,3,APPROVED,,,,,,,https://receipts.brim.example/001768.pdf,,True
TXN-001290,****-****-****-4009,WENDYS 7781,20.16,27.8,USD,1.379,2025-12-18 19:11:00,5812,Eating Places & Restaurants,TXC-009,EMP009,Grace Lee,Operations,EMP008,3,APPROVED,,,,,,,https://receipts.brim.example/001290.pdf,,True
TXN-000138,****-****-****-4005,QUICK FUEL STOP,45.81,63.17,USD,1.379,2025-12-18 20:39:00,5541,Service Stations,TXC-005,EMP005,Dana Park,Finance,EMP002,3,APPROVED,,,,,,,https://receipts.brim.example/000138.pdf,,True
TXN-003511,****-****-****-4006,PILOT TRAVEL 209,31.07,42.85,USD,1.379,2025-12-18 21:13:00,5172,Petroleum & Petroleum Products,TXC-006,EMP006,Bob Kumar,Finance,EMP004,2,APPROVED,,,,,,,https://receipts.brim.example/003511.pdf,,True
TXN-002560,****-****-****-4008,WENDYS 7781,23.38,32.24,USD,1.379,2025-12-18 21:28:00,5814,Fast Food Restaurants,TXC-008,EMP008,Eric Tran,Operations,EMP003,4,APPROVED,,,,,,,https://receipts.brim.example/002560.pdf,,True
TXN-002732,****-****-****-4008,HOLIDAY INN EXPRESS,173.87,239.77,USD,1.379,2025-12-19 07:56:00,7011,"Hotels, Motels & Resorts",TXC-008,EMP008,Eric Tran,Operations,EMP003,4,APPROVED,,,,,,,https://receipts.brim.example/002732.pdf,,True
TXN-001979,****-****-****-4007,BEST WESTERN 71,167.96,231.62,USD,1.379,2025-12-19 08:25:00,7011,"Hotels, Motels & Resorts",TXC-007,EMP007,Carol White,Finance,EMP004,2,APPROVED,,,,,,,,TRIP-0134,True
TXN-002309,****-****-****-4007,COSTCO WHSE 44,140.77,194.12,USD,1.379,2025-12-19 08:58:00,5045,Computers & Peripherals,TXC-007,EMP007,Carol White,Finance,EMP004,2,APPROVED,,,,,,,https://receipts.brim.example/002309.pdf,,True
TXN-000800,****-****-****-4005,PILOT TRAVEL 209,64.8,89.36,USD,1.379,2025-12-19 10:04:00,5541,Service Stations,TXC-005,EMP005,Dana Park,Finance,EMP002,3,APPROVED,,,,,,,https://receipts.brim.example/000800.pdf,,True
TXN-000560,****-****-****-4002,SUBWAY 40021,28.07,38.71,USD,1.379,2025-12-19 11:29:00,5812,Eating Places & Restaurants,TXC-002,EMP002,Priya Nair,Finance,EMP001,5,APPROVED,,,,,,,https://receipts.brim.example/000560.pdf,,True
TXN-000646,****-****-****-4007,A&W STORE 551,27.51,37.94,USD,1.379,2025-12-19 11:44:00,5812,Eating Places & Restaurants,TXC-007,EMP007,Carol White,Finance,EMP004,2,APPROVED,,,,,,,https://receipts.brim.example/000646.pdf,,True
TXN-000272,****-****-****-4007,SHELL DT #4421,51.01,70.34,USD,1.379,2025-12-19 11:46:00,5541,Service Stations,TXC-007,EMP007,Carol White,Finance,EMP004,2,PENDING,,,,,,,,,False
TXN-004001,****-****-****-4007,SHELL DT #4421,29.39,40.53,USD,1.379,2025-12-19 12:02:00,5541,Service Stations,TXC-007,EMP007,Carol White,Finance,EMP004,2,APPROVED,,,,,,,https://receipts.brim.example/004001.pdf,,True
TXN-002014,****-****-****-4003,WENDYS 7781,58.63,80.85,USD,1.379,2025-12-19 12:10:00,5812,Eating Places & Restaurants,TXC-003,EMP003,Marcus Webb,Operations,EMP001,5,APPROVED,,,,,,,https://receipts.brim.example/002014.pdf,,True
TXN-002380,****-****-****-4009,PILOT TRAVEL 209,202.24,278.89,USD,1.379,2025-12-19 12:32:00,5541,Service Stations,TXC-009,EMP009,Grace Lee,Operations,EMP008,3,APPROVED,,,,,,,https://receipts.brim.example/002380.pdf,,True
TXN-002584,****-****-****-4009,SHELL DT #4421,87.94,121.27,USD,1.379,2025-12-19 13:25:00,5172,Petroleum & Petroleum Products,TXC-009,EMP009,Grace Lee,Operations,EMP008,3,APPROVED,,,,,,,https://receipts.brim.example/002584.pdf,,True
TXN-000643,****-****-****-4008,DAYS INN 209,155.61,214.59,USD,1.379,2025-12-19 13:29:00,7011,"Hotels, Motels & Resorts",TXC-008,EMP008,Eric Tran,Operations,EMP003,4,APPROVED,,,,,,,https://receipts.brim.example/000643.pdf,,True
TXN-000614,****-****-****-4002,MCDONALDS DT QPS,21.77,30.02,USD,1.379,2025-12-19 13:48:00,5814,Fast Food Restaurants,TXC-002,EMP002,Priya Nair,Finance,EMP001,5,APPROVED,,,,,,,https://receipts.brim.example/000614.pdf,,True
TXN-000587,****-****-****-4008,SUBWAY 40021,60.24,83.07,USD,1.379,2025-12-19 15:53:00,5812,Eating Places & Restaurants,TXC-008,EMP008,Eric Tran,Operations,EMP003,4,APPROVED,,,,,,,https://receipts.brim.example/000587.pdf,,True
TXN-002931,****-****-****-4002,STAPLES #112,78.33,108.02,USD,1.379,2025-12-19 16:51:00,5943,Stationery & Writing Supplies,TXC-002,EMP002,Priya Nair,Finance,EMP001,5,APPROVED,,,,,,,,,True
TXN-002587,****-****-****-4009,KAL TIRE 9,230.34,317.64,USD,1.379,2025-12-19 17:07:00,7531,Auto Body Repair Shops,TXC-009,EMP009,Grace Lee,Operations,EMP008,3,APPROVED,,,,,,,https://receipts.brim.example/002587.pdf,,True
TXN-002638,****-****-****-4004,SUPER 8 MOTEL,210.14,289.78,USD,1.379,2025-12-19 18:07:00,7011,"Hotels, Motels & Resorts",TXC-004,EMP004,Alice Chen,Finance,EMP002,4,APPROVED,,,,,,,https://receipts.brim.example/002638.pdf,TRIP-0172,True
TXN-002733,****-****-****-4003,ULTRAMAR 55,30.83,42.51,USD,1.379,2025-12-19 18:36:00,5172,Petroleum & Petroleum Products,TXC-003,EMP003,Marcus Webb,Operations,EMP001,5,APPROVED,,,,,,,https://receipts.brim.example/002733.pdf,,True
TXN-004185,****-****-****-4002,ROADSIDE GRILL CO,28.42,39.19,USD,1.379,2025-12-19 19:07:00,5812,Eating Places & Restaurants,TXC-002,EMP002,Priya Nair,Finance,EMP001,5,APPROVED,,,,,,,https://receipts.brim.example/004185.pdf,,True
TXN-001866,****-****-****-4008,TIM HORTONS #882,35.41,48.83,USD,1.379,2025-12-19 21:49:00,5812,Eating Places & Restaurants,TXC-008,EMP008,Eric Tran,Operations,EMP003,4,APPROVED,,,,,,,https://receipts.brim.example/001866.pdf,,True
TXN-003942,****-****-****-4004,ROADSIDE GRILL CO,56.21,77.51,USD,1.379,2025-12-20 07:22:00,5814,Fast Food Restaurants,TXC-004,EMP004,Alice Chen,Finance,EMP002,4,APPROVED,,,,,,,https://receipts.brim.example/003942.pdf,TRIP-0266,True
TXN-000496,****-****-****-4006,ROADSIDE GRILL CO,48.94,67.49,USD,1.379,2025-12-20 07:55:00,5812,Eating Places & Restaurants,TXC-006,EMP006,Bob Kumar,Finance,EMP004,2,APPROVED,,,,,,,https://receipts.brim.example/000496.pdf,,True
TXN-000087,****-****-****-4005,ALPHA CONSULTING GROUP,1290.15,1779.12,USD,1.379,2025-12-20 12:00:00,4814,Telecom Services,TXC-005,EMP005,Dana Park,Finance,EMP002,3,APPROVED,,,,,,,https://receipts.brim.example/000087.pdf,,True
TXN-001876,****-****-****-4003,SHELL DT #4421,101.44,139.89,USD,1.379,2025-12-20 15:20:00,5172,Petroleum & Petroleum Products,TXC-003,EMP003,Marcus Webb,Operations,EMP001,5,APPROVED,,,,,,,https://receipts.brim.example/001876.pdf,,True
TXN-001040,****-****-****-4004,WENDYS 7781,57.08,78.71,USD,1.379,2025-12-20 17:08:00,5814,Fast Food Restaurants,TXC-004,EMP004,Alice Chen,Finance,EMP002,4,APPROVED,,,,,,,https://receipts.brim.example/001040.pdf,,True
TXN-004258,****-****-****-4009,GOOGLE WORKSPACE,121.67,167.78,USD,1.379,2025-12-20 17:42:00,5734,Computer Software Stores,TXC-009,EMP009,Grace Lee,Operations,EMP008,3,APPROVED,,,,,,,https://receipts.brim.example/004258.pdf,,True
TXN-003175,****-****-****-4009,BOSTON PIZZA 12,20.33,28.04,USD,1.379,2025-12-20 20:49:00,5814,Fast Food Restaurants,TXC-009,EMP009,Grace Lee,Operations,EMP008,3,APPROVED,,,,,,,https://receipts.brim.example/003175.pdf,,True
TXN-000863,****-****-****-4008,SHELL DT #4421,61.52,84.84,USD,1.379,2025-12-21 07:48:00,5541,Service Stations,TXC-008,EMP008,Eric Tran,Operations,EMP003,4,APPROVED,,,,,,,https://receipts.brim.example/000863.pdf,,True
TXN-001980,****-****-****-4007,ESSO RETAIL 113,91.95,126.8,USD,1.379,2025-12-21 08:21:00,5541,Service Stations,TXC-007,EMP007,Carol White,Finance,EMP004,2,APPROVED,,,,,,,https://receipts.brim.example/001980.pdf,TRIP-0134,True
TXN-000042,****-****-****-4006,STAPLES #112,140.75,194.09,USD,1.379,2025-12-21 09:00:00,5814,Fast Food Restaurants,TXC-006,EMP006,Bob Kumar,Finance,EMP004,2,APPROVED,,,,,,,https://receipts.brim.example/000042.pdf,,True
TXN-002184,****-****-****-4003,BEST WESTERN 71,191.38,263.91,USD,1.379,2025-12-21 10:31:00,7011,"Hotels, Motels & Resorts",TXC-003,EMP003,Marcus Webb,Operations,EMP001,5,APPROVED,,,,,,,https://receipts.brim.example/002184.pdf,,True
TXN-003607,****-****-****-4009,ULTRAMAR 55,70.7,97.5,USD,1.379,2025-12-21 12:34:00,5541,Service Stations,TXC-009,EMP009,Grace Lee,Operations,EMP008,3,PENDING,,,,,,,https://receipts.brim.example/003607.pdf,,False
TXN-003633,****-****-****-4008,FLYING J #771,68.58,94.57,USD,1.379,2025-12-21 13:32:00,5541,Service Stations,TXC-008,EMP008,Eric Tran,Operations,EMP003,4,APPROVED,,,,,,,https://receipts.brim.example/003633.pdf,,True
TXN-003834,****-****-****-4002,MCDONALDS DT QPS,26.17,36.09,USD,1.379,2025-12-21 14:44:00,5812,Eating Places & Restaurants,TXC-002,EMP002,Priya Nair,Finance,EMP001,5,APPROVED,,,,,,,https://receipts.brim.example/003834.pdf,,True
TXN-001796,****-****-****-4007,MCDONALDS DT QPS,17.5,24.13,USD,1.379,2025-12-21 15:04:00,5812,Eating Places & Restaurants,TXC-007,EMP007,Carol White,Finance,EMP004,2,APPROVED,,,,,,,https://receipts.brim.example/001796.pdf,,True
TXN-002941,****-****-****-4009,407 ETR TOLL,17.33,23.9,USD,1.379,2025-12-21 15:06:00,4131,Bus Lines / Tolls,TXC-009,EMP009,Grace Lee,Operations,EMP008,3,APPROVED,,,,,,,https://receipts.brim.example/002941.pdf,,True
TXN-001892,****-****-****-4006,ROGERS WIRELESS,119.07,164.2,USD,1.379,2025-12-21 15:26:00,4814,Telecom Services,TXC-006,EMP006,Bob Kumar,Finance,EMP004,2,PENDING,,,,,,,https://receipts.brim.example/001892.pdf,,False
TXN-001935,****-****-****-4008,SHELL DT #4421,34.8,47.99,USD,1.379,2025-12-21 15:43:00,5541,Service Stations,TXC-008,EMP008,Eric Tran,Operations,EMP003,4,APPROVED,,,,,,,https://receipts.brim.example/001935.pdf,,True
TXN-001874,****-****-****-4008,QUICK FUEL STOP,42.04,57.97,USD,1.379,2025-12-21 15:51:00,5541,Service Stations,TXC-008,EMP008,Eric Tran,Operations,EMP003,4,APPROVED,,,,,,,https://receipts.brim.example/001874.pdf,,True
TXN-002843,****-****-****-4003,COSTCO WHSE 44,266.92,368.08,USD,1.379,2025-12-21 16:03:00,5300,Wholesale Clubs,TXC-003,EMP003,Marcus Webb,Operations,EMP001,5,APPROVED,,,,,,,https://receipts.brim.example/002843.pdf,,True
TXN-004103,****-****-****-4008,TIM HORTONS #882,32.77,45.19,USD,1.379,2025-12-21 16:15:00,5814,Fast Food Restaurants,TXC-008,EMP008,Eric Tran,Operations,EMP003,4,APPROVED,,,,,,,https://receipts.brim.example/004103.pdf,,True
TXN-002706,****-****-****-4009,PILOT TRAVEL 209,76.65,105.7,USD,1.379,2025-12-21 16:59:00,5541,Service Stations,TXC-009,EMP009,Grace Lee,Operations,EMP008,3,APPROVED,,,,,,,,,True
TXN-001949,****-****-****-4009,ROGERS WIRELESS,294.91,406.68,USD,1.379,2025-12-21 17:28:00,4814,Telecom Services,TXC-009,EMP009,Grace Lee,Operations,EMP008,3,APPROVED,,,,,,,https://receipts.brim.example/001949.pdf,,True
TXN-000788,****-****-****-4009,BOSTON PIZZA 12,22.99,31.7,USD,1.379,2025-12-21 18:15:00,5814,Fast Food Restaurants,TXC-009,EMP009,Grace Lee,Operations,EMP008,3,APPROVED,,,,,,,https://receipts.brim.example/000788.pdf,,True
TXN-003629,****-****-****-4009,IMPARK LOT 88,35.61,49.11,USD,1.379,2025-12-21 18:19:00,7523,Parking Lots & Garages,TXC-009,EMP009,Grace Lee,Operations,EMP008,3,APPROVED,,,,,,,https://receipts.brim.example/003629.pdf,,True
TXN-003555,****-****-****-4003,ESSO RETAIL 113,54.05,74.53,USD,1.379,2025-12-21 18:38:00,5541,Service Stations,TXC-003,EMP003,Marcus Webb,Operations,EMP001,5,APPROVED,,,,,,,https://receipts.brim.example/003555.pdf,,True
TXN-000734,****-****-****-4005,ROADSIDE GRILL CO,22.5,31.03,USD,1.379,2025-12-21 19:51:00,5812,Eating Places & Restaurants,TXC-005,EMP005,Dana Park,Finance,EMP002,3,APPROVED,,,,,,,https://receipts.brim.example/000734.pdf,,True
TXN-001811,****-****-****-4005,STAPLES #112,57.26,78.96,USD,1.379,2025-12-21 20:37:00,5111,Stationery & Office Supplies,TXC-005,EMP005,Dana Park,Finance,EMP002,3,APPROVED,,,,,,,https://receipts.brim.example/001811.pdf,,True
TXN-003095,****-****-****-4009,BEST BUY 112,108.89,150.16,USD,1.379,2025-12-21 21:40:00,5045,Computers & Peripherals,TXC-009,EMP009,Grace Lee,Operations,EMP008,3,APPROVED,,,,,,,https://receipts.brim.example/003095.pdf,,True
TXN-001732,****-****-****-4008,PILOT TRAVEL 209,50.59,69.76,USD,1.379,2025-12-22 07:16:00,5541,Service Stations,TXC-008,EMP008,Eric Tran,Operations,EMP003,4,PENDING,,,,,,,https://receipts.brim.example/001732.pdf,,False
TXN-001192,****-****-****-4003,ESSO RETAIL 113,64.88,89.47,USD,1.379,2025-12-22 09:38:00,5541,Service Stations,TXC-003,EMP003,Marcus Webb,Operations,EMP001,5,APPROVED,,,,,,,https://receipts.brim.example/001192.pdf,,True
TXN-001303,****-****-****-4008,PILOT TRAVEL 209,37.64,51.91,USD,1.379,2025-12-22 10:51:00,5172,Petroleum & Petroleum Products,TXC-008,EMP008,Eric Tran,Operations,EMP003,4,APPROVED,,,,,,,https://receipts.brim.example/001303.pdf,,True
TXN-002991,****-****-****-4003,GRAND & TOY 5,27.08,37.34,USD,1.379,2025-12-22 11:05:00,5943,Stationery & Writing Supplies,TXC-003,EMP003,Marcus Webb,Operations,EMP001,5,APPROVED,,,,,,,https://receipts.brim.example/002991.pdf,,True
TXN-000913,****-****-****-4008,ULTRAMAR 55,35.62,49.12,USD,1.379,2025-12-22 12:43:00,5541,Service Stations,TXC-008,EMP008,Eric Tran,Operations,EMP003,4,APPROVED,,,,,,,https://receipts.brim.example/000913.pdf,TRIP-0057,True
TXN-001310,****-****-****-4009,BEST BUY 112,505.79,697.48,USD,1.379,2025-12-22 14:32:00,5045,Computers & Peripherals,TXC-009,EMP009,Grace Lee,Operations,EMP008,3,APPROVED,,,,,,,https://receipts.brim.example/001310.pdf,,True
TXN-000299,****-****-****-4007,QUICK FUEL STOP,51.63,71.2,USD,1.379,2025-12-22 14:53:00,5172,Petroleum & Petroleum Products,TXC-007,EMP007,Carol White,Finance,EMP004,2,APPROVED,,,,,,,https://receipts.brim.example/000299.pdf,,True
TXN-002121,****-****-****-4009,SUBWAY 40021,19.96,27.52,USD,1.379,2025-12-22 16:55:00,5812,Eating Places & Restaurants,TXC-009,EMP009,Grace Lee,Operations,EMP008,3,APPROVED,,,,,,,https://receipts.brim.example/002121.pdf,TRIP-0141,True
TXN-001577,****-****-****-4005,ROADSIDE GRILL CO,12.19,16.81,USD,1.379,2025-12-22 17:11:00,5814,Fast Food Restaurants,TXC-005,EMP005,Dana Park,Finance,EMP002,3,APPROVED,,,,,,,https://receipts.brim.example/001577.pdf,,True
TXN-001104,****-****-****-4008,PETRO-CANADA 8821,34.97,48.22,USD,1.379,2025-12-22 17:19:00,5541,Service Stations,TXC-008,EMP008,Eric Tran,Operations,EMP003,4,APPROVED,,,,,,,https://receipts.brim.example/001104.pdf,,True
TXN-000971,****-****-****-4001,GRAND & TOY 5,23.83,32.86,USD,1.379,2025-12-22 17:41:00,5111,Stationery & Office Supplies,TXC-001,EMP001,Olivia Reyes,Executive,,6,APPROVED,,,,,,,https://receipts.brim.example/000971.pdf,,True
TXN-001619,****-****-****-4004,ROADSIDE GRILL CO,56.23,77.54,USD,1.379,2025-12-22 18:38:00,5812,Eating Places & Restaurants,TXC-004,EMP004,Alice Chen,Finance,EMP002,4,APPROVED,,,,,,,,,True
TXN-002822,****-****-****-4008,ESSO RETAIL 113,63.86,88.06,USD,1.379,2025-12-22 19:39:00,5541,Service Stations,TXC-008,EMP008,Eric Tran,Operations,EMP003,4,APPROVED,,,,,,,https://receipts.brim.example/002822.pdf,,True
TXN-001127,****-****-****-4006,HOME DEPOT 88,195.68,269.84,USD,1.379,2025-12-22 20:21:00,5300,Wholesale Clubs,TXC-006,EMP006,Bob Kumar,Finance,EMP004,2,PENDING,,,,,,,https://receipts.brim.example/001127.pdf,,False
TXN-003966,****-****-****-4007,A&W STORE 551,40.09,55.28,USD,1.379,2025-12-23 07:26:00,5812,Eating Places & Restaurants,TXC-007,EMP007,Carol White,Finance,EMP004,2,APPROVED,,,,,,,https://receipts.brim.example/003966.pdf,,True
TXN-003387,****-****-****-4002,BEST WESTERN 71,92.51,127.57,USD,1.379,2025-12-23 08:34:00,7011,"Hotels, Motels & Resorts",TXC-002,EMP002,Priya Nair,Finance,EMP001,5,APPROVED,,,,,,,https://receipts.brim.example/003387.pdf,,True
TXN-002486,****-****-****-4008,BOSTON PIZZA 12,29.36,40.49,USD,1.379,2025-12-23 10:18:00,5814,Fast Food Restaurants,TXC-008,EMP008,Eric Tran,Operations,EMP003,4,APPROVED,,,,,,,https://receipts.brim.example/002486.pdf,TRIP-0162,True
TXN-000914,****-****-****-4008,WENDYS 7781,38.57,53.19,USD,1.379,2025-12-23 10:55:00,5814,Fast Food Restaurants,TXC-008,EMP008,Eric Tran,Operations,EMP003,4,APPROVED,,,,,,,https://receipts.brim.example/000914.pdf,TRIP-0057,True
TXN-004100,****-****-****-4008,ESSO RETAIL 113,21.93,30.24,USD,1.379,2025-12-23 11:55:00,5172,Petroleum & Petroleum Products,TXC-008,EMP008,Eric Tran,Operations,EMP003,4,APPROVED,,,,,,,https://receipts.brim.example/004100.pdf,TRIP-0274,True
TXN-001209,****-****-****-4002,WENDYS 7781,8.46,11.67,USD,1.379,2025-12-23 12:47:00,5814,Fast Food Restaurants,TXC-002,EMP002,Priya Nair,Finance,EMP001,5,APPROVED,,,,,,,https://receipts.brim.example/001209.pdf,,True
TXN-003287,****-****-****-4007,ULTRAMAR 55,83.85,115.63,USD,1.379,2025-12-23 13:26:00,5541,Service Stations,TXC-007,EMP007,Carol White,Finance,EMP004,2,APPROVED,,,,,,,https://receipts.brim.example/003287.pdf,,True
TXN-003850,****-****-****-4009,A&W STORE 551,42.89,59.15,USD,1.379,2025-12-23 15:43:00,5814,Fast Food Restaurants,TXC-009,EMP009,Grace Lee,Operations,EMP008,3,APPROVED,,,,,,,https://receipts.brim.example/003850.pdf,,True
TXN-004224,****-****-****-4002,ULTRAMAR 55,117.75,162.38,USD,1.379,2025-12-23 15:56:00,5541,Service Stations,TXC-002,EMP002,Priya Nair,Finance,EMP001,5,APPROVED,,,,,,,https://receipts.brim.example/004224.pdf,,True
TXN-002446,****-****-****-4009,BOSTON PIZZA 12,37.72,52.02,USD,1.379,2025-12-23 16:00:00,5812,Eating Places & Restaurants,TXC-009,EMP009,Grace Lee,Operations,EMP008,3,APPROVED,,,,,,,https://receipts.brim.example/002446.pdf,TRIP-0158,True
TXN-001790,****-****-****-4008,A&W STORE 551,47.06,64.9,USD,1.379,2025-12-23 16:54:00,5812,Eating Places & Restaurants,TXC-008,EMP008,Eric Tran,Operations,EMP003,4,APPROVED,,,,,,,https://receipts.brim.example/001790.pdf,,True
TXN-003792,****-****-****-4004,FLYING J #771,120.15,165.69,USD,1.379,2025-12-23 17:28:00,5172,Petroleum & Petroleum Products,TXC-004,EMP004,Alice Chen,Finance,EMP002,4,APPROVED,,,,,,,https://receipts.brim.example/003792.pdf,,True
TXN-003230,****-****-****-4003,GREEN P PARKING,14.14,19.5,USD,1.379,2025-12-23 17:58:00,7523,Parking Lots & Garages,TXC-003,EMP003,Marcus Webb,Operations,EMP001,5,APPROVED,,,,,,,https://receipts.brim.example/003230.pdf,,True
TXN-002580,****-****-****-4007,KAL TIRE 9,142.95,197.13,USD,1.379,2025-12-23 19:41:00,7538,Automotive Service Shops,TXC-007,EMP007,Carol White,Finance,EMP004,2,APPROVED,,,,,,,https://receipts.brim.example/002580.pdf,,True
TXN-003467,****-****-****-4007,PETRO-CANADA 8821,38.15,52.61,USD,1.379,2025-12-23 19:57:00,5172,Petroleum & Petroleum Products,TXC-007,EMP007,Carol White,Finance,EMP004,2,APPROVED,,,,,,,https://receipts.brim.example/003467.pdf,,True
TXN-002485,****-****-****-4008,ROADSIDE GRILL CO,53.25,73.43,USD,1.379,2025-12-23 19:58:00,5812,Eating Places & Restaurants,TXC-008,EMP008,Eric Tran,Operations,EMP003,4,APPROVED,,,,,,,,TRIP-0162,True
TXN-002183,****-****-****-4007,MICROSOFT 365,134.95,186.1,USD,1.379,2025-12-23 20:05:00,5734,Computer Software Stores,TXC-007,EMP007,Carol White,Finance,EMP004,2,PENDING,,,,,,,https://receipts.brim.example/002183.pdf,,False
TXN-001518,****-****-****-4004,COMFORT INN 442,76.98,106.16,USD,1.379,2025-12-23 20:07:00,7011,"Hotels, Motels & Resorts",TXC-004,EMP004,Alice Chen,Finance,EMP002,4,APPROVED,,,,,,,https://receipts.brim.example/001518.pdf,,True
TXN-000316,****-****-****-4004,STAPLES #112,36.83,50.79,USD,1.379,2025-12-23 21:44:00,5111,Stationery & Office Supplies,TXC-004,EMP004,Alice Chen,Finance,EMP002,4,APPROVED,,,,,,,https://receipts.brim.example/000316.pdf,,True
TXN-001198,****-****-****-4007,GREEN P PARKING,8.94,12.33,USD,1.379,2025-12-23 21:58:00,4131,Bus Lines / Tolls,TXC-007,EMP007,Carol White,Finance,EMP004,2,APPROVED,,,,,,,https://receipts.brim.example/001198.pdf,,True
TXN-002550,****-****-****-4007,AMAZON MKTPLACE,44.99,62.04,USD,1.379,2025-12-24 07:02:00,5943,Stationery & Writing Supplies,TXC-007,EMP007,Carol White,Finance,EMP004,2,APPROVED,,,,,,,https://receipts.brim.example/002550.pdf,,True
TXN-000438,****-****-****-4007,PETRO-CANADA 8821,108.15,149.14,USD,1.379,2025-12-24 07:29:00,5541,Service Stations,TXC-007,EMP007,Carol White,Finance,EMP004,2,APPROVED,,,,,,,https://receipts.brim.example/000438.pdf,,True
TXN-004009,****-****-****-4008,DAYS INN 209,53.12,73.25,USD,1.379,2025-12-24 07:57:00,7011,"Hotels, Motels & Resorts",TXC-008,EMP008,Eric Tran,Operations,EMP003,4,APPROVED,,,,,,,https://receipts.brim.example/004009.pdf,TRIP-0271,True
TXN-003199,****-****-****-4008,SUPER 8 MOTEL,128.09,176.64,USD,1.379,2025-12-24 08:51:00,7011,"Hotels, Motels & Resorts",TXC-008,EMP008,Eric Tran,Operations,EMP003,4,PENDING,,,,,,,https://receipts.brim.example/003199.pdf,,False
TXN-000110,****-****-****-4009,SHELL DT #4421,13.1,18.06,USD,1.379,2025-12-24 11:12:00,5541,Service Stations,TXC-009,EMP009,Grace Lee,Operations,EMP008,3,APPROVED,,,,,,,https://receipts.brim.example/000110.pdf,,True
TXN-000126,****-****-****-4009,WENDYS 7781,32.7,45.09,USD,1.379,2025-12-24 12:08:00,5814,Fast Food Restaurants,TXC-009,EMP009,Grace Lee,Operations,EMP008,3,APPROVED,,,,,,,https://receipts.brim.example/000126.pdf,,True
TXN-003367,****-****-****-4007,SUPER 8 MOTEL,116.38,160.49,USD,1.379,2025-12-24 12:51:00,7011,"Hotels, Motels & Resorts",TXC-007,EMP007,Carol White,Finance,EMP004,2,PENDING,,,,,,,https://receipts.brim.example/003367.pdf,,False
TXN-003411,****-****-****-4008,SUPER 8 MOTEL,113.14,156.02,USD,1.379,2025-12-24 13:02:00,7011,"Hotels, Motels & Resorts",TXC-008,EMP008,Eric Tran,Operations,EMP003,4,PENDING,,,,,,,https://receipts.brim.example/003411.pdf,,False
TXN-003883,****-****-****-4004,TIM HORTONS #882,32.85,45.3,USD,1.379,2025-12-24 13:42:00,5812,Eating Places & Restaurants,TXC-004,EMP004,Alice Chen,Finance,EMP002,4,APPROVED,,,,,,,https://receipts.brim.example/003883.pdf,,True
TXN-001016,****-****-****-4004,ULTRAMAR 55,84.2,116.11,USD,1.379,2025-12-24 13:59:00,5541,Service Stations,TXC-004,EMP004,Alice Chen,Finance,EMP002,4,APPROVED,,,,,,,https://receipts.brim.example/001016.pdf,TRIP-0065,True
TXN-001627,****-****-****-4009,BEST BUY 112,146.43,201.93,USD,1.379,2025-12-24 14:10:00,5300,Wholesale Clubs,TXC-009,EMP009,Grace Lee,Operations,EMP008,3,APPROVED,,,,,,,https://receipts.brim.example/001627.pdf,,True
TXN-002484,****-****-****-4008,COMFORT INN 442,122.73,169.24,USD,1.379,2025-12-24 15:16:00,7011,"Hotels, Motels & Resorts",TXC-008,EMP008,Eric Tran,Operations,EMP003,4,APPROVED,,,,,,,https://receipts.brim.example/002484.pdf,TRIP-0162,True
TXN-000912,****-****-****-4008,HOLIDAY INN EXPRESS,82.08,113.19,USD,1.379,2025-12-24 15:32:00,7011,"Hotels, Motels & Resorts",TXC-008,EMP008,Eric Tran,Operations,EMP003,4,APPROVED,,,,,,,https://receipts.brim.example/000912.pdf,TRIP-0057,True
TXN-000411,****-****-****-4008,407 ETR TOLL,23.56,32.49,USD,1.379,2025-12-24 16:37:00,7523,Parking Lots & Garages,TXC-008,EMP008,Eric Tran,Operations,EMP003,4,APPROVED,,,,,,,https://receipts.brim.example/000411.pdf,,True
TXN-001108,****-****-****-4003,SHELL DT #4421,47.43,65.41,USD,1.379,2025-12-24 16:38:00,5541,Service Stations,TXC-003,EMP003,Marcus Webb,Operations,EMP001,5,APPROVED,,,,,,,https://receipts.brim.example/001108.pdf,,True
TXN-001369,****-****-****-4008,HOLIDAY INN EXPRESS,120.99,166.85,USD,1.379,2025-12-24 17:40:00,7011,"Hotels, Motels & Resorts",TXC-008,EMP008,Eric Tran,Operations,EMP003,4,APPROVED,,,,,,,,,True
TXN-002120,****-****-****-4009,BEST WESTERN 71,152.29,210.01,USD,1.379,2025-12-24 18:52:00,7011,"Hotels, Motels & Resorts",TXC-009,EMP009,Grace Lee,Operations,EMP008,3,APPROVED,,,,,,,https://receipts.brim.example/002120.pdf,TRIP-0141,True
TXN-001041,****-****-****-4007,PETRO-CANADA 8821,73.74,101.69,USD,1.379,2025-12-24 19:33:00,5172,Petroleum & Petroleum Products,TXC-007,EMP007,Carol White,Finance,EMP004,2,PENDING,,,,,,,https://receipts.brim.example/001041.pdf,,False
TXN-000952,****-****-****-4009,A&W STORE 551,14.57,20.09,USD,1.379,2025-12-24 20:24:00,5812,Eating Places & Restaurants,TXC-009,EMP009,Grace Lee,Operations,EMP008,3,APPROVED,,,,,,,https://receipts.brim.example/000952.pdf,,True
TXN-002373,****-****-****-4007,QUICK FUEL STOP,37.07,51.12,USD,1.379,2025-12-24 20:33:00,5541,Service Stations,TXC-007,EMP007,Carol White,Finance,EMP004,2,APPROVED,,,,,,,https://receipts.brim.example/002373.pdf,,True
TXN-004101,****-****-****-4008,SHELL DT #4421,74.48,102.71,USD,1.379,2025-12-25 07:06:00,5172,Petroleum & Petroleum Products,TXC-008,EMP008,Eric Tran,Operations,EMP003,4,APPROVED,,,,,,,https://receipts.brim.example/004101.pdf,TRIP-0274,True
TXN-003011,****-****-****-4008,ULTRAMAR 55,99.65,137.42,USD,1.379,2025-12-25 08:04:00,5541,Service Stations,TXC-008,EMP008,Eric Tran,Operations,EMP003,4,APPROVED,,,,,,,https://receipts.brim.example/003011.pdf,,True
TXN-000627,****-****-****-4008,HOME DEPOT 88,180.74,249.24,USD,1.379,2025-12-25 09:36:00,5045,Computers & Peripherals,TXC-008,EMP008,Eric Tran,Operations,EMP003,4,APPROVED,,,,,,,https://receipts.brim.example/000627.pdf,,True
TXN-004098,****-****-****-4008,SUPER 8 MOTEL,105.86,145.98,USD,1.379,2025-12-25 10:57:00,7011,"Hotels, Motels & Resorts",TXC-008,EMP008,Eric Tran,Operations,EMP003,4,APPROVED,,,,,,,https://receipts.brim.example/004098.pdf,TRIP-0274,True
TXN-000915,****-****-****-4008,QUICK FUEL STOP,128.6,177.34,USD,1.379,2025-12-25 11:25:00,5172,Petroleum & Petroleum Products,TXC-008,EMP008,Eric Tran,Operations,EMP003,4,APPROVED,,,,,,,https://receipts.brim.example/000915.pdf,TRIP-0057,True
TXN-000889,****-****-****-4007,SHELL DT #4421,112.98,155.8,USD,1.379,2025-12-25 12:17:00,5172,Petroleum & Petroleum Products,TXC-007,EMP007,Carol White,Finance,EMP004,2,APPROVED,,,,,,,https://receipts.brim.example/000889.pdf,,True
TXN-004032,****-****-****-4008,ULTRAMAR 55,25.09,34.6,USD,1.379,2025-12-25 12:22:00,5172,Petroleum & Petroleum Products,TXC-008,EMP008,Eric Tran,Operations,EMP003,4,APPROVED,,,,,,,https://receipts.brim.example/004032.pdf,,True
TXN-003820,****-****-****-4007,SUBWAY 40021,55.29,76.24,USD,1.379,2025-12-25 13:06:00,5812,Eating Places & Restaurants,TXC-007,EMP007,Carol White,Finance,EMP004,2,APPROVED,,,,,,,https://receipts.brim.example/003820.pdf,,True
TXN-000258,****-****-****-4003,QUICK FUEL STOP,61.46,84.75,USD,1.379,2025-12-25 13:17:00,5172,Petroleum & Petroleum Products,TXC-003,EMP003,Marcus Webb,Operations,EMP001,5,APPROVED,,,,,,,https://receipts.brim.example/000258.pdf,,True
TXN-003566,****-****-****-4008,SHELL DT #4421,46.43,64.03,USD,1.379,2025-12-25 13:30:00,5172,Petroleum & Petroleum Products,TXC-008,EMP008,Eric Tran,Operations,EMP003,4,APPROVED,,,,,,,https://receipts.brim.example/003566.pdf,,True
TXN-002443,****-****-****-4009,HOLIDAY INN EXPRESS,104.01,143.43,USD,1.379,2025-12-25 14:04:00,7011,"Hotels, Motels & Resorts",TXC-009,EMP009,Grace Lee,Operations,EMP008,3,APPROVED,,,,,,,https://receipts.brim.example/002443.pdf,TRIP-0158,True
TXN-001015,****-****-****-4004,HOLIDAY INN EXPRESS,51.18,70.58,USD,1.379,2025-12-25 15:09:00,7011,"Hotels, Motels & Resorts",TXC-004,EMP004,Alice Chen,Finance,EMP002,4,APPROVED,,,,,,,https://receipts.brim.example/001015.pdf,TRIP-0065,True
TXN-001405,****-****-****-4007,A&W STORE 551,13.68,18.86,USD,1.379,2025-12-25 16:19:00,5814,Fast Food Restaurants,TXC-007,EMP007,Carol White,Finance,EMP004,2,APPROVED,,,,,,,https://receipts.brim.example/001405.pdf,,True
TXN-002122,****-****-****-4009,BOSTON PIZZA 12,61.59,84.93,USD,1.379,2025-12-25 17:23:00,5814,Fast Food Restaurants,TXC-009,EMP009,Grace Lee,Operations,EMP008,3,APPROVED,,,,,,,https://receipts.brim.example/002122.pdf,TRIP-0141,True
TXN-003876,****-****-****-4009,MIDAS AUTO 21,208.28,287.22,USD,1.379,2025-12-25 17:38:00,7538,Automotive Service Shops,TXC-009,EMP009,Grace Lee,Operations,EMP008,3,APPROVED,,,,,,,https://receipts.brim.example/003876.pdf,,True
TXN-003483,****-****-****-4004,PETRO-CANADA 8821,37.5,51.71,USD,1.379,2025-12-25 18:00:00,5172,Petroleum & Petroleum Products,TXC-004,EMP004,Alice Chen,Finance,EMP002,4,APPROVED,,,,,,,https://receipts.brim.example/003483.pdf,,True
TXN-000282,****-****-****-4007,ROADSIDE GRILL CO,33.06,45.59,USD,1.379,2025-12-25 18:32:00,5814,Fast Food Restaurants,TXC-007,EMP007,Carol White,Finance,EMP004,2,APPROVED,,,,,,,https://receipts.brim.example/000282.pdf,,True
TXN-001823,****-****-****-4009,CANADIAN TIRE 445,186.49,257.17,USD,1.379,2025-12-25 19:48:00,7538,Automotive Service Shops,TXC-009,EMP009,Grace Lee,Operations,EMP008,3,APPROVED,,,,,,,,,True
TXN-003124,****-****-****-4002,FLYING J #771,118.3,163.14,USD,1.379,2025-12-25 20:26:00,5541,Service Stations,TXC-002,EMP002,Priya Nair,Finance,EMP001,5,APPROVED,,,,,,,https://receipts.brim.example/003124.pdf,,True
TXN-002123,****-****-****-4009,TIM HORTONS #882,17.61,24.28,USD,1.379,2025-12-25 21:17:00,5814,Fast Food Restaurants,TXC-009,EMP009,Grace Lee,Operations,EMP008,3,APPROVED,,,,,,,https://receipts.brim.example/002123.pdf,TRIP-0141,True
TXN-000043,****-****-****-4006,AMAZON MKTPLACE,115.2,158.86,USD,1.379,2025-12-26 03:00:00,5541,Service Stations,TXC-006,EMP006,Bob Kumar,Finance,EMP004,2,APPROVED,,,,,,,https://receipts.brim.example/000043.pdf,,True
TXN-001998,****-****-****-4003,GREEN P PARKING,17.95,24.75,USD,1.379,2025-12-26 07:18:00,7523,Parking Lots & Garages,TXC-003,EMP003,Marcus Webb,Operations,EMP001,5,APPROVED,,,,,,,https://receipts.brim.example/001998.pdf,,True
TXN-002241,****-****-****-4009,MICROSOFT 365,176.36,243.2,USD,1.379,2025-12-26 07:48:00,4814,Telecom Services,TXC-009,EMP009,Grace Lee,Operations,EMP008,3,APPROVED,,,,,,,https://receipts.brim.example/002241.pdf,,True
TXN-000557,****-****-****-4009,A&W STORE 551,17.94,24.74,USD,1.379,2025-12-26 09:11:00,5812,Eating Places & Restaurants,TXC-009,EMP009,Grace Lee,Operations,EMP008,3,APPROVED,,,,,,,https://receipts.brim.example/000557.pdf,,True
TXN-002444,****-****-****-4009,WENDYS 7781,61.03,84.16,USD,1.379,2025-12-26 09:28:00,5814,Fast Food Restaurants,TXC-009,EMP009,Grace Lee,Operations,EMP008,3,APPROVED,,,,,,,https://receipts.brim.example/002444.pdf,TRIP-0158,True
TXN-004010,****-****-****-4008,A&W STORE 551,29.95,41.3,USD,1.379,2025-12-26 09:56:00,5812,Eating Places & Restaurants,TXC-008,EMP008,Eric Tran,Operations,EMP003,4,APPROVED,,,,,,,https://receipts.brim.example/004010.pdf,TRIP-0271,True
TXN-002445,****-****-****-4009,ESSO RETAIL 113,85.21,117.5,USD,1.379,2025-12-26 10:04:00,5541,Service Stations,TXC-009,EMP009,Grace Lee,Operations,EMP008,3,APPROVED,,,,,,,https://receipts.brim.example/002445.pdf,TRIP-0158,True
TXN-000088,****-****-****-4005,ALPHA CONSULTING GROUP,850.4,1172.7,USD,1.379,2025-12-26 12:00:00,4814,Telecom Services,TXC-005,EMP005,Dana Park,Finance,EMP002,3,APPROVED,,,,,,,https://receipts.brim.example/000088.pdf,,True
TXN-000957,****-****-****-4006,ULTRAMAR 55,74.59,102.86,USD,1.379,2025-12-26 12:17:00,5541,Service Stations,TXC-006,EMP006,Bob Kumar,Finance,EMP004,2,APPROVED,,,,,,,https://receipts.brim.example/000957.pdf,,True
TXN-001410,****-****-****-4009,BEST BUY 112,234.02,322.71,USD,1.379,2025-12-26 12:41:00,5300,Wholesale Clubs,TXC-009,EMP009,Grace Lee,Operations,EMP008,3,APPROVED,,,,,,,https://receipts.brim.example/001410.pdf,,True
TXN-000345,****-****-****-4009,ULTRAMAR 55,74.7,103.01,USD,1.379,2025-12-26 13:04:00,5541,Service Stations,TXC-009,EMP009,Grace Lee,Operations,EMP008,3,APPROVED,,,,,,,https://receipts.brim.example/000345.pdf,TRIP-0022,True
TXN-000356,****-****-****-4008,PILOT TRAVEL 209,47.77,65.87,USD,1.379,2025-12-26 13:32:00,5172,Petroleum & Petroleum Products,TXC-008,EMP008,Eric Tran,Operations,EMP003,4,APPROVED,,,,,,,https://receipts.brim.example/000356.pdf,,True
TXN-002220,****-****-****-4007,SUBWAY 40021,59.61,82.2,USD,1.379,2025-12-26 14:20:00,5812,Eating Places & Restaurants,TXC-007,EMP007,Carol White,Finance,EMP004,2,APPROVED,,,,,,,https://receipts.brim.example/002220.pdf,TRIP-0149,True
TXN-003404,****-****-****-4003,FLYING J #771,14.74,20.33,USD,1.379,2025-12-26 14:32:00,5172,Petroleum & Petroleum Products,TXC-003,EMP003,Marcus Webb,Operations,EMP001,5,APPROVED,,,,,,,https://receipts.brim.example/003404.pdf,,True
TXN-003634,****-****-****-4009,HOME DEPOT 88,157.54,217.25,USD,1.379,2025-12-26 15:50:00,5045,Computers & Peripherals,TXC-009,EMP009,Grace Lee,Operations,EMP008,3,APPROVED,,,,,,,,,True
TXN-003321,****-****-****-4007,SUPER 8 MOTEL,108.72,149.92,USD,1.379,2025-12-26 16:31:00,7011,"Hotels, Motels & Resorts",TXC-007,EMP007,Carol White,Finance,EMP004,2,APPROVED,,,,,,,https://receipts.brim.example/003321.pdf,TRIP-0221,True
TXN-001868,****-****-****-4009,HOLIDAY INN EXPRESS,122.9,169.48,USD,1.379,2025-12-26 16:40:00,7011,"Hotels, Motels & Resorts",TXC-009,EMP009,Grace Lee,Operations,EMP008,3,APPROVED,,,,,,,https://receipts.brim.example/001868.pdf,,True
TXN-003732,****-****-****-4004,SUBWAY 40021,33.38,46.03,USD,1.379,2025-12-26 16:55:00,5812,Eating Places & Restaurants,TXC-004,EMP004,Alice Chen,Finance,EMP002,4,APPROVED,,,,,,,https://receipts.brim.example/003732.pdf,,True
TXN-002561,****-****-****-4007,FLYING J #771,22.28,30.72,USD,1.379,2025-12-26 17:57:00,5172,Petroleum & Petroleum Products,TXC-007,EMP007,Carol White,Finance,EMP004,2,APPROVED,,,,,,,https://receipts.brim.example/002561.pdf,,True
TXN-001017,****-****-****-4004,SUBWAY 40021,37.1,51.16,USD,1.379,2025-12-26 18:13:00,5814,Fast Food Restaurants,TXC-004,EMP004,Alice Chen,Finance,EMP002,4,APPROVED,,,,,,,https://receipts.brim.example/001017.pdf,TRIP-0065,True
TXN-000562,****-****-****-4005,FLYING J #771,43.79,60.39,USD,1.379,2025-12-26 18:42:00,5541,Service Stations,TXC-005,EMP005,Dana Park,Finance,EMP002,3,APPROVED,,,,,,,https://receipts.brim.example/000562.pdf,,True
TXN-002553,****-****-****-4007,QUICK FUEL STOP,70.57,97.32,USD,1.379,2025-12-26 21:18:00,5172,Petroleum & Petroleum Products,TXC-007,EMP007,Carol White,Finance,EMP004,2,APPROVED,,,,,,,https://receipts.brim.example/002553.pdf,,True
TXN-000367,****-****-****-4004,SUBWAY 40021,21.91,30.21,USD,1.379,2025-12-27 07:02:00,5812,Eating Places & Restaurants,TXC-004,EMP004,Alice Chen,Finance,EMP002,4,APPROVED,,,,,,,https://receipts.brim.example/000367.pdf,,True
TXN-002744,****-****-****-4009,SUBWAY 40021,21.47,29.61,USD,1.379,2025-12-27 09:38:00,5812,Eating Places & Restaurants,TXC-009,EMP009,Grace Lee,Operations,EMP008,3,APPROVED,,,,,,,https://receipts.brim.example/002744.pdf,TRIP-0181,True
TXN-003581,****-****-****-4003,ULTRAMAR 55,94.66,130.54,USD,1.379,2025-12-27 10:13:00,5541,Service Stations,TXC-003,EMP003,Marcus Webb,Operations,EMP001,5,APPROVED,,,,,,,https://receipts.brim.example/003581.pdf,,True
TXN-000278,****-****-****-4004,PILOT TRAVEL 209,32.0,44.13,USD,1.379,2025-12-27 10:43:00,5541,Service Stations,TXC-004,EMP004,Alice Chen,Finance,EMP002,4,APPROVED,,,,,,,https://receipts.brim.example/000278.pdf,TRIP-0017,True
TXN-004099,****-****-****-4008,BOSTON PIZZA 12,13.58,18.73,USD,1.379,2025-12-27 12:24:00,5812,Eating Places & Restaurants,TXC-008,EMP008,Eric Tran,Operations,EMP003,4,APPROVED,,,,,,,https://receipts.brim.example/004099.pdf,TRIP-0274,True
TXN-003322,****-****-****-4007,SHELL DT #4421,67.54,93.14,USD,1.379,2025-12-27 13:22:00,5541,Service Stations,TXC-007,EMP007,Carol White,Finance,EMP004,2,APPROVED,,,,,,,https://receipts.brim.example/003322.pdf,TRIP-0221,True
TXN-003063,****-****-****-4007,TIM HORTONS #882,19.02,26.23,USD,1.379,2025-12-27 13:40:00,5814,Fast Food Restaurants,TXC-007,EMP007,Carol White,Finance,EMP004,2,APPROVED,,,,,,,https://receipts.brim.example/003063.pdf,,True
TXN-002168,****-****-****-4003,ESSO RETAIL 113,36.91,50.9,USD,1.379,2025-12-27 13:51:00,5541,Service Stations,TXC-003,EMP003,Marcus Webb,Operations,EMP001,5,APPROVED,,,,,,,https://receipts.brim.example/002168.pdf,,True
TXN-000520,****-****-****-4009,GRAND & TOY 5,111.59,153.88,USD,1.379,2025-12-27 13:54:00,5111,Stationery & Office Supplies,TXC-009,EMP009,Grace Lee,Operations,EMP008,3,APPROVED,,,,,,,https://receipts.brim.example/000520.pdf,,True
TXN-003920,****-****-****-4004,WENDYS 7781,39.99,55.15,USD,1.379,2025-12-27 13:58:00,5814,Fast Food Restaurants,TXC-004,EMP004,Alice Chen,Finance,EMP002,4,APPROVED,,,,,,,https://receipts.brim.example/003920.pdf,,True
TXN-001390,****-****-****-4008,PILOT TRAVEL 209,60.29,83.14,USD,1.379,2025-12-27 14:20:00,5541,Service Stations,TXC-008,EMP008,Eric Tran,Operations,EMP003,4,APPROVED,,,,,,,https://receipts.brim.example/001390.pdf,,True
TXN-000221,****-****-****-4008,FLYING J #771,57.35,79.09,USD,1.379,2025-12-27 14:39:00,5172,Petroleum & Petroleum Products,TXC-008,EMP008,Eric Tran,Operations,EMP003,4,APPROVED,,,,,,,https://receipts.brim.example/000221.pdf,,True
TXN-000525,****-****-****-4004,HOME DEPOT 88,52.68,72.65,USD,1.379,2025-12-27 16:17:00,5300,Wholesale Clubs,TXC-004,EMP004,Alice Chen,Finance,EMP002,4,APPROVED,,,,,,,https://receipts.brim.example/000525.pdf,,True
TXN-002447,****-****-****-4009,MCDONALDS DT QPS,15.1,20.82,USD,1.379,2025-12-27 16:55:00,5812,Eating Places & Restaurants,TXC-009,EMP009,Grace Lee,Operations,EMP008,3,APPROVED,,,,,,,https://receipts.brim.example/002447.pdf,,True
TXN-000279,****-****-****-4004,A&W STORE 551,15.36,21.18,USD,1.379,2025-12-27 17:11:00,5814,Fast Food Restaurants,TXC-004,EMP004,Alice Chen,Finance,EMP002,4,APPROVED,,,,,,,https://receipts.brim.example/000279.pdf,TRIP-0017,True
TXN-003714,****-****-****-4005,QUICK FUEL STOP,23.96,33.04,USD,1.379,2025-12-27 17:58:00,5172,Petroleum & Petroleum Products,TXC-005,EMP005,Dana Park,Finance,EMP002,3,APPROVED,,,,,,,https://receipts.brim.example/003714.pdf,,True
TXN-002632,****-****-****-4004,AWS MEMB,73.92,101.94,USD,1.379,2025-12-27 21:09:00,5734,Computer Software Stores,TXC-004,EMP004,Alice Chen,Finance,EMP002,4,PENDING,,,,,,,,,False
TXN-002718,****-****-****-4004,ESSO RETAIL 113,58.43,80.57,USD,1.379,2025-12-28 05:17:00,5541,Service Stations,TXC-004,EMP004,Alice Chen,Finance,EMP002,4,APPROVED,,,,,,,https://receipts.brim.example/002718.pdf,TRIP-0178,True
TXN-002717,****-****-****-4004,SUPER 8 MOTEL,119.03,164.14,USD,1.379,2025-12-28 07:29:00,7011,"Hotels, Motels & Resorts",TXC-004,EMP004,Alice Chen,Finance,EMP002,4,APPROVED,,,,,,,https://receipts.brim.example/002717.pdf,TRIP-0178,True
TXN-003436,****-****-****-4003,TIM HORTONS #882,19.15,26.41,USD,1.379,2025-12-28 08:01:00,5814,Fast Food Restaurants,TXC-003,EMP003,Marcus Webb,Operations,EMP001,5,APPROVED,,,,,,,https://receipts.brim.example/003436.pdf,,True
TXN-003046,****-****-****-4009,COMFORT INN 442,146.0,201.33,USD,1.379,2025-12-28 08:46:00,7011,"Hotels, Motels & Resorts",TXC-009,EMP009,Grace Lee,Operations,EMP008,3,APPROVED,,,,,,,https://receipts.brim.example/003046.pdf,,True
TXN-002746,****-****-****-4009,QUICK FUEL STOP,56.97,78.56,USD,1.379,2025-12-28 10:11:00,5172,Petroleum & Petroleum Products,TXC-009,EMP009,Grace Lee,Operations,EMP008,3,APPROVED,,,,,,,https://receipts.brim.example/002746.pdf,TRIP-0181,True
TXN-002387,****-****-****-4001,ESSO RETAIL 113,98.45,135.76,USD,1.379,2025-12-28 10:50:00,5541,Service Stations,TXC-001,EMP001,Olivia Reyes,Executive,,6,APPROVED,,,,,,,https://receipts.brim.example/002387.pdf,,True
TXN-000999,****-****-****-4002,SHELL DT #4421,45.01,62.07,USD,1.379,2025-12-28 11:00:00,5172,Petroleum & Petroleum Products,TXC-002,EMP002,Priya Nair,Finance,EMP001,5,APPROVED,,,,,,,https://receipts.brim.example/000999.pdf,,True
TXN-003091,****-****-****-4009,FLYING J #771,65.73,90.64,USD,1.379,2025-12-28 11:44:00,5541,Service Stations,TXC-009,EMP009,Grace Lee,Operations,EMP008,3,APPROVED,,,,,,,,TRIP-0201,True
TXN-000270,****-****-****-4009,PILOT TRAVEL 209,58.79,81.07,USD,1.379,2025-12-28 13:01:00,5541,Service Stations,TXC-009,EMP009,Grace Lee,Operations,EMP008,3,PENDING,,,,,,,https://receipts.brim.example/000270.pdf,,False
TXN-002409,****-****-****-4009,QUICK FUEL STOP,79.07,109.04,USD,1.379,2025-12-28 13:41:00,5541,Service Stations,TXC-009,EMP009,Grace Lee,Operations,EMP008,3,APPROVED,,,,,,,https://receipts.brim.example/002409.pdf,,True
TXN-000344,****-****-****-4009,HOLIDAY INN EXPRESS,130.18,179.52,USD,1.379,2025-12-28 13:50:00,7011,"Hotels, Motels & Resorts",TXC-009,EMP009,Grace Lee,Operations,EMP008,3,APPROVED,,,,,,,https://receipts.brim.example/000344.pdf,TRIP-0022,True
TXN-003092,****-****-****-4009,WENDYS 7781,26.01,35.87,USD,1.379,2025-12-28 14:08:00,5814,Fast Food Restaurants,TXC-009,EMP009,Grace Lee,Operations,EMP008,3,APPROVED,,,,,,,https://receipts.brim.example/003092.pdf,TRIP-0201,True
TXN-000167,****-****-****-4007,FLYING J #771,100.16,138.12,USD,1.379,2025-12-28 14:26:00,5172,Petroleum & Petroleum Products,TXC-007,EMP007,Carol White,Finance,EMP004,2,APPROVED,,,,,,,https://receipts.brim.example/000167.pdf,,True
TXN-000277,****-****-****-4004,DAYS INN 209,171.92,237.08,USD,1.379,2025-12-28 15:11:00,7011,"Hotels, Motels & Resorts",TXC-004,EMP004,Alice Chen,Finance,EMP002,4,APPROVED,,,,,,,https://receipts.brim.example/000277.pdf,TRIP-0017,True
TXN-000347,****-****-****-4009,BOSTON PIZZA 12,47.44,65.42,USD,1.379,2025-12-28 15:30:00,5812,Eating Places & Restaurants,TXC-009,EMP009,Grace Lee,Operations,EMP008,3,APPROVED,,,,,,,https://receipts.brim.example/000347.pdf,TRIP-0022,True
TXN-000346,****-****-****-4009,MCDONALDS DT QPS,24.55,33.85,USD,1.379,2025-12-28 16:10:00,5812,Eating Places & Restaurants,TXC-009,EMP009,Grace Lee,Operations,EMP008,3,APPROVED,,,,,,,https://receipts.brim.example/000346.pdf,TRIP-0022,True
TXN-003981,****-****-****-4007,SUBWAY 40021,12.05,16.62,USD,1.379,2025-12-28 16:30:00,5812,Eating Places & Restaurants,TXC-007,EMP007,Carol White,Finance,EMP004,2,APPROVED,,,,,,,https://receipts.brim.example/003981.pdf,,True
TXN-003377,****-****-****-4009,PETRO-CANADA 8821,44.91,61.93,USD,1.379,2025-12-28 16:41:00,5541,Service Stations,TXC-009,EMP009,Grace Lee,Operations,EMP008,3,APPROVED,,,,,,,https://receipts.brim.example/003377.pdf,,True
TXN-001915,****-****-****-4008,PILOT TRAVEL 209,92.08,126.98,USD,1.379,2025-12-28 16:42:00,5541,Service Stations,TXC-008,EMP008,Eric Tran,Operations,EMP003,4,APPROVED,,,,,,,https://receipts.brim.example/001915.pdf,,True
TXN-003701,****-****-****-4009,SHELL DT #4421,73.43,101.26,USD,1.379,2025-12-28 16:49:00,5541,Service Stations,TXC-009,EMP009,Grace Lee,Operations,EMP008,3,APPROVED,,,,,,,https://receipts.brim.example/003701.pdf,,True
TXN-003200,****-****-****-4003,SHELL DT #4421,34.58,47.69,USD,1.379,2025-12-28 16:57:00,5541,Service Stations,TXC-003,EMP003,Marcus Webb,Operations,EMP001,5,APPROVED,,,,,,,https://receipts.brim.example/003200.pdf,,True
TXN-003731,****-****-****-4009,407 ETR TOLL,20.99,28.95,USD,1.379,2025-12-28 17:22:00,4131,Bus Lines / Tolls,TXC-009,EMP009,Grace Lee,Operations,EMP008,3,APPROVED,,,,,,,https://receipts.brim.example/003731.pdf,,True
TXN-002606,****-****-****-4005,DAYS INN 209,186.45,257.11,USD,1.379,2025-12-28 17:54:00,7011,"Hotels, Motels & Resorts",TXC-005,EMP005,Dana Park,Finance,EMP002,3,APPROVED,,,,,,,https://receipts.brim.example/002606.pdf,,True
TXN-001257,****-****-****-4009,IMPARK LOT 88,26.86,37.04,USD,1.379,2025-12-28 18:21:00,7523,Parking Lots & Garages,TXC-009,EMP009,Grace Lee,Operations,EMP008,3,APPROVED,,,,,,,https://receipts.brim.example/001257.pdf,,True
TXN-002218,****-****-****-4007,SUPER 8 MOTEL,148.51,204.8,USD,1.379,2025-12-28 18:24:00,7011,"Hotels, Motels & Resorts",TXC-007,EMP007,Carol White,Finance,EMP004,2,APPROVED,,,,,,,https://receipts.brim.example/002218.pdf,TRIP-0149,True
TXN-001200,****-****-****-4007,ESSO RETAIL 113,91.69,126.44,USD,1.379,2025-12-28 18:30:00,5541,Service Stations,TXC-007,EMP007,Carol White,Finance,EMP004,2,APPROVED,,,,,,,https://receipts.brim.example/001200.pdf,,True
TXN-003645,****-****-****-4004,PETRO-CANADA 8821,110.18,151.94,USD,1.379,2025-12-28 19:57:00,5541,Service Stations,TXC-004,EMP004,Alice Chen,Finance,EMP002,4,APPROVED,,,,,,,https://receipts.brim.example/003645.pdf,,True
TXN-002573,****-****-****-4008,CANADIAN TIRE 445,131.29,181.05,USD,1.379,2025-12-28 20:08:00,7538,Automotive Service Shops,TXC-008,EMP008,Eric Tran,Operations,EMP003,4,APPROVED,,,,,,,https://receipts.brim.example/002573.pdf,,True
TXN-002408,****-****-****-4001,GREEN P PARKING,16.28,22.45,USD,1.379,2025-12-28 20:17:00,7523,Parking Lots & Garages,TXC-001,EMP001,Olivia Reyes,Executive,,6,APPROVED,,,,,,,https://receipts.brim.example/002408.pdf,,True
TXN-001152,****-****-****-4009,ULTRAMAR 55,44.12,60.84,USD,1.379,2025-12-28 20:32:00,5172,Petroleum & Petroleum Products,TXC-009,EMP009,Grace Lee,Operations,EMP008,3,APPROVED,,,,,,,https://receipts.brim.example/001152.pdf,,True
TXN-003323,****-****-****-4007,WENDYS 7781,17.04,23.5,USD,1.379,2025-12-28 20:58:00,5812,Eating Places & Restaurants,TXC-007,EMP007,Carol White,Finance,EMP004,2,APPROVED,,,,,,,https://receipts.brim.example/003323.pdf,TRIP-0221,True
TXN-003361,****-****-****-4003,WENDYS 7781,172.57,237.97,USD,1.379,2025-12-28 21:20:00,5814,Fast Food Restaurants,TXC-003,EMP003,Marcus Webb,Operations,EMP001,5,APPROVED,,,,,,,https://receipts.brim.example/003361.pdf,,True
TXN-000166,****-****-****-4008,KAL TIRE 9,613.37,845.84,USD,1.379,2025-12-29 07:21:00,7538,Automotive Service Shops,TXC-008,EMP008,Eric Tran,Operations,EMP003,4,APPROVED,,,,,,,https://receipts.brim.example/000166.pdf,,True
TXN-000810,****-****-****-4003,AWS MEMB,87.39,120.51,USD,1.379,2025-12-29 07:57:00,4814,Telecom Services,TXC-003,EMP003,Marcus Webb,Operations,EMP001,5,APPROVED,,,,,,,https://receipts.brim.example/000810.pdf,,True
TXN-003141,****-****-****-4004,PILOT TRAVEL 209,60.36,83.24,USD,1.379,2025-12-29 08:33:00,5541,Service Stations,TXC-004,EMP004,Alice Chen,Finance,EMP002,4,APPROVED,,,,,,,https://receipts.brim.example/003141.pdf,,True
TXN-002396,****-****-****-4009,SUBWAY 40021,44.56,61.45,USD,1.379,2025-12-29 09:15:00,5812,Eating Places & Restaurants,TXC-009,EMP009,Grace Lee,Operations,EMP008,3,APPROVED,,,,,,,https://receipts.brim.example/002396.pdf,,True
TXN-002814,****-****-****-4007,PRECISE PARKLINK,30.92,42.64,USD,1.379,2025-12-29 10:20:00,7523,Parking Lots & Garages,TXC-007,EMP007,Carol White,Finance,EMP004,2,APPROVED,,,,,,,https://receipts.brim.example/002814.pdf,,True
TXN-000427,****-****-****-4008,QUICK FUEL STOP,235.61,324.91,USD,1.379,2025-12-29 10:52:00,5541,Service Stations,TXC-008,EMP008,Eric Tran,Operations,EMP003,4,APPROVED,,,,,,,https://receipts.brim.example/000427.pdf,,True
TXN-003089,****-****-****-4009,HOLIDAY INN EXPRESS,182.66,251.89,USD,1.379,2025-12-29 10:55:00,7011,"Hotels, Motels & Resorts",TXC-009,EMP009,Grace Lee,Operations,EMP008,3,PENDING,,,,,,,https://receipts.brim.example/003089.pdf,TRIP-0201,False
TXN-003777,****-****-****-4007,PETRO-CANADA 8821,31.37,43.26,USD,1.379,2025-12-29 11:18:00,5172,Petroleum & Petroleum Products,TXC-007,EMP007,Carol White,Finance,EMP004,2,APPROVED,,,,,,,https://receipts.brim.example/003777.pdf,,True
TXN-002743,****-****-****-4009,SUPER 8 MOTEL,147.89,203.94,USD,1.379,2025-12-29 14:16:00,7011,"Hotels, Motels & Resorts",TXC-009,EMP009,Grace Lee,Operations,EMP008,3,APPROVED,,,,,,,https://receipts.brim.example/002743.pdf,TRIP-0181,True
TXN-001724,****-****-****-4008,FLYING J #771,109.97,151.65,USD,1.379,2025-12-29 14:45:00,5172,Petroleum & Petroleum Products,TXC-008,EMP008,Eric Tran,Operations,EMP003,4,APPROVED,,,,,,,https://receipts.brim.example/001724.pdf,,True
TXN-002219,****-****-****-4007,PILOT TRAVEL 209,47.93,66.1,USD,1.379,2025-12-29 15:22:00,5541,Service Stations,TXC-007,EMP007,Carol White,Finance,EMP004,2,APPROVED,,,,,,,https://receipts.brim.example/002219.pdf,TRIP-0149,True
TXN-002300,****-****-****-4003,TIM HORTONS #882,44.92,61.94,USD,1.379,2025-12-29 15:47:00,5814,Fast Food Restaurants,TXC-003,EMP003,Marcus Webb,Operations,EMP001,5,APPROVED,,,,,,,https://receipts.brim.example/002300.pdf,,True
TXN-002891,****-****-****-4004,BOSTON PIZZA 12,12.16,16.77,USD,1.379,2025-12-29 16:21:00,5812,Eating Places & Restaurants,TXC-004,EMP004,Alice Chen,Finance,EMP002,4,APPROVED,,,,,,,https://receipts.brim.example/002891.pdf,,True
TXN-002597,****-****-****-4001,CANADIAN TIRE 445,70.57,97.32,USD,1.379,2025-12-29 16:28:00,7531,Auto Body Repair Shops,TXC-001,EMP001,Olivia Reyes,Executive,,6,APPROVED,,,,,,,https://receipts.brim.example/002597.pdf,,True
TXN-002158,****-****-****-4004,407 ETR TOLL,20.5,28.27,USD,1.379,2025-12-29 17:34:00,4131,Bus Lines / Tolls,TXC-004,EMP004,Alice Chen,Finance,EMP002,4,APPROVED,,,,,,,https://receipts.brim.example/002158.pdf,,True
TXN-000383,****-****-****-4009,QUICK FUEL STOP,38.25,52.75,USD,1.379,2025-12-29 17:49:00,5541,Service Stations,TXC-009,EMP009,Grace Lee,Operations,EMP008,3,APPROVED,,,,,,,https://receipts.brim.example/000383.pdf,,True
TXN-001856,****-****-****-4004,TIM HORTONS #882,13.83,19.07,USD,1.379,2025-12-29 18:02:00,5812,Eating Places & Restaurants,TXC-004,EMP004,Alice Chen,Finance,EMP002,4,APPROVED,,,,,,,https://receipts.brim.example/001856.pdf,,True
TXN-001318,****-****-****-4008,ESSO RETAIL 113,97.4,134.31,USD,1.379,2025-12-29 19:19:00,5172,Petroleum & Petroleum Products,TXC-008,EMP008,Eric Tran,Operations,EMP003,4,APPROVED,,,,,,,https://receipts.brim.example/001318.pdf,,True
TXN-000415,****-****-****-4006,GRAND & TOY 5,74.81,103.16,USD,1.379,2025-12-29 20:54:00,5111,Stationery & Office Supplies,TXC-006,EMP006,Bob Kumar,Finance,EMP004,2,APPROVED,,,,,,,https://receipts.brim.example/000415.pdf,,True
TXN-000858,****-****-****-4008,A&W STORE 551,47.93,66.1,USD,1.379,2025-12-29 22:54:00,5814,Fast Food Restaurants,TXC-008,EMP008,Eric Tran,Operations,EMP003,4,APPROVED,,,,,,,https://receipts.brim.example/000858.pdf,TRIP-0051,True
TXN-004144,****-****-****-4008,GRAND & TOY 5,93.54,128.99,USD,1.379,2025-12-30 07:18:00,5111,Stationery & Office Supplies,TXC-008,EMP008,Eric Tran,Operations,EMP003,4,APPROVED,,,,,,,https://receipts.brim.example/004144.pdf,,True
TXN-000222,****-****-****-4002,FLYING J #771,113.95,157.14,USD,1.379,2025-12-30 07:57:00,5172,Petroleum & Petroleum Products,TXC-002,EMP002,Priya Nair,Finance,EMP001,5,APPROVED,,,,,,,https://receipts.brim.example/000222.pdf,,True
TXN-000781,****-****-****-4008,MCDONALDS DT QPS,13.01,17.94,USD,1.379,2025-12-30 08:44:00,5812,Eating Places & Restaurants,TXC-008,EMP008,Eric Tran,Operations,EMP003,4,APPROVED,,,,,,,https://receipts.brim.example/000781.pdf,,True
TXN-000838,****-****-****-4008,GREEN P PARKING,23.25,32.06,USD,1.379,2025-12-30 08:48:00,4131,Bus Lines / Tolls,TXC-008,EMP008,Eric Tran,Operations,EMP003,4,APPROVED,,,,,,,https://receipts.brim.example/000838.pdf,,True
TXN-003096,****-****-****-4005,WENDYS 7781,15.67,21.61,USD,1.379,2025-12-30 09:13:00,5812,Eating Places & Restaurants,TXC-005,EMP005,Dana Park,Finance,EMP002,3,APPROVED,,,,,,,https://receipts.brim.example/003096.pdf,,True
TXN-001012,****-****-****-4004,BEST BUY 112,41.41,57.1,USD,1.379,2025-12-30 10:47:00,5300,Wholesale Clubs,TXC-004,EMP004,Alice Chen,Finance,EMP002,4,APPROVED,,,,,,,https://receipts.brim.example/001012.pdf,,True
TXN-003814,****-****-****-4007,AMAZON MKTPLACE,98.77,136.2,USD,1.379,2025-12-30 10:53:00,5943,Stationery & Writing Supplies,TXC-007,EMP007,Carol White,Finance,EMP004,2,APPROVED,,,,,,,https://receipts.brim.example/003814.pdf,,True
TXN-002617,****-****-****-4008,PRECISE PARKLINK,21.58,29.76,USD,1.379,2025-12-30 11:21:00,7523,Parking Lots & Garages,TXC-008,EMP008,Eric Tran,Operations,EMP003,4,APPROVED,,,,,,,https://receipts.brim.example/002617.pdf,,True
TXN-000798,****-****-****-4005,COSTCO WHSE 44,221.14,304.95,USD,1.379,2025-12-30 12:44:00,5045,Computers & Peripherals,TXC-005,EMP005,Dana Park,Finance,EMP002,3,PENDING,,,,,,,https://receipts.brim.example/000798.pdf,,False
TXN-000044,****-****-****-4006,GRAND & TOY 5,150.3,207.26,USD,1.379,2025-12-30 13:00:00,5111,Stationery & Office Supplies,TXC-006,EMP006,Bob Kumar,Finance,EMP004,2,APPROVED,,,,,,,https://receipts.brim.example/000044.pdf,,True
TXN-001672,****-****-****-4004,CANADIAN TIRE 445,148.03,204.13,USD,1.379,2025-12-30 13:25:00,7531,Auto Body Repair Shops,TXC-004,EMP004,Alice Chen,Finance,EMP002,4,PENDING,,,,,,,,,False
TXN-001840,****-****-****-4004,CANADIAN TIRE 445,387.96,535.0,USD,1.379,2025-12-30 13:43:00,7531,Auto Body Repair Shops,TXC-004,EMP004,Alice Chen,Finance,EMP002,4,PENDING,,,,,,,https://receipts.brim.example/001840.pdf,,False
TXN-000857,****-****-****-4008,A&W STORE 551,25.87,35.67,USD,1.379,2025-12-30 15:30:00,5814,Fast Food Restaurants,TXC-008,EMP008,Eric Tran,Operations,EMP003,4,APPROVED,,,,,,,https://receipts.brim.example/000857.pdf,TRIP-0051,True
TXN-003090,****-****-****-4009,ESSO RETAIL 113,114.4,157.76,USD,1.379,2025-12-30 15:34:00,5541,Service Stations,TXC-009,EMP009,Grace Lee,Operations,EMP008,3,APPROVED,,,,,,,https://receipts.brim.example/003090.pdf,TRIP-0201,True
TXN-001332,****-****-****-4003,MCDONALDS DT QPS,20.37,28.09,USD,1.379,2025-12-30 16:49:00,5814,Fast Food Restaurants,TXC-003,EMP003,Marcus Webb,Operations,EMP001,5,APPROVED,,,,,,,https://receipts.brim.example/001332.pdf,,True
TXN-002482,****-****-****-4009,QUICK FUEL STOP,65.01,89.65,USD,1.379,2025-12-30 17:27:00,5172,Petroleum & Petroleum Products,TXC-009,EMP009,Grace Lee,Operations,EMP008,3,APPROVED,,,,,,,https://receipts.brim.example/002482.pdf,,True
TXN-003140,****-****-****-4008,ULTRAMAR 55,55.63,76.71,USD,1.379,2025-12-30 17:35:00,5541,Service Stations,TXC-008,EMP008,Eric Tran,Operations,EMP003,4,APPROVED,,,,,,,https://receipts.brim.example/003140.pdf,,True
TXN-001322,****-****-****-4009,PETRO-CANADA 8821,80.89,111.55,USD,1.379,2025-12-30 17:41:00,5541,Service Stations,TXC-009,EMP009,Grace Lee,Operations,EMP008,3,APPROVED,,,,,,,https://receipts.brim.example/001322.pdf,,True
TXN-003509,****-****-****-4007,ESSO RETAIL 113,29.46,40.63,USD,1.379,2025-12-30 18:36:00,5172,Petroleum & Petroleum Products,TXC-007,EMP007,Carol White,Finance,EMP004,2,APPROVED,,,,,,,https://receipts.brim.example/003509.pdf,,True
TXN-000859,****-****-****-4008,ULTRAMAR 55,39.83,54.93,USD,1.379,2025-12-30 19:22:00,5541,Service Stations,TXC-008,EMP008,Eric Tran,Operations,EMP003,4,APPROVED,,,,,,,https://receipts.brim.example/000859.pdf,TRIP-0051,True
TXN-004324,****-****-****-4009,ESSO RETAIL 113,74.12,102.21,USD,1.379,2025-12-30 20:25:00,5172,Petroleum & Petroleum Products,TXC-009,EMP009,Grace Lee,Operations,EMP008,3,APPROVED,,,,,,,https://receipts.brim.example/004324.pdf,,True
TXN-003705,****-****-****-4007,SHELL DT #4421,43.63,60.17,USD,1.379,2025-12-30 21:35:00,5541,Service Stations,TXC-007,EMP007,Carol White,Finance,EMP004,2,APPROVED,,,,,,,https://receipts.brim.example/003705.pdf,,True
TXN-004310,****-****-****-4007,CANADIAN TIRE 445,141.63,195.31,USD,1.379,2025-12-31 07:41:00,7531,Auto Body Repair Shops,TXC-007,EMP007,Carol White,Finance,EMP004,2,APPROVED,,,,,,,https://receipts.brim.example/004310.pdf,,True
TXN-003560,****-****-****-4009,ESSO RETAIL 113,36.81,50.76,USD,1.379,2025-12-31 08:14:00,5172,Petroleum & Petroleum Products,TXC-009,EMP009,Grace Lee,Operations,EMP008,3,APPROVED,,,,,,,https://receipts.brim.example/003560.pdf,,True
TXN-001778,****-****-****-4008,SUBWAY 40021,91.07,125.59,USD,1.379,2025-12-31 09:02:00,5814,Fast Food Restaurants,TXC-008,EMP008,Eric Tran,Operations,EMP003,4,APPROVED,,,,,,,https://receipts.brim.example/001778.pdf,,True
TXN-003107,****-****-****-4008,BOSTON PIZZA 12,15.36,21.18,USD,1.379,2025-12-31 09:37:00,5812,Eating Places & Restaurants,TXC-008,EMP008,Eric Tran,Operations,EMP003,4,APPROVED,,,,,,,https://receipts.brim.example/003107.pdf,,True
TXN-000589,****-****-****-4005,TIM HORTONS #882,41.85,57.71,USD,1.379,2025-12-31 09:38:00,5814,Fast Food Restaurants,TXC-005,EMP005,Dana Park,Finance,EMP002,3,APPROVED,,,,,,,https://receipts.brim.example/000589.pdf,,True
TXN-002745,****-****-****-4009,A&W STORE 551,20.96,28.9,USD,1.379,2025-12-31 11:28:00,5814,Fast Food Restaurants,TXC-009,EMP009,Grace Lee,Operations,EMP008,3,APPROVED,,,,,,,https://receipts.brim.example/002745.pdf,TRIP-0181,True
TXN-004251,****-****-****-4008,CANADIAN TIRE 445,167.37,230.8,USD,1.379,2025-12-31 12:18:00,7538,Automotive Service Shops,TXC-008,EMP008,Eric Tran,Operations,EMP003,4,APPROVED,,,,,,,,,True
TXN-001958,****-****-****-4007,BEST BUY 112,207.21,285.74,USD,1.379,2025-12-31 13:06:00,5045,Computers & Peripherals,TXC-007,EMP007,Carol White,Finance,EMP004,2,APPROVED,,,,,,,https://receipts.brim.example/001958.pdf,,True
TXN-000354,****-****-****-4008,FLYING J #771,66.66,91.92,USD,1.379,2025-12-31 13:37:00,5172,Petroleum & Petroleum Products,TXC-008,EMP008,Eric Tran,Operations,EMP003,4,APPROVED,,,,,,,https://receipts.brim.example/000354.pdf,,True
TXN-002522,****-****-****-4007,ULTRAMAR 55,76.07,104.9,USD,1.379,2025-12-31 13:38:00,5172,Petroleum & Petroleum Products,TXC-007,EMP007,Carol White,Finance,EMP004,2,APPROVED,,,,,,,https://receipts.brim.example/002522.pdf,,True
TXN-002211,****-****-****-4009,SHELL DT #4421,48.1,66.33,USD,1.379,2025-12-31 14:26:00,5172,Petroleum & Petroleum Products,TXC-009,EMP009,Grace Lee,Operations,EMP008,3,APPROVED,,,,,,,https://receipts.brim.example/002211.pdf,,True
TXN-002885,****-****-****-4003,BOSTON PIZZA 12,17.07,23.54,USD,1.379,2025-12-31 14:52:00,5814,Fast Food Restaurants,TXC-003,EMP003,Marcus Webb,Operations,EMP001,5,APPROVED,,,,,,,https://receipts.brim.example/002885.pdf,,True
TXN-000363,****-****-****-4003,PETRO-CANADA 8821,71.41,98.47,USD,1.379,2025-12-31 16:11:00,5541,Service Stations,TXC-003,EMP003,Marcus Webb,Operations,EMP001,5,APPROVED,,,,,,,https://receipts.brim.example/000363.pdf,,True
TXN-000613,****-****-****-4008,PETRO-CANADA 8821,51.67,71.25,USD,1.379,2025-12-31 16:49:00,5541,Service Stations,TXC-008,EMP008,Eric Tran,Operations,EMP003,4,APPROVED,,,,,,,https://receipts.brim.example/000613.pdf,,True
TXN-002707,****-****-****-4008,PRECISE PARKLINK,8.09,11.16,USD,1.379,2025-12-31 16:49:00,7523,Parking Lots & Garages,TXC-008,EMP008,Eric Tran,Operations,EMP003,4,APPROVED,,,,,,,https://receipts.brim.example/002707.pdf,,True
TXN-000669,****-****-****-4009,SHELL DT #4421,56.98,78.58,USD,1.379,2025-12-31 17:06:00,5172,Petroleum & Petroleum Products,TXC-009,EMP009,Grace Lee,Operations,EMP008,3,APPROVED,,,,,,,https://receipts.brim.example/000669.pdf,,True
TXN-002509,****-****-****-4009,PETRO-CANADA 8821,44.31,61.1,USD,1.379,2025-12-31 18:11:00,5172,Petroleum & Petroleum Products,TXC-009,EMP009,Grace Lee,Operations,EMP008,3,APPROVED,,,,,,,https://receipts.brim.example/002509.pdf,,True
TXN-002813,****-****-****-4001,ULTRAMAR 55,70.77,97.59,USD,1.379,2025-12-31 19:00:00,5541,Service Stations,TXC-001,EMP001,Olivia Reyes,Executive,,6,APPROVED,,,,,,,https://receipts.brim.example/002813.pdf,,True
TXN-000856,****-****-****-4008,BEST WESTERN 71,352.73,486.41,USD,1.379,2025-12-31 19:28:00,7011,"Hotels, Motels & Resorts",TXC-008,EMP008,Eric Tran,Operations,EMP003,4,APPROVED,,,,,,,https://receipts.brim.example/000856.pdf,TRIP-0051,True
TXN-002071,****-****-****-4009,SUBWAY 40021,4.84,6.67,USD,1.379,2025-12-31 20:15:00,5814,Fast Food Restaurants,TXC-009,EMP009,Grace Lee,Operations,EMP008,3,APPROVED,,,,,,,https://receipts.brim.example/002071.pdf,,True
TXN-003112,****-****-****-4007,ULTRAMAR 55,72.05,99.36,USD,1.379,2026-01-01 09:48:00,5541,Service Stations,TXC-007,EMP007,Carol White,Finance,EMP004,2,APPROVED,,,,,,,https://receipts.brim.example/003112.pdf,,True
TXN-000904,****-****-****-4003,HOLIDAY INN EXPRESS,252.22,347.81,USD,1.379,2026-01-01 11:16:00,7011,"Hotels, Motels & Resorts",TXC-003,EMP003,Marcus Webb,Operations,EMP001,5,APPROVED,,,,,,,https://receipts.brim.example/000904.pdf,,True
TXN-000907,****-****-****-4008,ESSO RETAIL 113,47.02,64.84,USD,1.379,2026-01-01 12:36:00,5541,Service Stations,TXC-008,EMP008,Eric Tran,Operations,EMP003,4,APPROVED,,,,,,,https://receipts.brim.example/000907.pdf,,True
TXN-002890,****-****-****-4004,MIDAS AUTO 21,107.02,147.58,USD,1.379,2026-01-01 13:05:00,7538,Automotive Service Shops,TXC-004,EMP004,Alice Chen,Finance,EMP002,4,APPROVED,,,,,,,https://receipts.brim.example/002890.pdf,,True
TXN-002248,****-****-****-4008,PETRO-CANADA 8821,89.4,123.28,USD,1.379,2026-01-01 13:50:00,5541,Service Stations,TXC-008,EMP008,Eric Tran,Operations,EMP003,4,APPROVED,,,,,,,https://receipts.brim.example/002248.pdf,,True
TXN-002510,****-****-****-4009,QUICK FUEL STOP,38.15,52.61,USD,1.379,2026-01-01 15:01:00,5541,Service Stations,TXC-009,EMP009,Grace Lee,Operations,EMP008,3,APPROVED,,,,,,,https://receipts.brim.example/002510.pdf,,True
TXN-002999,****-****-****-4007,ESSO RETAIL 113,112.5,155.14,USD,1.379,2026-01-01 17:43:00,5541,Service Stations,TXC-007,EMP007,Carol White,Finance,EMP004,2,APPROVED,,,,,,,https://receipts.brim.example/002999.pdf,,True
TXN-000701,****-****-****-4008,ESSO RETAIL 113,152.2,209.88,USD,1.379,2026-01-01 17:53:00,5541,Service Stations,TXC-008,EMP008,Eric Tran,Operations,EMP003,4,APPROVED,,,,,,,https://receipts.brim.example/000701.pdf,,True
TXN-000089,****-****-****-4005,ALPHA CONSULTING GROUP,1380.95,1904.33,USD,1.379,2026-01-01 18:00:00,4814,Telecom Services,TXC-005,EMP005,Dana Park,Finance,EMP002,3,APPROVED,,,,,,,https://receipts.brim.example/000089.pdf,,True
TXN-003578,****-****-****-4001,ESSO RETAIL 113,38.23,52.72,USD,1.379,2026-01-01 18:02:00,5541,Service Stations,TXC-001,EMP001,Olivia Reyes,Executive,,6,APPROVED,,,,,,,https://receipts.brim.example/003578.pdf,,True
TXN-002018,****-****-****-4007,ULTRAMAR 55,62.72,86.49,USD,1.379,2026-01-01 18:43:00,5541,Service Stations,TXC-007,EMP007,Carol White,Finance,EMP004,2,PENDING,,,,,,,https://receipts.brim.example/002018.pdf,,False
TXN-001428,****-****-****-4009,FLYING J #771,31.2,43.02,USD,1.379,2026-01-01 19:19:00,5541,Service Stations,TXC-009,EMP009,Grace Lee,Operations,EMP008,3,APPROVED,,,,,,,https://receipts.brim.example/001428.pdf,,True
TXN-000762,****-****-****-4008,TIM HORTONS #882,18.81,25.94,USD,1.379,2026-01-01 19:43:00,5814,Fast Food Restaurants,TXC-008,EMP008,Eric Tran,Operations,EMP003,4,APPROVED,,,,,,,https://receipts.brim.example/000762.pdf,,True
TXN-004136,****-****-****-4003,ESSO RETAIL 113,65.24,89.97,USD,1.379,2026-01-01 20:30:00,5172,Petroleum & Petroleum Products,TXC-003,EMP003,Marcus Webb,Operations,EMP001,5,APPROVED,,,,,,,https://receipts.brim.example/004136.pdf,,True
TXN-002432,****-****-****-4005,ESSO RETAIL 113,19.83,27.35,USD,1.379,2026-01-02 07:16:00,5541,Service Stations,TXC-005,EMP005,Dana Park,Finance,EMP002,3,APPROVED,,,,,,,https://receipts.brim.example/002432.pdf,,True
TXN-003827,****-****-****-4001,SHELL DT #4421,114.57,157.99,USD,1.379,2026-01-02 09:45:00,5541,Service Stations,TXC-001,EMP001,Olivia Reyes,Executive,,6,APPROVED,,,,,,,https://receipts.brim.example/003827.pdf,,True
TXN-001256,****-****-****-4007,SHELL DT #4421,191.65,264.29,USD,1.379,2026-01-02 10:55:00,5172,Petroleum & Petroleum Products,TXC-007,EMP007,Carol White,Finance,EMP004,2,APPROVED,,,,,,,https://receipts.brim.example/001256.pdf,,True
TXN-002275,****-****-****-4007,MCDONALDS DT QPS,9.35,12.89,USD,1.379,2026-01-02 12:20:00,5812,Eating Places & Restaurants,TXC-007,EMP007,Carol White,Finance,EMP004,2,APPROVED,,,,,,,https://receipts.brim.example/002275.pdf,,True
TXN-003071,****-****-****-4001,TIM HORTONS #882,12.08,16.66,USD,1.379,2026-01-02 14:44:00,5812,Eating Places & Restaurants,TXC-001,EMP001,Olivia Reyes,Executive,,6,APPROVED,,,,,,,https://receipts.brim.example/003071.pdf,,True
TXN-003040,****-****-****-4008,407 ETR TOLL,11.47,15.82,USD,1.379,2026-01-02 14:59:00,4131,Bus Lines / Tolls,TXC-008,EMP008,Eric Tran,Operations,EMP003,4,APPROVED,,,,,,,https://receipts.brim.example/003040.pdf,,True
TXN-002725,****-****-****-4008,TIM HORTONS #882,20.29,27.98,USD,1.379,2026-01-02 15:18:00,5812,Eating Places & Restaurants,TXC-008,EMP008,Eric Tran,Operations,EMP003,4,APPROVED,,,,,,,https://receipts.brim.example/002725.pdf,,True
TXN-001000,****-****-****-4008,MCDONALDS DT QPS,24.56,33.87,USD,1.379,2026-01-02 15:52:00,5814,Fast Food Restaurants,TXC-008,EMP008,Eric Tran,Operations,EMP003,4,APPROVED,,,,,,,https://receipts.brim.example/001000.pdf,,True
TXN-003755,****-****-****-4004,A&W STORE 551,16.84,23.22,USD,1.379,2026-01-02 16:49:00,5812,Eating Places & Restaurants,TXC-004,EMP004,Alice Chen,Finance,EMP002,4,APPROVED,,,,,,,https://receipts.brim.example/003755.pdf,TRIP-0246,True
TXN-000312,****-****-****-4008,PETRO-CANADA 8821,31.43,43.34,USD,1.379,2026-01-02 17:17:00,5541,Service Stations,TXC-008,EMP008,Eric Tran,Operations,EMP003,4,APPROVED,,,,,,,https://receipts.brim.example/000312.pdf,,True
TXN-001150,****-****-****-4007,ULTRAMAR 55,76.26,105.16,USD,1.379,2026-01-02 18:00:00,5172,Petroleum & Petroleum Products,TXC-007,EMP007,Carol White,Finance,EMP004,2,APPROVED,,,,,,,https://receipts.brim.example/001150.pdf,TRIP-0077,True
TXN-000958,****-****-****-4001,PETRO-CANADA 8821,46.3,63.85,USD,1.379,2026-01-02 20:46:00,5541,Service Stations,TXC-001,EMP001,Olivia Reyes,Executive,,6,APPROVED,,,,,,,https://receipts.brim.example/000958.pdf,,True
TXN-004002,****-****-****-4009,PILOT TRAVEL 209,52.84,72.87,USD,1.379,2026-01-02 20:53:00,5172,Petroleum & Petroleum Products,TXC-009,EMP009,Grace Lee,Operations,EMP008,3,APPROVED,,,,,,,https://receipts.brim.example/004002.pdf,,True
TXN-004025,****-****-****-4003,PETRO-CANADA 8821,264.32,364.5,USD,1.379,2026-01-02 21:10:00,5541,Service Stations,TXC-003,EMP003,Marcus Webb,Operations,EMP001,5,APPROVED,,,,,,,https://receipts.brim.example/004025.pdf,,True
TXN-003221,****-****-****-4008,COMFORT INN 442,92.62,127.72,USD,1.379,2026-01-02 21:26:00,7011,"Hotels, Motels & Resorts",TXC-008,EMP008,Eric Tran,Operations,EMP003,4,APPROVED,,,,,,,https://receipts.brim.example/003221.pdf,,True
TXN-002917,****-****-****-4009,IMPARK LOT 88,24.48,33.76,USD,1.379,2026-01-02 21:54:00,4131,Bus Lines / Tolls,TXC-009,EMP009,Grace Lee,Operations,EMP008,3,APPROVED,,,,,,,https://receipts.brim.example/002917.pdf,,True
TXN-003928,****-****-****-4003,SUBWAY 40021,41.5,57.23,USD,1.379,2026-01-02 22:23:00,5814,Fast Food Restaurants,TXC-003,EMP003,Marcus Webb,Operations,EMP001,5,APPROVED,,,,,,,https://receipts.brim.example/003928.pdf,TRIP-0265,True
TXN-001148,****-****-****-4007,ULTRAMAR 55,47.63,65.68,USD,1.379,2026-01-03 01:29:00,5541,Service Stations,TXC-007,EMP007,Carol White,Finance,EMP004,2,APPROVED,,,,,,,https://receipts.brim.example/001148.pdf,TRIP-0077,True
TXN-001242,****-****-****-4004,SUPER 8 MOTEL,394.35,543.81,USD,1.379,2026-01-03 07:12:00,7011,"Hotels, Motels & Resorts",TXC-004,EMP004,Alice Chen,Finance,EMP002,4,APPROVED,,,,,,,https://receipts.brim.example/001242.pdf,TRIP-0084,True
TXN-001784,****-****-****-4002,QUICK FUEL STOP,49.89,68.8,USD,1.379,2026-01-03 08:30:00,5541,Service Stations,TXC-002,EMP002,Priya Nair,Finance,EMP001,5,APPROVED,,,,,,,https://receipts.brim.example/001784.pdf,,True
TXN-001039,****-****-****-4004,PILOT TRAVEL 209,133.74,184.43,USD,1.379,2026-01-03 08:41:00,5541,Service Stations,TXC-004,EMP004,Alice Chen,Finance,EMP002,4,APPROVED,,,,,,,https://receipts.brim.example/001039.pdf,,True
TXN-002370,****-****-****-4002,MCDONALDS DT QPS,32.57,44.91,USD,1.379,2026-01-03 09:03:00,5814,Fast Food Restaurants,TXC-002,EMP002,Priya Nair,Finance,EMP001,5,APPROVED,,,,,,,https://receipts.brim.example/002370.pdf,,True
TXN-000465,****-****-****-4002,HOLIDAY INN EXPRESS,209.53,288.94,USD,1.379,2026-01-03 10:24:00,7011,"Hotels, Motels & Resorts",TXC-002,EMP002,Priya Nair,Finance,EMP001,5,APPROVED,,,,,,,https://receipts.brim.example/000465.pdf,,True
TXN-001572,****-****-****-4004,FLYING J #771,41.48,57.2,USD,1.379,2026-01-03 11:22:00,5172,Petroleum & Petroleum Products,TXC-004,EMP004,Alice Chen,Finance,EMP002,4,APPROVED,,,,,,,https://receipts.brim.example/001572.pdf,,True
TXN-000895,****-****-****-4003,QUICK FUEL STOP,47.21,65.1,USD,1.379,2026-01-03 12:28:00,5172,Petroleum & Petroleum Products,TXC-003,EMP003,Marcus Webb,Operations,EMP001,5,APPROVED,,,,,,,https://receipts.brim.example/000895.pdf,,True
TXN-001832,****-****-****-4007,SUPER 8 MOTEL,164.17,226.39,USD,1.379,2026-01-03 12:45:00,7011,"Hotels, Motels & Resorts",TXC-007,EMP007,Carol White,Finance,EMP004,2,APPROVED,,,,,,,https://receipts.brim.example/001832.pdf,,True
TXN-003754,****-****-****-4004,TIM HORTONS #882,25.2,34.75,USD,1.379,2026-01-03 13:38:00,5814,Fast Food Restaurants,TXC-004,EMP004,Alice Chen,Finance,EMP002,4,APPROVED,,,,,,,https://receipts.brim.example/003754.pdf,TRIP-0246,True
TXN-003205,****-****-****-4003,SHELL DT #4421,127.14,175.33,USD,1.379,2026-01-03 13:39:00,5172,Petroleum & Petroleum Products,TXC-003,EMP003,Marcus Webb,Operations,EMP001,5,APPROVED,,,,,,,https://receipts.brim.example/003205.pdf,,True
TXN-004056,****-****-****-4004,SHELL DT #4421,63.01,86.89,USD,1.379,2026-01-03 13:53:00,5541,Service Stations,TXC-004,EMP004,Alice Chen,Finance,EMP002,4,APPROVED,,,,,,,,,True
TXN-000645,****-****-****-4009,PETRO-CANADA 8821,61.59,84.93,USD,1.379,2026-01-03 15:25:00,5541,Service Stations,TXC-009,EMP009,Grace Lee,Operations,EMP008,3,APPROVED,,,,,,,https://receipts.brim.example/000645.pdf,,True
TXN-002533,****-****-****-4002,TIM HORTONS #882,15.1,20.82,USD,1.379,2026-01-03 15:26:00,5814,Fast Food Restaurants,TXC-002,EMP002,Priya Nair,Finance,EMP001,5,APPROVED,,,,,,,https://receipts.brim.example/002533.pdf,,True
TXN-000274,****-****-****-4008,QUICK FUEL STOP,59.23,81.68,USD,1.379,2026-01-03 15:47:00,5541,Service Stations,TXC-008,EMP008,Eric Tran,Operations,EMP003,4,APPROVED,,,,,,,https://receipts.brim.example/000274.pdf,,True
TXN-003345,****-****-****-4009,ESSO RETAIL 113,16.31,22.49,USD,1.379,2026-01-03 15:58:00,5172,Petroleum & Petroleum Products,TXC-009,EMP009,Grace Lee,Operations,EMP008,3,APPROVED,,,,,,,https://receipts.brim.example/003345.pdf,,True
TXN-002765,****-****-****-4008,COSTCO WHSE 44,170.57,235.22,USD,1.379,2026-01-03 15:59:00,5300,Wholesale Clubs,TXC-008,EMP008,Eric Tran,Operations,EMP003,4,APPROVED,,,,,,,https://receipts.brim.example/002765.pdf,,True
TXN-003146,****-****-****-4002,MCDONALDS DT QPS,19.08,26.31,USD,1.379,2026-01-03 16:35:00,5814,Fast Food Restaurants,TXC-002,EMP002,Priya Nair,Finance,EMP001,5,APPROVED,,,,,,,https://receipts.brim.example/003146.pdf,,True
TXN-001677,****-****-****-4007,FLYING J #771,167.17,230.53,USD,1.379,2026-01-03 17:04:00,5172,Petroleum & Petroleum Products,TXC-007,EMP007,Carol White,Finance,EMP004,2,APPROVED,,,,,,,https://receipts.brim.example/001677.pdf,TRIP-0112,True
TXN-002543,****-****-****-4005,FLYING J #771,42.16,58.14,USD,1.379,2026-01-03 17:37:00,5541,Service Stations,TXC-005,EMP005,Dana Park,Finance,EMP002,3,APPROVED,,,,,,,https://receipts.brim.example/002543.pdf,,True
TXN-003927,****-****-****-4003,COMFORT INN 442,110.49,152.37,USD,1.379,2026-01-03 17:53:00,7011,"Hotels, Motels & Resorts",TXC-003,EMP003,Marcus Webb,Operations,EMP001,5,APPROVED,,,,,,,https://receipts.brim.example/003927.pdf,TRIP-0265,True
TXN-001374,****-****-****-4002,FOUNTAIN TIRE,235.05,324.13,USD,1.379,2026-01-03 18:02:00,7531,Auto Body Repair Shops,TXC-002,EMP002,Priya Nair,Finance,EMP001,5,APPROVED,,,,,,,https://receipts.brim.example/001374.pdf,,True
TXN-000127,****-****-****-4001,SUBWAY 40021,5.96,8.22,USD,1.379,2026-01-03 18:10:00,5814,Fast Food Restaurants,TXC-001,EMP001,Olivia Reyes,Executive,,6,APPROVED,,,,,,,https://receipts.brim.example/000127.pdf,,True
TXN-003270,****-****-****-4008,HOME DEPOT 88,206.07,284.17,USD,1.379,2026-01-03 19:00:00,5045,Computers & Peripherals,TXC-008,EMP008,Eric Tran,Operations,EMP003,4,APPROVED,,,,,,,https://receipts.brim.example/003270.pdf,,True
TXN-001548,****-****-****-4005,ESSO RETAIL 113,47.85,65.99,USD,1.379,2026-01-03 19:21:00,5172,Petroleum & Petroleum Products,TXC-005,EMP005,Dana Park,Finance,EMP002,3,APPROVED,,,,,,,https://receipts.brim.example/001548.pdf,,True
TXN-004095,****-****-****-4002,ESSO RETAIL 113,32.71,45.11,USD,1.379,2026-01-03 20:26:00,5172,Petroleum & Petroleum Products,TXC-002,EMP002,Priya Nair,Finance,EMP001,5,APPROVED,,,,,,,https://receipts.brim.example/004095.pdf,,True
TXN-001615,****-****-****-4008,MCDONALDS DT QPS,49.69,68.52,USD,1.379,2026-01-03 21:16:00,5812,Eating Places & Restaurants,TXC-008,EMP008,Eric Tran,Operations,EMP003,4,APPROVED,,,,,,,https://receipts.brim.example/001615.pdf,,True
TXN-001676,****-****-****-4007,DAYS INN 209,121.22,167.16,USD,1.379,2026-01-03 21:32:00,7011,"Hotels, Motels & Resorts",TXC-007,EMP007,Carol White,Finance,EMP004,2,APPROVED,,,,,,,https://receipts.brim.example/001676.pdf,TRIP-0112,True
TXN-001147,****-****-****-4007,COMFORT INN 442,85.31,117.64,USD,1.379,2026-01-03 21:35:00,7011,"Hotels, Motels & Resorts",TXC-007,EMP007,Carol White,Finance,EMP004,2,APPROVED,,,,,,,https://receipts.brim.example/001147.pdf,TRIP-0077,True
TXN-001226,****-****-****-4002,QUICK FUEL STOP,86.31,119.02,USD,1.379,2026-01-03 21:40:00,5172,Petroleum & Petroleum Products,TXC-002,EMP002,Priya Nair,Finance,EMP001,5,APPROVED,,,,,,,https://receipts.brim.example/001226.pdf,,True
TXN-001678,****-****-****-4007,BOSTON PIZZA 12,36.28,50.03,USD,1.379,2026-01-03 23:22:00,5814,Fast Food Restaurants,TXC-007,EMP007,Carol White,Finance,EMP004,2,APPROVED,,,,,,,https://receipts.brim.example/001678.pdf,TRIP-0112,True
TXN-000045,****-****-****-4006,TIM HORTONS #882,130.8,180.37,USD,1.379,2026-01-04 01:00:00,5943,Stationery & Writing Supplies,TXC-006,EMP006,Bob Kumar,Finance,EMP004,2,APPROVED,,,,,,,https://receipts.brim.example/000045.pdf,,True
TXN-001243,****-****-****-4004,BOSTON PIZZA 12,16.06,22.15,USD,1.379,2026-01-04 02:29:00,5812,Eating Places & Restaurants,TXC-004,EMP004,Alice Chen,Finance,EMP002,4,APPROVED,,,,,,,https://receipts.brim.example/001243.pdf,TRIP-0084,True
TXN-001535,****-****-****-4009,QUICK FUEL STOP,38.51,53.11,USD,1.379,2026-01-04 09:04:00,5541,Service Stations,TXC-009,EMP009,Grace Lee,Operations,EMP008,3,APPROVED,,,,,,,https://receipts.brim.example/001535.pdf,,True
TXN-001551,****-****-****-4003,ULTRAMAR 55,38.81,53.52,USD,1.379,2026-01-04 09:04:00,5541,Service Stations,TXC-003,EMP003,Marcus Webb,Operations,EMP001,5,APPROVED,,,,,,,https://receipts.brim.example/001551.pdf,,True
TXN-003665,****-****-****-4003,PRECISE PARKLINK,10.71,14.77,USD,1.379,2026-01-04 09:09:00,4131,Bus Lines / Tolls,TXC-003,EMP003,Marcus Webb,Operations,EMP001,5,APPROVED,,,,,,,https://receipts.brim.example/003665.pdf,,True
TXN-000715,****-****-****-4008,ESSO RETAIL 113,86.69,119.55,USD,1.379,2026-01-04 09:54:00,5541,Service Stations,TXC-008,EMP008,Eric Tran,Operations,EMP003,4,APPROVED,,,,,,,https://receipts.brim.example/000715.pdf,,True
TXN-003207,****-****-****-4004,BOSTON PIZZA 12,39.28,54.17,USD,1.379,2026-01-04 10:12:00,5814,Fast Food Restaurants,TXC-004,EMP004,Alice Chen,Finance,EMP002,4,APPROVED,,,,,,,https://receipts.brim.example/003207.pdf,,True
TXN-000416,****-****-****-4003,SHELL DT #4421,210.74,290.61,USD,1.379,2026-01-04 10:46:00,5541,Service Stations,TXC-003,EMP003,Marcus Webb,Operations,EMP001,5,APPROVED,,,,,,,https://receipts.brim.example/000416.pdf,,True
TXN-000653,****-****-****-4008,BOSTON PIZZA 12,23.78,32.79,USD,1.379,2026-01-04 10:58:00,5814,Fast Food Restaurants,TXC-008,EMP008,Eric Tran,Operations,EMP003,4,APPROVED,,,,,,,https://receipts.brim.example/000653.pdf,,True
TXN-002179,****-****-****-4009,BOSTON PIZZA 12,30.01,41.38,USD,1.379,2026-01-04 11:44:00,5812,Eating Places & Restaurants,TXC-009,EMP009,Grace Lee,Operations,EMP008,3,APPROVED,,,,,,,https://receipts.brim.example/002179.pdf,,True
TXN-000255,****-****-****-4003,SUBWAY 40021,31.36,43.25,USD,1.379,2026-01-04 11:52:00,5814,Fast Food Restaurants,TXC-003,EMP003,Marcus Webb,Operations,EMP001,5,APPROVED,,,,,,,https://receipts.brim.example/000255.pdf,,True
TXN-003804,****-****-****-4008,ULTRAMAR 55,110.9,152.93,USD,1.379,2026-01-04 12:18:00,5172,Petroleum & Petroleum Products,TXC-008,EMP008,Eric Tran,Operations,EMP003,4,APPROVED,,,,,,,https://receipts.brim.example/003804.pdf,,True
TXN-002000,****-****-****-4007,CANADIAN TIRE 445,217.05,299.31,USD,1.379,2026-01-04 12:35:00,7538,Automotive Service Shops,TXC-007,EMP007,Carol White,Finance,EMP004,2,PENDING,,,,,,,,,False
TXN-002011,****-****-****-4004,PETRO-CANADA 8821,45.07,62.15,USD,1.379,2026-01-04 13:52:00,5541,Service Stations,TXC-004,EMP004,Alice Chen,Finance,EMP002,4,APPROVED,,,,,,,https://receipts.brim.example/002011.pdf,,True
TXN-004314,****-****-****-4003,QUICK FUEL STOP,22.67,31.26,USD,1.379,2026-01-04 15:03:00,5172,Petroleum & Petroleum Products,TXC-003,EMP003,Marcus Webb,Operations,EMP001,5,APPROVED,,,,,,,https://receipts.brim.example/004314.pdf,,True
TXN-004289,****-****-****-4004,IMPARK LOT 88,19.23,26.52,USD,1.379,2026-01-04 15:29:00,7523,Parking Lots & Garages,TXC-004,EMP004,Alice Chen,Finance,EMP002,4,APPROVED,,,,,,,https://receipts.brim.example/004289.pdf,,True
TXN-002870,****-****-****-4009,TIM HORTONS #882,27.76,38.28,USD,1.379,2026-01-04 15:59:00,5812,Eating Places & Restaurants,TXC-009,EMP009,Grace Lee,Operations,EMP008,3,APPROVED,,,,,,,https://receipts.brim.example/002870.pdf,TRIP-0187,True
TXN-002475,****-****-****-4007,MICROSOFT 365,58.3,80.4,USD,1.379,2026-01-04 17:04:00,5734,Computer Software Stores,TXC-007,EMP007,Carol White,Finance,EMP004,2,APPROVED,,,,,,,https://receipts.brim.example/002475.pdf,,True
TXN-002393,****-****-****-4004,A&W STORE 551,7.27,10.03,USD,1.379,2026-01-04 17:15:00,5812,Eating Places & Restaurants,TXC-004,EMP004,Alice Chen,Finance,EMP002,4,APPROVED,,,,,,,https://receipts.brim.example/002393.pdf,,True
TXN-003753,****-****-****-4004,BEST WESTERN 71,162.26,223.76,USD,1.379,2026-01-04 17:26:00,7011,"Hotels, Motels & Resorts",TXC-004,EMP004,Alice Chen,Finance,EMP002,4,APPROVED,,,,,,,https://receipts.brim.example/003753.pdf,TRIP-0246,True
TXN-000160,****-****-****-4008,FLYING J #771,38.19,52.66,USD,1.379,2026-01-04 19:37:00,5541,Service Stations,TXC-008,EMP008,Eric Tran,Operations,EMP003,4,APPROVED,,,,,,,https://receipts.brim.example/000160.pdf,,True
TXN-001622,****-****-****-4004,BOSTON PIZZA 12,29.76,41.04,USD,1.379,2026-01-04 20:25:00,5812,Eating Places & Restaurants,TXC-004,EMP004,Alice Chen,Finance,EMP002,4,APPROVED,,,,,,,https://receipts.brim.example/001622.pdf,,True
TXN-002905,****-****-****-4002,GOOGLE WORKSPACE,84.4,116.39,USD,1.379,2026-01-04 20:41:00,4814,Telecom Services,TXC-002,EMP002,Priya Nair,Finance,EMP001,5,PENDING,,,,,,,https://receipts.brim.example/002905.pdf,,False
TXN-002951,****-****-****-4009,BEST WESTERN 71,147.54,203.46,USD,1.379,2026-01-05 07:16:00,7011,"Hotels, Motels & Resorts",TXC-009,EMP009,Grace Lee,Operations,EMP008,3,APPROVED,,,,,,,https://receipts.brim.example/002951.pdf,,True
TXN-001944,****-****-****-4009,ROADSIDE GRILL CO,28.88,39.83,USD,1.379,2026-01-05 09:18:00,5812,Eating Places & Restaurants,TXC-009,EMP009,Grace Lee,Operations,EMP008,3,APPROVED,,,,,,,https://receipts.brim.example/001944.pdf,,True
TXN-002268,****-****-****-4009,407 ETR TOLL,8.67,11.96,USD,1.379,2026-01-05 12:16:00,7523,Parking Lots & Garages,TXC-009,EMP009,Grace Lee,Operations,EMP008,3,APPROVED,,,,,,,https://receipts.brim.example/002268.pdf,,True
TXN-002868,****-****-****-4009,SUPER 8 MOTEL,128.01,176.53,USD,1.379,2026-01-05 13:44:00,7011,"Hotels, Motels & Resorts",TXC-009,EMP009,Grace Lee,Operations,EMP008,3,APPROVED,,,,,,,https://receipts.brim.example/002868.pdf,TRIP-0187,True
TXN-003929,****-****-****-4003,PILOT TRAVEL 209,39.19,54.04,USD,1.379,2026-01-05 13:48:00,5172,Petroleum & Petroleum Products,TXC-003,EMP003,Marcus Webb,Operations,EMP001,5,APPROVED,,,,,,,https://receipts.brim.example/003929.pdf,TRIP-0265,True
TXN-003306,****-****-****-4005,SHELL DT #4421,23.05,31.79,USD,1.379,2026-01-05 16:29:00,5172,Petroleum & Petroleum Products,TXC-005,EMP005,Dana Park,Finance,EMP002,3,APPROVED,,,,,,,https://receipts.brim.example/003306.pdf,,True
TXN-003266,****-****-****-4002,DAYS INN 209,91.72,126.48,USD,1.379,2026-01-05 16:56:00,7011,"Hotels, Motels & Resorts",TXC-002,EMP002,Priya Nair,Finance,EMP001,5,APPROVED,,,,,,,https://receipts.brim.example/003266.pdf,,True
TXN-000534,****-****-****-4009,DAYS INN 209,83.7,115.42,USD,1.379,2026-01-05 17:14:00,7011,"Hotels, Motels & Resorts",TXC-009,EMP009,Grace Lee,Operations,EMP008,3,APPROVED,,,,,,,https://receipts.brim.example/000534.pdf,,True
TXN-000405,****-****-****-4003,ESSO RETAIL 113,58.4,80.53,USD,1.379,2026-01-05 17:34:00,5541,Service Stations,TXC-003,EMP003,Marcus Webb,Operations,EMP001,5,APPROVED,,,,,,,https://receipts.brim.example/000405.pdf,,True
TXN-003476,****-****-****-4007,DAYS INN 209,367.09,506.22,USD,1.379,2026-01-05 18:26:00,7011,"Hotels, Motels & Resorts",TXC-007,EMP007,Carol White,Finance,EMP004,2,APPROVED,,,,,,,https://receipts.brim.example/003476.pdf,TRIP-0230,True
TXN-003034,****-****-****-4009,SHELL DT #4421,26.76,36.9,USD,1.379,2026-01-05 18:34:00,5541,Service Stations,TXC-009,EMP009,Grace Lee,Operations,EMP008,3,APPROVED,,,,,,,https://receipts.brim.example/003034.pdf,,True
TXN-001642,****-****-****-4008,SHELL DT #4421,78.21,107.85,USD,1.379,2026-01-05 18:52:00,5541,Service Stations,TXC-008,EMP008,Eric Tran,Operations,EMP003,4,APPROVED,,,,,,,https://receipts.brim.example/001642.pdf,,True
TXN-001299,****-****-****-4003,SUBWAY 40021,24.73,34.1,USD,1.379,2026-01-05 19:11:00,5814,Fast Food Restaurants,TXC-003,EMP003,Marcus Webb,Operations,EMP001,5,APPROVED,,,,,,,https://receipts.brim.example/001299.pdf,,True
TXN-001149,****-****-****-4007,QUICK FUEL STOP,38.98,53.75,USD,1.379,2026-01-06 01:19:00,5172,Petroleum & Petroleum Products,TXC-007,EMP007,Carol White,Finance,EMP004,2,APPROVED,,,,,,,https://receipts.brim.example/001149.pdf,TRIP-0077,True
TXN-000452,****-****-****-4004,QUICK FUEL STOP,83.87,115.66,USD,1.379,2026-01-06 08:12:00,5172,Petroleum & Petroleum Products,TXC-004,EMP004,Alice Chen,Finance,EMP002,4,APPROVED,,,,,,,https://receipts.brim.example/000452.pdf,,True
TXN-003950,****-****-****-4002,ESSO RETAIL 113,83.42,115.04,USD,1.379,2026-01-06 08:58:00,5541,Service Stations,TXC-002,EMP002,Priya Nair,Finance,EMP001,5,APPROVED,,,,,,,https://receipts.brim.example/003950.pdf,,True
TXN-000581,****-****-****-4008,PETRO-CANADA 8821,35.89,49.49,USD,1.379,2026-01-06 09:11:00,5172,Petroleum & Petroleum Products,TXC-008,EMP008,Eric Tran,Operations,EMP003,4,APPROVED,,,,,,,https://receipts.brim.example/000581.pdf,TRIP-0035,True
TXN-000429,****-****-****-4007,DAYS INN 209,269.13,371.13,USD,1.379,2026-01-06 09:30:00,7011,"Hotels, Motels & Resorts",TXC-007,EMP007,Carol White,Finance,EMP004,2,APPROVED,,,,,,,https://receipts.brim.example/000429.pdf,,True
TXN-000619,****-****-****-4009,STAPLES #112,70.2,96.81,USD,1.379,2026-01-06 09:31:00,5943,Stationery & Writing Supplies,TXC-009,EMP009,Grace Lee,Operations,EMP008,3,PENDING,,,,,,,https://receipts.brim.example/000619.pdf,,False
TXN-002869,****-****-****-4009,TIM HORTONS #882,18.96,26.15,USD,1.379,2026-01-06 10:04:00,5812,Eating Places & Restaurants,TXC-009,EMP009,Grace Lee,Operations,EMP008,3,APPROVED,,,,,,,https://receipts.brim.example/002869.pdf,TRIP-0187,True
TXN-003786,****-****-****-4009,SHELL DT #4421,24.96,34.42,USD,1.379,2026-01-06 12:17:00,5172,Petroleum & Petroleum Products,TXC-009,EMP009,Grace Lee,Operations,EMP008,3,APPROVED,,,,,,,https://receipts.brim.example/003786.pdf,,True
TXN-003512,****-****-****-4001,SUBWAY 40021,27.17,37.47,USD,1.379,2026-01-06 13:07:00,5814,Fast Food Restaurants,TXC-001,EMP001,Olivia Reyes,Executive,,6,APPROVED,,,,,,,https://receipts.brim.example/003512.pdf,,True
TXN-002498,****-****-****-4002,AMAZON MKTPLACE,17.3,23.86,USD,1.379,2026-01-06 13:41:00,5943,Stationery & Writing Supplies,TXC-002,EMP002,Priya Nair,Finance,EMP001,5,APPROVED,,,,,,,https://receipts.brim.example/002498.pdf,,True
TXN-003586,****-****-****-4009,FOUNTAIN TIRE,63.01,86.89,USD,1.379,2026-01-06 15:05:00,7538,Automotive Service Shops,TXC-009,EMP009,Grace Lee,Operations,EMP008,3,PENDING,,,,,,,https://receipts.brim.example/003586.pdf,,False
TXN-002675,****-****-****-4005,AWS MEMB,125.09,172.5,USD,1.379,2026-01-06 17:16:00,5734,Computer Software Stores,TXC-005,EMP005,Dana Park,Finance,EMP002,3,APPROVED,,,,,,,https://receipts.brim.example/002675.pdf,,True
TXN-001142,****-****-****-4006,ULTRAMAR 55,83.76,115.51,USD,1.379,2026-01-06 19:04:00,5541,Service Stations,TXC-006,EMP006,Bob Kumar,Finance,EMP004,2,APPROVED,,,,,,,,,True
TXN-003478,****-****-****-4007,A&W STORE 551,38.15,52.61,USD,1.379,2026-01-06 20:51:00,5814,Fast Food Restaurants,TXC-007,EMP007,Carol White,Finance,EMP004,2,APPROVED,,,,,,,https://receipts.brim.example/003478.pdf,TRIP-0230,True
TXN-002538,****-****-****-4004,MICROSOFT 365,202.05,278.63,USD,1.379,2026-01-06 21:40:00,5734,Computer Software Stores,TXC-004,EMP004,Alice Chen,Finance,EMP002,4,APPROVED,,,,,,,https://receipts.brim.example/002538.pdf,,True
TXN-001250,****-****-****-4009,BEST BUY 112,41.63,57.41,USD,1.379,2026-01-07 07:31:00,5300,Wholesale Clubs,TXC-009,EMP009,Grace Lee,Operations,EMP008,3,APPROVED,,,,,,,https://receipts.brim.example/001250.pdf,,True
TXN-004240,****-****-****-4009,QUICK FUEL STOP,96.57,133.17,USD,1.379,2026-01-07 08:14:00,5541,Service Stations,TXC-009,EMP009,Grace Lee,Operations,EMP008,3,APPROVED,,,,,,,https://receipts.brim.example/004240.pdf,,True
TXN-000143,****-****-****-4004,HOME DEPOT 88,25.78,35.55,USD,1.379,2026-01-07 09:36:00,5300,Wholesale Clubs,TXC-004,EMP004,Alice Chen,Finance,EMP002,4,APPROVED,,,,,,,https://receipts.brim.example/000143.pdf,,True
TXN-001590,****-****-****-4009,FLYING J #771,115.3,159.0,USD,1.379,2026-01-07 10:10:00,5172,Petroleum & Petroleum Products,TXC-009,EMP009,Grace Lee,Operations,EMP008,3,APPROVED,,,,,,,https://receipts.brim.example/001590.pdf,TRIP-0107,True
TXN-002390,****-****-****-4005,PILOT TRAVEL 209,24.29,33.5,USD,1.379,2026-01-07 10:18:00,5541,Service Stations,TXC-005,EMP005,Dana Park,Finance,EMP002,3,APPROVED,,,,,,,https://receipts.brim.example/002390.pdf,,True
TXN-000892,****-****-****-4003,ROADSIDE GRILL CO,43.14,59.49,USD,1.379,2026-01-07 10:29:00,5814,Fast Food Restaurants,TXC-003,EMP003,Marcus Webb,Operations,EMP001,5,APPROVED,,,,,,,https://receipts.brim.example/000892.pdf,TRIP-0055,True
TXN-001589,****-****-****-4009,SHELL DT #4421,64.76,89.3,USD,1.379,2026-01-07 11:13:00,5172,Petroleum & Petroleum Products,TXC-009,EMP009,Grace Lee,Operations,EMP008,3,APPROVED,,,,,,,https://receipts.brim.example/001589.pdf,TRIP-0107,True
TXN-004122,****-****-****-4009,DAYS INN 209,152.43,210.2,USD,1.379,2026-01-07 13:08:00,7011,"Hotels, Motels & Resorts",TXC-009,EMP009,Grace Lee,Operations,EMP008,3,APPROVED,,,,,,,,TRIP-0277,True
TXN-002916,****-****-****-4009,HOME DEPOT 88,310.5,428.18,USD,1.379,2026-01-07 13:22:00,5045,Computers & Peripherals,TXC-009,EMP009,Grace Lee,Operations,EMP008,3,APPROVED,,,,,,,https://receipts.brim.example/002916.pdf,,True
TXN-000891,****-****-****-4003,SUPER 8 MOTEL,67.01,92.41,USD,1.379,2026-01-07 13:59:00,7011,"Hotels, Motels & Resorts",TXC-003,EMP003,Marcus Webb,Operations,EMP001,5,APPROVED,,,,,,,https://receipts.brim.example/000891.pdf,TRIP-0055,True
TXN-000090,****-****-****-4005,ALPHA CONSULTING GROUP,1530.5,2110.56,USD,1.379,2026-01-07 15:00:00,4814,Telecom Services,TXC-005,EMP005,Dana Park,Finance,EMP002,3,APPROVED,,,,,,,https://receipts.brim.example/000090.pdf,,True
TXN-002899,****-****-****-4006,AWS MEMB,54.15,74.67,USD,1.379,2026-01-07 15:01:00,5734,Computer Software Stores,TXC-006,EMP006,Bob Kumar,Finance,EMP004,2,APPROVED,,,,,,,https://receipts.brim.example/002899.pdf,,True
TXN-002808,****-****-****-4004,PILOT TRAVEL 209,35.8,49.37,USD,1.379,2026-01-07 15:08:00,5172,Petroleum & Petroleum Products,TXC-004,EMP004,Alice Chen,Finance,EMP002,4,APPROVED,,,,,,,https://receipts.brim.example/002808.pdf,,True
TXN-003477,****-****-****-4007,MCDONALDS DT QPS,9.88,13.62,USD,1.379,2026-01-07 15:16:00,5812,Eating Places & Restaurants,TXC-007,EMP007,Carol White,Finance,EMP004,2,APPROVED,,,,,,,https://receipts.brim.example/003477.pdf,TRIP-0230,True
TXN-001461,****-****-****-4004,ULTRAMAR 55,32.35,44.61,USD,1.379,2026-01-07 15:29:00,5541,Service Stations,TXC-004,EMP004,Alice Chen,Finance,EMP002,4,APPROVED,,,,,,,https://receipts.brim.example/001461.pdf,,True
TXN-004123,****-****-****-4009,ROADSIDE GRILL CO,46.57,64.22,USD,1.379,2026-01-07 16:09:00,5812,Eating Places & Restaurants,TXC-009,EMP009,Grace Lee,Operations,EMP008,3,APPROVED,,,,,,,https://receipts.brim.example/004123.pdf,TRIP-0277,True
TXN-001792,****-****-****-4008,GRAND & TOY 5,120.15,165.69,USD,1.379,2026-01-07 16:46:00,5943,Stationery & Writing Supplies,TXC-008,EMP008,Eric Tran,Operations,EMP003,4,APPROVED,,,,,,,https://receipts.brim.example/001792.pdf,,True
TXN-002763,****-****-****-4007,SUBWAY 40021,24.18,33.34,USD,1.379,2026-01-07 17:54:00,5812,Eating Places & Restaurants,TXC-007,EMP007,Carol White,Finance,EMP004,2,APPROVED,,,,,,,https://receipts.brim.example/002763.pdf,,True
TXN-003717,****-****-****-4009,A&W STORE 551,10.61,14.63,USD,1.379,2026-01-07 17:56:00,5812,Eating Places & Restaurants,TXC-009,EMP009,Grace Lee,Operations,EMP008,3,APPROVED,,,,,,,https://receipts.brim.example/003717.pdf,,True
TXN-000490,****-****-****-4008,PILOT TRAVEL 209,72.51,99.99,USD,1.379,2026-01-07 19:11:00,5172,Petroleum & Petroleum Products,TXC-008,EMP008,Eric Tran,Operations,EMP003,4,APPROVED,,,,,,,https://receipts.brim.example/000490.pdf,,True
TXN-002152,****-****-****-4008,SUPER 8 MOTEL,207.71,286.43,USD,1.379,2026-01-07 20:25:00,7011,"Hotels, Motels & Resorts",TXC-008,EMP008,Eric Tran,Operations,EMP003,4,PENDING,,,,,,,https://receipts.brim.example/002152.pdf,,False
TXN-003342,****-****-****-4006,ROGERS WIRELESS,126.85,174.93,USD,1.379,2026-01-07 21:42:00,4814,Telecom Services,TXC-006,EMP006,Bob Kumar,Finance,EMP004,2,APPROVED,,,,,,,https://receipts.brim.example/003342.pdf,,True
TXN-004107,****-****-****-4003,ROADSIDE GRILL CO,26.22,36.16,USD,1.379,2026-01-07 21:53:00,5814,Fast Food Restaurants,TXC-003,EMP003,Marcus Webb,Operations,EMP001,5,APPROVED,,,,,,,https://receipts.brim.example/004107.pdf,,True
TXN-001509,****-****-****-4005,PILOT TRAVEL 209,39.03,53.82,USD,1.379,2026-01-08 07:36:00,5541,Service Stations,TXC-005,EMP005,Dana Park,Finance,EMP002,3,APPROVED,,,,,,,https://receipts.brim.example/001509.pdf,,True
TXN-002815,****-****-****-4008,PETRO-CANADA 8821,77.48,106.84,USD,1.379,2026-01-08 07:36:00,5172,Petroleum & Petroleum Products,TXC-008,EMP008,Eric Tran,Operations,EMP003,4,APPROVED,,,,,,,https://receipts.brim.example/002815.pdf,,True
TXN-001385,****-****-****-4003,TIM HORTONS #882,20.76,28.63,USD,1.379,2026-01-08 08:41:00,5814,Fast Food Restaurants,TXC-003,EMP003,Marcus Webb,Operations,EMP001,5,APPROVED,,,,,,,https://receipts.brim.example/001385.pdf,,True
TXN-000784,****-****-****-4007,SHELL DT #4421,38.83,53.55,USD,1.379,2026-01-08 09:17:00,5541,Service Stations,TXC-007,EMP007,Carol White,Finance,EMP004,2,APPROVED,,,,,,,https://receipts.brim.example/000784.pdf,,True
TXN-001588,****-****-****-4009,SUPER 8 MOTEL,146.48,202.0,USD,1.379,2026-01-08 09:28:00,7011,"Hotels, Motels & Resorts",TXC-009,EMP009,Grace Lee,Operations,EMP008,3,APPROVED,,,,,,,https://receipts.brim.example/001588.pdf,TRIP-0107,True
TXN-004280,****-****-****-4008,SUPER 8 MOTEL,251.54,346.87,USD,1.379,2026-01-08 09:47:00,7011,"Hotels, Motels & Resorts",TXC-008,EMP008,Eric Tran,Operations,EMP003,4,APPROVED,,,,,,,https://receipts.brim.example/004280.pdf,TRIP-0290,True
TXN-001575,****-****-****-4008,PETRO-CANADA 8821,53.97,74.42,USD,1.379,2026-01-08 10:55:00,5172,Petroleum & Petroleum Products,TXC-008,EMP008,Eric Tran,Operations,EMP003,4,APPROVED,,,,,,,,,True
TXN-004281,****-****-****-4008,ESSO RETAIL 113,64.42,88.84,USD,1.379,2026-01-08 10:56:00,5541,Service Stations,TXC-008,EMP008,Eric Tran,Operations,EMP003,4,APPROVED,,,,,,,https://receipts.brim.example/004281.pdf,TRIP-0290,True
TXN-000580,****-****-****-4008,BEST WESTERN 71,115.31,159.01,USD,1.379,2026-01-08 11:05:00,7011,"Hotels, Motels & Resorts",TXC-008,EMP008,Eric Tran,Operations,EMP003,4,APPROVED,,,,,,,https://receipts.brim.example/000580.pdf,TRIP-0035,True
TXN-000839,****-****-****-4002,QUICK FUEL STOP,90.37,124.62,USD,1.379,2026-01-08 11:35:00,5541,Service Stations,TXC-002,EMP002,Priya Nair,Finance,EMP001,5,APPROVED,,,,,,,,,True
TXN-000046,****-****-****-4006,MCDONALDS DT QPS,145.6,200.78,USD,1.379,2026-01-08 12:00:00,5812,Eating Places & Restaurants,TXC-006,EMP006,Bob Kumar,Finance,EMP004,2,APPROVED,,,,,,,https://receipts.brim.example/000046.pdf,,True
TXN-001497,****-****-****-4009,ULTRAMAR 55,101.05,139.35,USD,1.379,2026-01-08 12:17:00,5541,Service Stations,TXC-009,EMP009,Grace Lee,Operations,EMP008,3,APPROVED,,,,,,,https://receipts.brim.example/001497.pdf,,True
TXN-004081,****-****-****-4009,PILOT TRAVEL 209,65.86,90.82,USD,1.379,2026-01-08 12:48:00,5541,Service Stations,TXC-009,EMP009,Grace Lee,Operations,EMP008,3,APPROVED,,,,,,,https://receipts.brim.example/004081.pdf,,True
TXN-001219,****-****-****-4007,COMFORT INN 442,205.34,283.16,USD,1.379,2026-01-08 13:25:00,7011,"Hotels, Motels & Resorts",TXC-007,EMP007,Carol White,Finance,EMP004,2,PENDING,,,,,,,https://receipts.brim.example/001219.pdf,TRIP-0083,False
TXN-000919,****-****-****-4009,IMPARK LOT 88,27.8,38.34,USD,1.379,2026-01-08 14:37:00,7523,Parking Lots & Garages,TXC-009,EMP009,Grace Lee,Operations,EMP008,3,APPROVED,,,,,,,https://receipts.brim.example/000919.pdf,,True
TXN-003519,****-****-****-4002,MCDONALDS DT QPS,31.18,43.0,USD,1.379,2026-01-08 18:55:00,5812,Eating Places & Restaurants,TXC-002,EMP002,Priya Nair,Finance,EMP001,5,APPROVED,,,,,,,https://receipts.brim.example/003519.pdf,TRIP-0233,True
TXN-003979,****-****-****-4003,BOSTON PIZZA 12,38.72,53.39,USD,1.379,2026-01-08 19:22:00,5814,Fast Food Restaurants,TXC-003,EMP003,Marcus Webb,Operations,EMP001,5,APPROVED,,,,,,,https://receipts.brim.example/003979.pdf,,True
TXN-001741,****-****-****-4007,PILOT TRAVEL 209,101.08,139.39,USD,1.379,2026-01-08 19:54:00,5172,Petroleum & Petroleum Products,TXC-007,EMP007,Carol White,Finance,EMP004,2,APPROVED,,,,,,,https://receipts.brim.example/001741.pdf,,True
TXN-002495,****-****-****-4002,ROADSIDE GRILL CO,40.45,55.78,USD,1.379,2026-01-09 07:34:00,5814,Fast Food Restaurants,TXC-002,EMP002,Priya Nair,Finance,EMP001,5,APPROVED,,,,,,,https://receipts.brim.example/002495.pdf,,True
TXN-001598,****-****-****-4007,MCDONALDS DT QPS,5.11,7.05,USD,1.379,2026-01-09 08:36:00,5814,Fast Food Restaurants,TXC-007,EMP007,Carol White,Finance,EMP004,2,APPROVED,,,,,,,https://receipts.brim.example/001598.pdf,,True
TXN-000894,****-****-****-4003,MCDONALDS DT QPS,33.99,46.87,USD,1.379,2026-01-09 09:18:00,5812,Eating Places & Restaurants,TXC-003,EMP003,Marcus Webb,Operations,EMP001,5,APPROVED,,,,,,,https://receipts.brim.example/000894.pdf,TRIP-0055,True
TXN-002153,****-****-****-4007,BOSTON PIZZA 12,7.95,10.96,USD,1.379,2026-01-09 09:31:00,5814,Fast Food Restaurants,TXC-007,EMP007,Carol White,Finance,EMP004,2,APPROVED,,,,,,,https://receipts.brim.example/002153.pdf,,True
TXN-000893,****-****-****-4003,PETRO-CANADA 8821,158.3,218.3,USD,1.379,2026-01-09 10:26:00,5541,Service Stations,TXC-003,EMP003,Marcus Webb,Operations,EMP001,5,APPROVED,,,,,,,https://receipts.brim.example/000893.pdf,TRIP-0055,True
TXN-001620,****-****-****-4004,A&W STORE 551,27.27,37.61,USD,1.379,2026-01-09 11:34:00,5814,Fast Food Restaurants,TXC-004,EMP004,Alice Chen,Finance,EMP002,4,APPROVED,,,,,,,https://receipts.brim.example/001620.pdf,,True
TXN-003049,****-****-****-4008,SUBWAY 40021,22.43,30.93,USD,1.379,2026-01-09 11:39:00,5814,Fast Food Restaurants,TXC-008,EMP008,Eric Tran,Operations,EMP003,4,APPROVED,,,,,,,https://receipts.brim.example/003049.pdf,,True
TXN-001220,****-****-****-4007,SHELL DT #4421,71.54,98.65,USD,1.379,2026-01-09 12:21:00,5541,Service Stations,TXC-007,EMP007,Carol White,Finance,EMP004,2,APPROVED,,,,,,,https://receipts.brim.example/001220.pdf,TRIP-0083,True
TXN-001953,****-****-****-4006,ULTRAMAR 55,49.6,68.4,USD,1.379,2026-01-09 12:42:00,5172,Petroleum & Petroleum Products,TXC-006,EMP006,Bob Kumar,Finance,EMP004,2,APPROVED,,,,,,,https://receipts.brim.example/001953.pdf,,True
TXN-001826,****-****-****-4003,WENDYS 7781,36.82,50.77,USD,1.379,2026-01-09 12:57:00,5814,Fast Food Restaurants,TXC-003,EMP003,Marcus Webb,Operations,EMP001,5,APPROVED,,,,,,,https://receipts.brim.example/001826.pdf,,True
TXN-001686,****-****-****-4008,ESSO RETAIL 113,44.21,60.97,USD,1.379,2026-01-09 13:09:00,5172,Petroleum & Petroleum Products,TXC-008,EMP008,Eric Tran,Operations,EMP003,4,APPROVED,,,,,,,https://receipts.brim.example/001686.pdf,,True
TXN-002929,****-****-****-4009,AMAZON MKTPLACE,52.04,71.76,USD,1.379,2026-01-09 14:01:00,5111,Stationery & Office Supplies,TXC-009,EMP009,Grace Lee,Operations,EMP008,3,APPROVED,,,,,,,https://receipts.brim.example/002929.pdf,,True
TXN-000241,****-****-****-4009,BOSTON PIZZA 12,23.99,33.08,USD,1.379,2026-01-09 15:47:00,5812,Eating Places & Restaurants,TXC-009,EMP009,Grace Lee,Operations,EMP008,3,APPROVED,,,,,,,https://receipts.brim.example/000241.pdf,,True
TXN-000932,****-****-****-4001,SHELL DT #4421,33.93,46.79,USD,1.379,2026-01-09 16:59:00,5172,Petroleum & Petroleum Products,TXC-001,EMP001,Olivia Reyes,Executive,,6,APPROVED,,,,,,,https://receipts.brim.example/000932.pdf,,True
TXN-004276,****-****-****-4008,ESSO RETAIL 113,32.72,45.12,USD,1.379,2026-01-09 17:19:00,5172,Petroleum & Petroleum Products,TXC-008,EMP008,Eric Tran,Operations,EMP003,4,APPROVED,,,,,,,https://receipts.brim.example/004276.pdf,,True
TXN-003218,****-****-****-4009,COSTCO WHSE 44,127.27,175.51,USD,1.379,2026-01-09 17:42:00,5300,Wholesale Clubs,TXC-009,EMP009,Grace Lee,Operations,EMP008,3,APPROVED,,,,,,,https://receipts.brim.example/003218.pdf,,True
TXN-003900,****-****-****-4009,COMFORT INN 442,200.38,276.32,USD,1.379,2026-01-09 17:58:00,7011,"Hotels, Motels & Resorts",TXC-009,EMP009,Grace Lee,Operations,EMP008,3,APPROVED,,,,,,,https://receipts.brim.example/003900.pdf,TRIP-0263,True
TXN-003517,****-****-****-4002,BEST WESTERN 71,268.36,370.07,USD,1.379,2026-01-09 20:24:00,7011,"Hotels, Motels & Resorts",TXC-002,EMP002,Priya Nair,Finance,EMP001,5,PENDING,,,,,,,https://receipts.brim.example/003517.pdf,TRIP-0233,False
TXN-004282,****-****-****-4008,SUBWAY 40021,14.94,20.6,USD,1.379,2026-01-10 06:25:00,5814,Fast Food Restaurants,TXC-008,EMP008,Eric Tran,Operations,EMP003,4,APPROVED,,,,,,,https://receipts.brim.example/004282.pdf,TRIP-0290,True
TXN-004300,****-****-****-4004,ESSO RETAIL 113,46.32,63.88,USD,1.379,2026-01-10 07:03:00,5172,Petroleum & Petroleum Products,TXC-004,EMP004,Alice Chen,Finance,EMP002,4,APPROVED,,,,,,,https://receipts.brim.example/004300.pdf,,True
TXN-002527,****-****-****-4008,COSTCO WHSE 44,107.64,148.44,USD,1.379,2026-01-10 08:32:00,5045,Computers & Peripherals,TXC-008,EMP008,Eric Tran,Operations,EMP003,4,APPROVED,,,,,,,,,True
TXN-002975,****-****-****-4008,QUICK FUEL STOP,207.45,286.07,USD,1.379,2026-01-10 09:15:00,5541,Service Stations,TXC-008,EMP008,Eric Tran,Operations,EMP003,4,APPROVED,,,,,,,https://receipts.brim.example/002975.pdf,,True
TXN-004018,****-****-****-4003,PETRO-CANADA 8821,139.08,191.79,USD,1.379,2026-01-10 09:59:00,5172,Petroleum & Petroleum Products,TXC-003,EMP003,Marcus Webb,Operations,EMP001,5,APPROVED,,,,,,,https://receipts.brim.example/004018.pdf,,True
TXN-001124,****-****-****-4003,COSTCO WHSE 44,168.42,232.25,USD,1.379,2026-01-10 10:00:00,5300,Wholesale Clubs,TXC-003,EMP003,Marcus Webb,Operations,EMP001,5,PENDING,,,,,,,https://receipts.brim.example/001124.pdf,,False
TXN-000187,****-****-****-4009,IMPARK LOT 88,20.74,28.6,USD,1.379,2026-01-10 10:14:00,4131,Bus Lines / Tolls,TXC-009,EMP009,Grace Lee,Operations,EMP008,3,APPROVED,,,,,,,https://receipts.brim.example/000187.pdf,,True
TXN-001591,****-****-****-4009,ULTRAMAR 55,43.72,60.29,USD,1.379,2026-01-10 10:27:00,5541,Service Stations,TXC-009,EMP009,Grace Lee,Operations,EMP008,3,APPROVED,,,,,,,https://receipts.brim.example/001591.pdf,TRIP-0107,True
TXN-002788,****-****-****-4003,ULTRAMAR 55,62.54,86.24,USD,1.379,2026-01-10 13:36:00,5172,Petroleum & Petroleum Products,TXC-003,EMP003,Marcus Webb,Operations,EMP001,5,APPROVED,,,,,,,https://receipts.brim.example/002788.pdf,,True
TXN-000605,****-****-****-4009,ROGERS WIRELESS,173.8,239.67,USD,1.379,2026-01-10 14:20:00,4814,Telecom Services,TXC-009,EMP009,Grace Lee,Operations,EMP008,3,APPROVED,,,,,,,https://receipts.brim.example/000605.pdf,,True
TXN-000582,****-****-****-4008,TIM HORTONS #882,19.3,26.61,USD,1.379,2026-01-10 14:28:00,5812,Eating Places & Restaurants,TXC-008,EMP008,Eric Tran,Operations,EMP003,4,APPROVED,,,,,,,https://receipts.brim.example/000582.pdf,TRIP-0035,True
TXN-003902,****-****-****-4009,TIM HORTONS #882,48.78,67.27,USD,1.379,2026-01-10 14:37:00,5812,Eating Places & Restaurants,TXC-009,EMP009,Grace Lee,Operations,EMP008,3,APPROVED,,,,,,,https://receipts.brim.example/003902.pdf,TRIP-0263,True
TXN-003637,****-****-****-4001,ULTRAMAR 55,138.64,191.18,USD,1.379,2026-01-10 14:38:00,5541,Service Stations,TXC-001,EMP001,Olivia Reyes,Executive,,6,APPROVED,,,,,,,https://receipts.brim.example/003637.pdf,,True
TXN-000890,****-****-****-4008,A&W STORE 551,15.48,21.35,USD,1.379,2026-01-10 14:51:00,5814,Fast Food Restaurants,TXC-008,EMP008,Eric Tran,Operations,EMP003,4,APPROVED,,,,,,,https://receipts.brim.example/000890.pdf,,True
TXN-003901,****-****-****-4009,FLYING J #771,49.65,68.47,USD,1.379,2026-01-10 15:08:00,5541,Service Stations,TXC-009,EMP009,Grace Lee,Operations,EMP008,3,APPROVED,,,,,,,https://receipts.brim.example/003901.pdf,TRIP-0263,True
TXN-002735,****-****-****-4007,MCDONALDS DT QPS,44.22,60.98,USD,1.379,2026-01-10 15:49:00,5814,Fast Food Restaurants,TXC-007,EMP007,Carol White,Finance,EMP004,2,APPROVED,,,,,,,https://receipts.brim.example/002735.pdf,,True
TXN-000262,****-****-****-4003,ROGERS WIRELESS,152.78,210.68,USD,1.379,2026-01-10 16:24:00,4814,Telecom Services,TXC-003,EMP003,Marcus Webb,Operations,EMP001,5,PENDING,,,,,,,https://receipts.brim.example/000262.pdf,,False
TXN-002021,****-****-****-4003,SUPER 8 MOTEL,168.78,232.75,USD,1.379,2026-01-10 17:32:00,7011,"Hotels, Motels & Resorts",TXC-003,EMP003,Marcus Webb,Operations,EMP001,5,APPROVED,,,,,,,https://receipts.brim.example/002021.pdf,TRIP-0138,True
TXN-001320,****-****-****-4004,TIM HORTONS #882,33.34,45.98,USD,1.379,2026-01-10 19:44:00,5812,Eating Places & Restaurants,TXC-004,EMP004,Alice Chen,Finance,EMP002,4,APPROVED,,,,,,,https://receipts.brim.example/001320.pdf,,True
TXN-002898,****-****-****-4008,COSTCO WHSE 44,191.41,263.95,USD,1.379,2026-01-10 20:15:00,5300,Wholesale Clubs,TXC-008,EMP008,Eric Tran,Operations,EMP003,4,APPROVED,,,,,,,https://receipts.brim.example/002898.pdf,,True
TXN-003776,****-****-****-4003,PILOT TRAVEL 209,38.35,52.88,USD,1.379,2026-01-10 20:39:00,5541,Service Stations,TXC-003,EMP003,Marcus Webb,Operations,EMP001,5,APPROVED,,,,,,,https://receipts.brim.example/003776.pdf,,True
TXN-000941,****-****-****-4008,BOSTON PIZZA 12,61.04,84.17,USD,1.379,2026-01-10 20:42:00,5814,Fast Food Restaurants,TXC-008,EMP008,Eric Tran,Operations,EMP003,4,APPROVED,,,,,,,,TRIP-0058,True
TXN-003461,****-****-****-4008,PETRO-CANADA 8821,65.55,90.39,USD,1.379,2026-01-10 20:42:00,5541,Service Stations,TXC-008,EMP008,Eric Tran,Operations,EMP003,4,APPROVED,,,,,,,https://receipts.brim.example/003461.pdf,,True
TXN-001441,****-****-****-4003,COSTCO WHSE 44,79.38,109.47,USD,1.379,2026-01-10 21:39:00,5300,Wholesale Clubs,TXC-003,EMP003,Marcus Webb,Operations,EMP001,5,APPROVED,,,,,,,https://receipts.brim.example/001441.pdf,,True
TXN-000575,****-****-****-4007,HOME DEPOT 88,170.68,235.37,USD,1.379,2026-01-10 21:58:00,5045,Computers & Peripherals,TXC-007,EMP007,Carol White,Finance,EMP004,2,APPROVED,,,,,,,https://receipts.brim.example/000575.pdf,,True
TXN-003518,****-****-****-4002,QUICK FUEL STOP,74.34,102.51,USD,1.379,2026-01-10 23:46:00,5541,Service Stations,TXC-002,EMP002,Priya Nair,Finance,EMP001,5,APPROVED,,,,,,,https://receipts.brim.example/003518.pdf,TRIP-0233,True
TXN-003489,****-****-****-4007,WENDYS 7781,8.72,12.02,USD,1.379,2026-01-11 07:45:00,5812,Eating Places & Restaurants,TXC-007,EMP007,Carol White,Finance,EMP004,2,APPROVED,,,,,,,https://receipts.brim.example/003489.pdf,,True
TXN-002525,****-****-****-4006,FLYING J #771,26.82,36.98,USD,1.379,2026-01-11 09:37:00,5172,Petroleum & Petroleum Products,TXC-006,EMP006,Bob Kumar,Finance,EMP004,2,APPROVED,,,,,,,https://receipts.brim.example/002525.pdf,,True
TXN-000655,****-****-****-4004,A&W STORE 551,35.8,49.37,USD,1.379,2026-01-11 10:26:00,5814,Fast Food Restaurants,TXC-004,EMP004,Alice Chen,Finance,EMP002,4,APPROVED,,,,,,,https://receipts.brim.example/000655.pdf,,True
TXN-001122,****-****-****-4008,SHELL DT #4421,33.59,46.32,USD,1.379,2026-01-11 10:38:00,5172,Petroleum & Petroleum Products,TXC-008,EMP008,Eric Tran,Operations,EMP003,4,APPROVED,,,,,,,https://receipts.brim.example/001122.pdf,,True
TXN-002221,****-****-****-4007,ESSO RETAIL 113,55.33,76.3,USD,1.379,2026-01-11 10:39:00,5172,Petroleum & Petroleum Products,TXC-007,EMP007,Carol White,Finance,EMP004,2,APPROVED,,,,,,,https://receipts.brim.example/002221.pdf,,True
TXN-001540,****-****-****-4008,PILOT TRAVEL 209,44.74,61.7,USD,1.379,2026-01-11 11:52:00,5541,Service Stations,TXC-008,EMP008,Eric Tran,Operations,EMP003,4,APPROVED,,,,,,,https://receipts.brim.example/001540.pdf,,True
TXN-004255,****-****-****-4009,ROGERS WIRELESS,112.81,155.56,USD,1.379,2026-01-11 12:35:00,5734,Computer Software Stores,TXC-009,EMP009,Grace Lee,Operations,EMP008,3,APPROVED,,,,,,,,,True
TXN-000192,****-****-****-4008,WENDYS 7781,16.16,22.28,USD,1.379,2026-01-11 13:20:00,5812,Eating Places & Restaurants,TXC-008,EMP008,Eric Tran,Operations,EMP003,4,APPROVED,,,,,,,https://receipts.brim.example/000192.pdf,,True
TXN-004299,****-****-****-4003,FLYING J #771,39.95,55.09,USD,1.379,2026-01-11 15:30:00,5541,Service Stations,TXC-003,EMP003,Marcus Webb,Operations,EMP001,5,APPROVED,,,,,,,https://receipts.brim.example/004299.pdf,,True
TXN-002651,****-****-****-4009,FLYING J #771,132.99,183.39,USD,1.379,2026-01-11 15:41:00,5172,Petroleum & Petroleum Products,TXC-009,EMP009,Grace Lee,Operations,EMP008,3,APPROVED,,,,,,,,TRIP-0174,True
TXN-002022,****-****-****-4003,QUICK FUEL STOP,26.13,36.03,USD,1.379,2026-01-11 15:47:00,5541,Service Stations,TXC-003,EMP003,Marcus Webb,Operations,EMP001,5,APPROVED,,,,,,,https://receipts.brim.example/002022.pdf,TRIP-0138,True
TXN-002174,****-****-****-4009,ROADSIDE GRILL CO,56.25,77.57,USD,1.379,2026-01-11 15:57:00,5814,Fast Food Restaurants,TXC-009,EMP009,Grace Lee,Operations,EMP008,3,APPROVED,,,,,,,https://receipts.brim.example/002174.pdf,,True
TXN-004182,****-****-****-4008,MCDONALDS DT QPS,29.76,41.04,USD,1.379,2026-01-11 16:02:00,5814,Fast Food Restaurants,TXC-008,EMP008,Eric Tran,Operations,EMP003,4,APPROVED,,,,,,,https://receipts.brim.example/004182.pdf,,True
TXN-002451,****-****-****-4002,COSTCO WHSE 44,255.41,352.21,USD,1.379,2026-01-11 17:15:00,5300,Wholesale Clubs,TXC-002,EMP002,Priya Nair,Finance,EMP001,5,PENDING,,,,,,,https://receipts.brim.example/002451.pdf,,False
TXN-002650,****-****-****-4009,COMFORT INN 442,99.2,136.8,USD,1.379,2026-01-11 17:40:00,7011,"Hotels, Motels & Resorts",TXC-009,EMP009,Grace Lee,Operations,EMP008,3,APPROVED,,,,,,,https://receipts.brim.example/002650.pdf,TRIP-0174,True
TXN-000351,****-****-****-4007,ROADSIDE GRILL CO,21.29,29.36,USD,1.379,2026-01-11 18:13:00,5814,Fast Food Restaurants,TXC-007,EMP007,Carol White,Finance,EMP004,2,APPROVED,,,,,,,https://receipts.brim.example/000351.pdf,,True
TXN-003995,****-****-****-4003,BOSTON PIZZA 12,14.33,19.76,USD,1.379,2026-01-11 18:36:00,5814,Fast Food Restaurants,TXC-003,EMP003,Marcus Webb,Operations,EMP001,5,APPROVED,,,,,,,https://receipts.brim.example/003995.pdf,,True
TXN-000940,****-****-****-4008,BEST WESTERN 71,136.02,187.57,USD,1.379,2026-01-11 20:29:00,7011,"Hotels, Motels & Resorts",TXC-008,EMP008,Eric Tran,Operations,EMP003,4,APPROVED,,,,,,,https://receipts.brim.example/000940.pdf,TRIP-0058,True
TXN-002981,****-****-****-4009,QUICK FUEL STOP,71.92,99.18,USD,1.379,2026-01-12 07:23:00,5541,Service Stations,TXC-009,EMP009,Grace Lee,Operations,EMP008,3,APPROVED,,,,,,,https://receipts.brim.example/002981.pdf,,True
TXN-000978,****-****-****-4004,ESSO RETAIL 113,39.52,54.5,USD,1.379,2026-01-12 07:38:00,5541,Service Stations,TXC-004,EMP004,Alice Chen,Finance,EMP002,4,APPROVED,,,,,,,https://receipts.brim.example/000978.pdf,,True
TXN-003719,****-****-****-4008,MCDONALDS DT QPS,22.35,30.82,USD,1.379,2026-01-12 08:34:00,5814,Fast Food Restaurants,TXC-008,EMP008,Eric Tran,Operations,EMP003,4,APPROVED,,,,,,,https://receipts.brim.example/003719.pdf,,True
TXN-002848,****-****-****-4008,TIM HORTONS #882,23.55,32.48,USD,1.379,2026-01-12 08:49:00,5814,Fast Food Restaurants,TXC-008,EMP008,Eric Tran,Operations,EMP003,4,APPROVED,,,,,,,https://receipts.brim.example/002848.pdf,,True
TXN-001488,****-****-****-4007,A&W STORE 551,26.31,36.28,USD,1.379,2026-01-12 10:25:00,5814,Fast Food Restaurants,TXC-007,EMP007,Carol White,Finance,EMP004,2,APPROVED,,,,,,,https://receipts.brim.example/001488.pdf,,True
TXN-003131,****-****-****-4008,GREEN P PARKING,23.27,32.09,USD,1.379,2026-01-12 11:14:00,7523,Parking Lots & Garages,TXC-008,EMP008,Eric Tran,Operations,EMP003,4,APPROVED,,,,,,,https://receipts.brim.example/003131.pdf,,True
TXN-000695,****-****-****-4003,GRAND & TOY 5,73.77,101.73,USD,1.379,2026-01-12 11:30:00,5111,Stationery & Office Supplies,TXC-003,EMP003,Marcus Webb,Operations,EMP001,5,PENDING,,,,,,,https://receipts.brim.example/000695.pdf,,False
TXN-001009,****-****-****-4009,BEST WESTERN 71,224.42,309.48,USD,1.379,2026-01-12 12:51:00,7011,"Hotels, Motels & Resorts",TXC-009,EMP009,Grace Lee,Operations,EMP008,3,APPROVED,,,,,,,https://receipts.brim.example/001009.pdf,,True
TXN-002571,****-****-****-4009,BOSTON PIZZA 12,15.27,21.06,USD,1.379,2026-01-12 14:01:00,5812,Eating Places & Restaurants,TXC-009,EMP009,Grace Lee,Operations,EMP008,3,APPROVED,,,,,,,https://receipts.brim.example/002571.pdf,,True
TXN-001797,****-****-****-4002,ROADSIDE GRILL CO,10.99,15.16,USD,1.379,2026-01-12 14:32:00,5812,Eating Places & Restaurants,TXC-002,EMP002,Priya Nair,Finance,EMP001,5,APPROVED,,,,,,,https://receipts.brim.example/001797.pdf,,True
TXN-002652,****-****-****-4009,SUBWAY 40021,24.72,34.09,USD,1.379,2026-01-12 15:21:00,5814,Fast Food Restaurants,TXC-009,EMP009,Grace Lee,Operations,EMP008,3,APPROVED,,,,,,,https://receipts.brim.example/002652.pdf,TRIP-0174,True
TXN-000425,****-****-****-4005,FLYING J #771,102.93,141.94,USD,1.379,2026-01-12 16:17:00,5172,Petroleum & Petroleum Products,TXC-005,EMP005,Dana Park,Finance,EMP002,3,APPROVED,,,,,,,https://receipts.brim.example/000425.pdf,,True
TXN-004244,****-****-****-4009,STAPLES #112,26.04,35.91,USD,1.379,2026-01-12 16:19:00,5943,Stationery & Writing Supplies,TXC-009,EMP009,Grace Lee,Operations,EMP008,3,APPROVED,,,,,,,https://receipts.brim.example/004244.pdf,,True
TXN-004301,****-****-****-4008,MCDONALDS DT QPS,61.62,84.97,USD,1.379,2026-01-12 16:37:00,5814,Fast Food Restaurants,TXC-008,EMP008,Eric Tran,Operations,EMP003,4,APPROVED,,,,,,,,,True
TXN-002023,****-****-****-4003,WENDYS 7781,31.65,43.65,USD,1.379,2026-01-12 18:46:00,5812,Eating Places & Restaurants,TXC-003,EMP003,Marcus Webb,Operations,EMP001,5,APPROVED,,,,,,,https://receipts.brim.example/002023.pdf,TRIP-0138,True
TXN-002421,****-****-****-4008,CANADIAN TIRE 445,277.19,382.25,USD,1.379,2026-01-12 20:31:00,7538,Automotive Service Shops,TXC-008,EMP008,Eric Tran,Operations,EMP003,4,APPROVED,,,,,,,,,True
TXN-000047,****-****-****-4006,SHELL DT #4421,105.9,146.04,USD,1.379,2026-01-12 21:00:00,5814,Fast Food Restaurants,TXC-006,EMP006,Bob Kumar,Finance,EMP004,2,APPROVED,,,,,,,https://receipts.brim.example/000047.pdf,,True
TXN-003960,****-****-****-4008,ESSO RETAIL 113,114.61,158.05,USD,1.379,2026-01-12 21:37:00,5541,Service Stations,TXC-008,EMP008,Eric Tran,Operations,EMP003,4,APPROVED,,,,,,,https://receipts.brim.example/003960.pdf,,True
TXN-002331,****-****-****-4009,FLYING J #771,19.09,26.33,USD,1.379,2026-01-12 21:53:00,5172,Petroleum & Petroleum Products,TXC-009,EMP009,Grace Lee,Operations,EMP008,3,APPROVED,,,,,,,https://receipts.brim.example/002331.pdf,,True
TXN-000376,****-****-****-4008,MCDONALDS DT QPS,15.73,21.69,USD,1.379,2026-01-13 06:16:00,5814,Fast Food Restaurants,TXC-008,EMP008,Eric Tran,Operations,EMP003,4,APPROVED,,,,,,,https://receipts.brim.example/000376.pdf,TRIP-0024,True
TXN-004213,****-****-****-4003,IMPARK LOT 88,26.74,36.87,USD,1.379,2026-01-13 07:20:00,7523,Parking Lots & Garages,TXC-003,EMP003,Marcus Webb,Operations,EMP001,5,APPROVED,,,,,,,https://receipts.brim.example/004213.pdf,,True
TXN-000188,****-****-****-4008,COMFORT INN 442,353.15,486.99,USD,1.379,2026-01-13 07:40:00,7011,"Hotels, Motels & Resorts",TXC-008,EMP008,Eric Tran,Operations,EMP003,4,PENDING,,,,,,,https://receipts.brim.example/000188.pdf,,False
TXN-000402,****-****-****-4002,QUICK FUEL STOP,44.75,61.71,USD,1.379,2026-01-13 08:26:00,5172,Petroleum & Petroleum Products,TXC-002,EMP002,Priya Nair,Finance,EMP001,5,APPROVED,,,,,,,https://receipts.brim.example/000402.pdf,,True
TXN-000735,****-****-****-4005,COMFORT INN 442,99.28,136.91,USD,1.379,2026-01-13 08:32:00,7011,"Hotels, Motels & Resorts",TXC-005,EMP005,Dana Park,Finance,EMP002,3,APPROVED,,,,,,,https://receipts.brim.example/000735.pdf,TRIP-0039,True
TXN-001331,****-****-****-4002,ESSO RETAIL 113,55.46,76.48,USD,1.379,2026-01-13 08:42:00,5541,Service Stations,TXC-002,EMP002,Priya Nair,Finance,EMP001,5,APPROVED,,,,,,,https://receipts.brim.example/001331.pdf,,True
TXN-000738,****-****-****-4005,QUICK FUEL STOP,75.34,103.89,USD,1.379,2026-01-13 10:48:00,5541,Service Stations,TXC-005,EMP005,Dana Park,Finance,EMP002,3,APPROVED,,,,,,,https://receipts.brim.example/000738.pdf,TRIP-0039,True
TXN-000091,****-****-****-4005,ALPHA CONSULTING GROUP,1060.25,1462.08,USD,1.379,2026-01-13 11:00:00,4814,Telecom Services,TXC-005,EMP005,Dana Park,Finance,EMP002,3,APPROVED,,,,,,,https://receipts.brim.example/000091.pdf,,True
TXN-002847,****-****-****-4008,WENDYS 7781,25.87,35.67,USD,1.379,2026-01-13 12:06:00,5812,Eating Places & Restaurants,TXC-008,EMP008,Eric Tran,Operations,EMP003,4,APPROVED,,,,,,,https://receipts.brim.example/002847.pdf,,True
TXN-001789,****-****-****-4008,MICROSOFT 365,84.18,116.08,USD,1.379,2026-01-13 13:23:00,5734,Computer Software Stores,TXC-008,EMP008,Eric Tran,Operations,EMP003,4,PENDING,,,,,,,https://receipts.brim.example/001789.pdf,,False
TXN-003613,****-****-****-4002,KAL TIRE 9,137.4,189.47,USD,1.379,2026-01-13 14:58:00,7538,Automotive Service Shops,TXC-002,EMP002,Priya Nair,Finance,EMP001,5,APPROVED,,,,,,,https://receipts.brim.example/003613.pdf,,True
TXN-004267,****-****-****-4001,WENDYS 7781,12.75,17.58,USD,1.379,2026-01-13 17:04:00,5814,Fast Food Restaurants,TXC-001,EMP001,Olivia Reyes,Executive,,6,APPROVED,,,,,,,https://receipts.brim.example/004267.pdf,,True
TXN-003460,****-****-****-4003,PETRO-CANADA 8821,77.4,106.73,USD,1.379,2026-01-13 17:16:00,5172,Petroleum & Petroleum Products,TXC-003,EMP003,Marcus Webb,Operations,EMP001,5,APPROVED,,,,,,,https://receipts.brim.example/003460.pdf,,True
TXN-002433,****-****-****-4003,A&W STORE 551,9.7,13.38,USD,1.379,2026-01-13 17:50:00,5814,Fast Food Restaurants,TXC-003,EMP003,Marcus Webb,Operations,EMP001,5,APPROVED,,,,,,,https://receipts.brim.example/002433.pdf,,True
TXN-001976,****-****-****-4007,SHELL DT #4421,42.77,58.98,USD,1.379,2026-01-13 18:15:00,5172,Petroleum & Petroleum Products,TXC-007,EMP007,Carol White,Finance,EMP004,2,APPROVED,,,,,,,https://receipts.brim.example/001976.pdf,,True
TXN-001765,****-****-****-4008,SUPER 8 MOTEL,196.38,270.81,USD,1.379,2026-01-13 18:25:00,7011,"Hotels, Motels & Resorts",TXC-008,EMP008,Eric Tran,Operations,EMP003,4,APPROVED,,,,,,,https://receipts.brim.example/001765.pdf,TRIP-0118,True
TXN-002640,****-****-****-4002,TIM HORTONS #882,21.59,29.77,USD,1.379,2026-01-13 18:47:00,5814,Fast Food Restaurants,TXC-002,EMP002,Priya Nair,Finance,EMP001,5,APPROVED,,,,,,,https://receipts.brim.example/002640.pdf,,True
TXN-004192,****-****-****-4002,ULTRAMAR 55,81.18,111.95,USD,1.379,2026-01-13 19:11:00,5541,Service Stations,TXC-002,EMP002,Priya Nair,Finance,EMP001,5,APPROVED,,,,,,,https://receipts.brim.example/004192.pdf,,True
TXN-002041,****-****-****-4008,PILOT TRAVEL 209,77.83,107.33,USD,1.379,2026-01-13 20:34:00,5541,Service Stations,TXC-008,EMP008,Eric Tran,Operations,EMP003,4,PENDING,,,,,,,https://receipts.brim.example/002041.pdf,,False
TXN-001467,****-****-****-4009,TIM HORTONS #882,17.11,23.59,USD,1.379,2026-01-13 20:51:00,5812,Eating Places & Restaurants,TXC-009,EMP009,Grace Lee,Operations,EMP008,3,APPROVED,,,,,,,https://receipts.brim.example/001467.pdf,,True
TXN-001766,****-****-****-4008,FLYING J #771,41.93,57.82,USD,1.379,2026-01-13 22:26:00,5172,Petroleum & Petroleum Products,TXC-008,EMP008,Eric Tran,Operations,EMP003,4,APPROVED,,,,,,,https://receipts.brim.example/001766.pdf,TRIP-0118,True
TXN-000737,****-****-****-4005,ROADSIDE GRILL CO,29.7,40.96,USD,1.379,2026-01-14 03:33:00,5814,Fast Food Restaurants,TXC-005,EMP005,Dana Park,Finance,EMP002,3,APPROVED,,,,,,,https://receipts.brim.example/000737.pdf,TRIP-0039,True
TXN-004204,****-****-****-4004,COMFORT INN 442,94.32,130.07,USD,1.379,2026-01-14 08:56:00,7011,"Hotels, Motels & Resorts",TXC-004,EMP004,Alice Chen,Finance,EMP002,4,APPROVED,,,,,,,https://receipts.brim.example/004204.pdf,,True
TXN-000375,****-****-****-4008,HOLIDAY INN EXPRESS,145.03,200.0,USD,1.379,2026-01-14 09:48:00,7011,"Hotels, Motels & Resorts",TXC-008,EMP008,Eric Tran,Operations,EMP003,4,APPROVED,,,,,,,https://receipts.brim.example/000375.pdf,TRIP-0024,True
TXN-003752,****-****-****-4006,PILOT TRAVEL 209,81.22,112.0,USD,1.379,2026-01-14 10:15:00,5172,Petroleum & Petroleum Products,TXC-006,EMP006,Bob Kumar,Finance,EMP004,2,APPROVED,,,,,,,https://receipts.brim.example/003752.pdf,,True
TXN-002939,****-****-****-4008,SUBWAY 40021,34.72,47.88,USD,1.379,2026-01-14 11:05:00,5814,Fast Food Restaurants,TXC-008,EMP008,Eric Tran,Operations,EMP003,4,APPROVED,,,,,,,https://receipts.brim.example/002939.pdf,,True
TXN-000736,****-****-****-4005,QUICK FUEL STOP,19.66,27.11,USD,1.379,2026-01-14 11:26:00,5541,Service Stations,TXC-005,EMP005,Dana Park,Finance,EMP002,3,APPROVED,,,,,,,https://receipts.brim.example/000736.pdf,TRIP-0039,True
TXN-003371,****-****-****-4008,IMPARK LOT 88,23.22,32.02,USD,1.379,2026-01-14 12:20:00,7523,Parking Lots & Garages,TXC-008,EMP008,Eric Tran,Operations,EMP003,4,APPROVED,,,,,,,https://receipts.brim.example/003371.pdf,,True
TXN-001767,****-****-****-4008,QUICK FUEL STOP,71.84,99.07,USD,1.379,2026-01-14 14:06:00,5172,Petroleum & Petroleum Products,TXC-008,EMP008,Eric Tran,Operations,EMP003,4,APPROVED,,,,,,,https://receipts.brim.example/001767.pdf,TRIP-0118,True
TXN-002634,****-****-****-4001,ESSO RETAIL 113,43.17,59.53,USD,1.379,2026-01-14 14:25:00,5172,Petroleum & Petroleum Products,TXC-001,EMP001,Olivia Reyes,Executive,,6,APPROVED,,,,,,,https://receipts.brim.example/002634.pdf,,True
TXN-003269,****-****-****-4002,BEST BUY 112,89.24,123.06,USD,1.379,2026-01-14 15:47:00,5300,Wholesale Clubs,TXC-002,EMP002,Priya Nair,Finance,EMP001,5,APPROVED,,,,,,,https://receipts.brim.example/003269.pdf,,True
TXN-000567,****-****-****-4005,ESSO RETAIL 113,31.73,43.76,USD,1.379,2026-01-14 16:11:00,5541,Service Stations,TXC-005,EMP005,Dana Park,Finance,EMP002,3,APPROVED,,,,,,,https://receipts.brim.example/000567.pdf,,True
TXN-002943,****-****-****-4002,ESSO RETAIL 113,173.33,239.02,USD,1.379,2026-01-14 20:15:00,5541,Service Stations,TXC-002,EMP002,Priya Nair,Finance,EMP001,5,PENDING,,,,,,,https://receipts.brim.example/002943.pdf,,False
TXN-003391,****-****-****-4007,ULTRAMAR 55,62.24,85.83,USD,1.379,2026-01-14 21:33:00,5541,Service Stations,TXC-007,EMP007,Carol White,Finance,EMP004,2,APPROVED,,,,,,,https://receipts.brim.example/003391.pdf,,True
TXN-003413,****-****-****-4007,GREEN P PARKING,30.22,41.67,USD,1.379,2026-01-14 21:37:00,4131,Bus Lines / Tolls,TXC-007,EMP007,Carol White,Finance,EMP004,2,APPROVED,,,,,,,https://receipts.brim.example/003413.pdf,,True
TXN-000479,****-****-****-4007,ESSO RETAIL 113,30.31,41.8,USD,1.379,2026-01-15 07:18:00,5541,Service Stations,TXC-007,EMP007,Carol White,Finance,EMP004,2,APPROVED,,,,,,,https://receipts.brim.example/000479.pdf,,True
TXN-002059,****-****-****-4007,QUICK FUEL STOP,86.5,119.28,USD,1.379,2026-01-15 07:37:00,5172,Petroleum & Petroleum Products,TXC-007,EMP007,Carol White,Finance,EMP004,2,APPROVED,,,,,,,https://receipts.brim.example/002059.pdf,,True
TXN-001357,****-****-****-4004,SHELL DT #4421,79.86,110.13,USD,1.379,2026-01-15 08:02:00,5172,Petroleum & Petroleum Products,TXC-004,EMP004,Alice Chen,Finance,EMP002,4,APPROVED,,,,,,,https://receipts.brim.example/001357.pdf,TRIP-0092,True
TXN-000179,****-****-****-4009,SHELL DT #4421,88.49,122.03,USD,1.379,2026-01-15 09:38:00,5541,Service Stations,TXC-009,EMP009,Grace Lee,Operations,EMP008,3,APPROVED,,,,,,,https://receipts.brim.example/000179.pdf,,True
TXN-002273,****-****-****-4007,PETRO-CANADA 8821,67.1,92.53,USD,1.379,2026-01-15 09:53:00,5541,Service Stations,TXC-007,EMP007,Carol White,Finance,EMP004,2,APPROVED,,,,,,,https://receipts.brim.example/002273.pdf,,True
TXN-000377,****-****-****-4008,ROADSIDE GRILL CO,14.37,19.82,USD,1.379,2026-01-15 10:10:00,5812,Eating Places & Restaurants,TXC-008,EMP008,Eric Tran,Operations,EMP003,4,APPROVED,,,,,,,https://receipts.brim.example/000377.pdf,TRIP-0024,True
TXN-001232,****-****-****-4009,GOOGLE WORKSPACE,142.83,196.96,USD,1.379,2026-01-15 11:10:00,4814,Telecom Services,TXC-009,EMP009,Grace Lee,Operations,EMP008,3,APPROVED,,,,,,,https://receipts.brim.example/001232.pdf,,True
TXN-001963,****-****-****-4009,SUBWAY 40021,44.34,61.14,USD,1.379,2026-01-15 13:16:00,5814,Fast Food Restaurants,TXC-009,EMP009,Grace Lee,Operations,EMP008,3,APPROVED,,,,,,,https://receipts.brim.example/001963.pdf,,True
TXN-002821,****-****-****-4003,ROGERS WIRELESS,131.0,180.65,USD,1.379,2026-01-15 14:19:00,4814,Telecom Services,TXC-003,EMP003,Marcus Webb,Operations,EMP001,5,APPROVED,,,,,,,https://receipts.brim.example/002821.pdf,,True
TXN-004034,****-****-****-4004,ULTRAMAR 55,120.23,165.8,USD,1.379,2026-01-15 15:52:00,5172,Petroleum & Petroleum Products,TXC-004,EMP004,Alice Chen,Finance,EMP002,4,APPROVED,,,,,,,https://receipts.brim.example/004034.pdf,,True
TXN-001317,****-****-****-4002,PILOT TRAVEL 209,14.92,20.57,USD,1.379,2026-01-15 17:28:00,5541,Service Stations,TXC-002,EMP002,Priya Nair,Finance,EMP001,5,APPROVED,,,,,,,https://receipts.brim.example/001317.pdf,,True
TXN-001353,****-****-****-4005,PETRO-CANADA 8821,109.83,151.46,USD,1.379,2026-01-15 19:40:00,5541,Service Stations,TXC-005,EMP005,Dana Park,Finance,EMP002,3,APPROVED,,,,,,,https://receipts.brim.example/001353.pdf,,True
TXN-003693,****-****-****-4004,PETRO-CANADA 8821,68.79,94.86,USD,1.379,2026-01-15 20:11:00,5172,Petroleum & Petroleum Products,TXC-004,EMP004,Alice Chen,Finance,EMP002,4,APPROVED,,,,,,,,,True
TXN-001343,****-****-****-4008,QUICK FUEL STOP,36.04,49.7,USD,1.379,2026-01-15 21:43:00,5172,Petroleum & Petroleum Products,TXC-008,EMP008,Eric Tran,Operations,EMP003,4,APPROVED,,,,,,,https://receipts.brim.example/001343.pdf,,True
TXN-001356,****-****-****-4004,BEST WESTERN 71,56.47,77.87,USD,1.379,2026-01-16 09:12:00,7011,"Hotels, Motels & Resorts",TXC-004,EMP004,Alice Chen,Finance,EMP002,4,APPROVED,,,,,,,https://receipts.brim.example/001356.pdf,TRIP-0092,True
TXN-003977,****-****-****-4004,HOME DEPOT 88,258.64,356.66,USD,1.379,2026-01-16 09:19:00,5045,Computers & Peripherals,TXC-004,EMP004,Alice Chen,Finance,EMP002,4,APPROVED,,,,,,,https://receipts.brim.example/003977.pdf,,True
TXN-001336,****-****-****-4009,AMAZON MKTPLACE,38.08,52.51,USD,1.379,2026-01-16 09:31:00,5111,Stationery & Office Supplies,TXC-009,EMP009,Grace Lee,Operations,EMP008,3,APPROVED,,,,,,,https://receipts.brim.example/001336.pdf,,True
TXN-001276,****-****-****-4008,COMFORT INN 442,170.55,235.19,USD,1.379,2026-01-16 10:04:00,7011,"Hotels, Motels & Resorts",TXC-008,EMP008,Eric Tran,Operations,EMP003,4,APPROVED,,,,,,,https://receipts.brim.example/001276.pdf,,True
TXN-001834,****-****-****-4005,GOOGLE WORKSPACE,90.36,124.61,USD,1.379,2026-01-16 10:11:00,5734,Computer Software Stores,TXC-005,EMP005,Dana Park,Finance,EMP002,3,APPROVED,,,,,,,https://receipts.brim.example/001834.pdf,,True
TXN-003013,****-****-****-4003,STAPLES #112,158.85,219.05,USD,1.379,2026-01-16 10:42:00,5111,Stationery & Office Supplies,TXC-003,EMP003,Marcus Webb,Operations,EMP001,5,APPROVED,,,,,,,https://receipts.brim.example/003013.pdf,,True
TXN-003783,****-****-****-4004,FLYING J #771,48.16,66.41,USD,1.379,2026-01-16 11:45:00,5541,Service Stations,TXC-004,EMP004,Alice Chen,Finance,EMP002,4,APPROVED,,,,,,,https://receipts.brim.example/003783.pdf,,True
TXN-001695,****-****-****-4003,FLYING J #771,85.15,117.42,USD,1.379,2026-01-16 11:59:00,5172,Petroleum & Petroleum Products,TXC-003,EMP003,Marcus Webb,Operations,EMP001,5,APPROVED,,,,,,,https://receipts.brim.example/001695.pdf,,True
TXN-003964,****-****-****-4008,MCDONALDS DT QPS,30.97,42.71,USD,1.379,2026-01-16 12:01:00,5812,Eating Places & Restaurants,TXC-008,EMP008,Eric Tran,Operations,EMP003,4,APPROVED,,,,,,,https://receipts.brim.example/003964.pdf,,True
TXN-001585,****-****-****-4004,QUICK FUEL STOP,60.1,82.88,USD,1.379,2026-01-16 13:20:00,5541,Service Stations,TXC-004,EMP004,Alice Chen,Finance,EMP002,4,APPROVED,,,,,,,https://receipts.brim.example/001585.pdf,,True
TXN-002748,****-****-****-4002,MIDAS AUTO 21,57.3,79.02,USD,1.379,2026-01-16 13:20:00,7531,Auto Body Repair Shops,TXC-002,EMP002,Priya Nair,Finance,EMP001,5,APPROVED,,,,,,,https://receipts.brim.example/002748.pdf,,True
TXN-001955,****-****-****-4009,BEST BUY 112,324.99,448.16,USD,1.379,2026-01-16 15:05:00,5045,Computers & Peripherals,TXC-009,EMP009,Grace Lee,Operations,EMP008,3,APPROVED,,,,,,,https://receipts.brim.example/001955.pdf,,True
TXN-001253,****-****-****-4002,A&W STORE 551,52.42,72.29,USD,1.379,2026-01-16 15:57:00,5814,Fast Food Restaurants,TXC-002,EMP002,Priya Nair,Finance,EMP001,5,APPROVED,,,,,,,https://receipts.brim.example/001253.pdf,,True
TXN-001211,****-****-****-4008,A&W STORE 551,37.09,51.15,USD,1.379,2026-01-16 15:58:00,5814,Fast Food Restaurants,TXC-008,EMP008,Eric Tran,Operations,EMP003,4,APPROVED,,,,,,,https://receipts.brim.example/001211.pdf,,True
TXN-001609,****-****-****-4003,PILOT TRAVEL 209,42.92,59.19,USD,1.379,2026-01-16 16:19:00,5172,Petroleum & Petroleum Products,TXC-003,EMP003,Marcus Webb,Operations,EMP001,5,APPROVED,,,,,,,https://receipts.brim.example/001609.pdf,,True
TXN-002739,****-****-****-4008,HOME DEPOT 88,166.12,229.08,USD,1.379,2026-01-16 16:27:00,5300,Wholesale Clubs,TXC-008,EMP008,Eric Tran,Operations,EMP003,4,APPROVED,,,,,,,https://receipts.brim.example/002739.pdf,,True
TXN-001035,****-****-****-4003,MICROSOFT 365,57.4,79.15,USD,1.379,2026-01-16 18:03:00,5734,Computer Software Stores,TXC-003,EMP003,Marcus Webb,Operations,EMP001,5,APPROVED,,,,,,,https://receipts.brim.example/001035.pdf,,True
TXN-002089,****-****-****-4003,TIM HORTONS #882,5.77,7.96,USD,1.379,2026-01-16 18:39:00,5812,Eating Places & Restaurants,TXC-003,EMP003,Marcus Webb,Operations,EMP001,5,APPROVED,,,,,,,https://receipts.brim.example/002089.pdf,,True
TXN-002077,****-****-****-4004,ESSO RETAIL 113,57.47,79.25,USD,1.379,2026-01-16 20:08:00,5172,Petroleum & Petroleum Products,TXC-004,EMP004,Alice Chen,Finance,EMP002,4,APPROVED,,,,,,,https://receipts.brim.example/002077.pdf,,True
TXN-003624,****-****-****-4002,WENDYS 7781,32.69,45.08,USD,1.379,2026-01-16 21:25:00,5814,Fast Food Restaurants,TXC-002,EMP002,Priya Nair,Finance,EMP001,5,APPROVED,,,,,,,https://receipts.brim.example/003624.pdf,,True
TXN-002258,****-****-****-4007,ESSO RETAIL 113,232.25,320.27,USD,1.379,2026-01-16 21:40:00,5541,Service Stations,TXC-007,EMP007,Carol White,Finance,EMP004,2,APPROVED,,,,,,,https://receipts.brim.example/002258.pdf,,True
TXN-000140,****-****-****-4009,STAPLES #112,158.95,219.19,USD,1.379,2026-01-17 07:27:00,5111,Stationery & Office Supplies,TXC-009,EMP009,Grace Lee,Operations,EMP008,3,APPROVED,,,,,,,https://receipts.brim.example/000140.pdf,,True
TXN-001916,****-****-****-4008,ESSO RETAIL 113,35.59,49.08,USD,1.379,2026-01-17 09:22:00,5541,Service Stations,TXC-008,EMP008,Eric Tran,Operations,EMP003,4,APPROVED,,,,,,,https://receipts.brim.example/001916.pdf,,True
TXN-000048,****-****-****-4006,STAPLES #112,510.0,703.29,USD,1.379,2026-01-17 10:00:00,5541,Service Stations,TXC-006,EMP006,Bob Kumar,Finance,EMP004,2,APPROVED,,,,,,,https://receipts.brim.example/000048.pdf,,True
TXN-000522,****-****-****-4007,SHELL DT #4421,50.98,70.3,USD,1.379,2026-01-17 11:04:00,5541,Service Stations,TXC-007,EMP007,Carol White,Finance,EMP004,2,APPROVED,,,,,,,https://receipts.brim.example/000522.pdf,,True
TXN-001237,****-****-****-4003,PETRO-CANADA 8821,85.62,118.07,USD,1.379,2026-01-17 12:12:00,5541,Service Stations,TXC-003,EMP003,Marcus Webb,Operations,EMP001,5,APPROVED,,,,,,,https://receipts.brim.example/001237.pdf,,True
TXN-002779,****-****-****-4004,HOME DEPOT 88,118.14,162.92,USD,1.379,2026-01-17 14:37:00,5045,Computers & Peripherals,TXC-004,EMP004,Alice Chen,Finance,EMP002,4,PENDING,,,,,,,https://receipts.brim.example/002779.pdf,,False
TXN-000799,****-****-****-4003,ROADSIDE GRILL CO,24.16,33.32,USD,1.379,2026-01-17 16:12:00,5814,Fast Food Restaurants,TXC-003,EMP003,Marcus Webb,Operations,EMP001,5,APPROVED,,,,,,,https://receipts.brim.example/000799.pdf,,True
TXN-001032,****-****-****-4004,HOME DEPOT 88,134.62,185.64,USD,1.379,2026-01-17 20:59:00,5300,Wholesale Clubs,TXC-004,EMP004,Alice Chen,Finance,EMP002,4,APPROVED,,,,,,,https://receipts.brim.example/001032.pdf,,True
TXN-000445,****-****-****-4008,A&W STORE 551,10.38,14.31,USD,1.379,2026-01-17 21:23:00,5814,Fast Food Restaurants,TXC-008,EMP008,Eric Tran,Operations,EMP003,4,APPROVED,,,,,,,https://receipts.brim.example/000445.pdf,,True
TXN-001360,****-****-****-4008,ULTRAMAR 55,52.11,71.86,USD,1.379,2026-01-17 21:32:00,5541,Service Stations,TXC-008,EMP008,Eric Tran,Operations,EMP003,4,APPROVED,,,,,,,https://receipts.brim.example/001360.pdf,,True
TXN-000302,****-****-****-4009,BOSTON PIZZA 12,16.03,22.11,USD,1.379,2026-01-17 21:55:00,5812,Eating Places & Restaurants,TXC-009,EMP009,Grace Lee,Operations,EMP008,3,APPROVED,,,,,,,https://receipts.brim.example/000302.pdf,,True
TXN-000117,****-****-****-4004,QUICK FUEL STOP,40.66,56.07,USD,1.379,2026-01-18 08:45:00,5172,Petroleum & Petroleum Products,TXC-004,EMP004,Alice Chen,Finance,EMP002,4,APPROVED,,,,,,,https://receipts.brim.example/000117.pdf,,True
TXN-001358,****-****-****-4004,WENDYS 7781,29.72,40.98,USD,1.379,2026-01-18 11:22:00,5814,Fast Food Restaurants,TXC-004,EMP004,Alice Chen,Finance,EMP002,4,APPROVED,,,,,,,https://receipts.brim.example/001358.pdf,TRIP-0092,True
TXN-001466,****-****-****-4003,QUICK FUEL STOP,23.77,32.78,USD,1.379,2026-01-18 11:40:00,5541,Service Stations,TXC-003,EMP003,Marcus Webb,Operations,EMP001,5,APPROVED,,,,,,,https://receipts.brim.example/001466.pdf,,True
TXN-003722,****-****-****-4003,ESSO RETAIL 113,30.54,42.11,USD,1.379,2026-01-18 12:02:00,5541,Service Stations,TXC-003,EMP003,Marcus Webb,Operations,EMP001,5,APPROVED,,,,,,,https://receipts.brim.example/003722.pdf,,True
TXN-000754,****-****-****-4004,PILOT TRAVEL 209,62.72,86.49,USD,1.379,2026-01-18 13:09:00,5172,Petroleum & Petroleum Products,TXC-004,EMP004,Alice Chen,Finance,EMP002,4,PENDING,,,,,,,https://receipts.brim.example/000754.pdf,,False
TXN-003473,****-****-****-4007,MICROSOFT 365,105.87,145.99,USD,1.379,2026-01-18 13:40:00,5734,Computer Software Stores,TXC-007,EMP007,Carol White,Finance,EMP004,2,APPROVED,,,,,,,https://receipts.brim.example/003473.pdf,,True
TXN-003980,****-****-****-4009,HOLIDAY INN EXPRESS,99.54,137.27,USD,1.379,2026-01-18 14:13:00,7011,"Hotels, Motels & Resorts",TXC-009,EMP009,Grace Lee,Operations,EMP008,3,APPROVED,,,,,,,https://receipts.brim.example/003980.pdf,,True
TXN-000132,****-****-****-4007,DAYS INN 209,122.17,168.47,USD,1.379,2026-01-18 16:03:00,7011,"Hotels, Motels & Resorts",TXC-007,EMP007,Carol White,Finance,EMP004,2,APPROVED,,,,,,,https://receipts.brim.example/000132.pdf,,True
TXN-000321,****-****-****-4003,IMPARK LOT 88,13.54,18.67,USD,1.379,2026-01-18 17:31:00,4131,Bus Lines / Tolls,TXC-003,EMP003,Marcus Webb,Operations,EMP001,5,APPROVED,,,,,,,https://receipts.brim.example/000321.pdf,,True
TXN-003198,****-****-****-4008,FLYING J #771,47.27,65.19,USD,1.379,2026-01-18 18:17:00,5172,Petroleum & Petroleum Products,TXC-008,EMP008,Eric Tran,Operations,EMP003,4,APPROVED,,,,,,,https://receipts.brim.example/003198.pdf,,True
TXN-001910,****-****-****-4008,SUPER 8 MOTEL,152.95,210.92,USD,1.379,2026-01-18 19:04:00,7011,"Hotels, Motels & Resorts",TXC-008,EMP008,Eric Tran,Operations,EMP003,4,APPROVED,,,,,,,https://receipts.brim.example/001910.pdf,TRIP-0128,True
TXN-001061,****-****-****-4008,QUICK FUEL STOP,29.4,40.54,USD,1.379,2026-01-18 21:00:00,5172,Petroleum & Petroleum Products,TXC-008,EMP008,Eric Tran,Operations,EMP003,4,APPROVED,,,,,,,https://receipts.brim.example/001061.pdf,,True
TXN-003283,****-****-****-4004,FLYING J #771,67.42,92.97,USD,1.379,2026-01-19 07:04:00,5172,Petroleum & Petroleum Products,TXC-004,EMP004,Alice Chen,Finance,EMP002,4,APPROVED,,,,,,,https://receipts.brim.example/003283.pdf,,True
TXN-000514,****-****-****-4009,PRECISE PARKLINK,20.58,28.38,USD,1.379,2026-01-19 08:08:00,4131,Bus Lines / Tolls,TXC-009,EMP009,Grace Lee,Operations,EMP008,3,APPROVED,,,,,,,https://receipts.brim.example/000514.pdf,,True
TXN-000753,****-****-****-4003,ROADSIDE GRILL CO,25.77,35.54,USD,1.379,2026-01-19 08:29:00,5814,Fast Food Restaurants,TXC-003,EMP003,Marcus Webb,Operations,EMP001,5,APPROVED,,,,,,,https://receipts.brim.example/000753.pdf,,True
TXN-002677,****-****-****-4003,FLYING J #771,28.06,38.69,USD,1.379,2026-01-19 08:38:00,5172,Petroleum & Petroleum Products,TXC-003,EMP003,Marcus Webb,Operations,EMP001,5,APPROVED,,,,,,,https://receipts.brim.example/002677.pdf,,True
TXN-001125,****-****-****-4009,FLYING J #771,129.58,178.69,USD,1.379,2026-01-19 11:25:00,5541,Service Stations,TXC-009,EMP009,Grace Lee,Operations,EMP008,3,APPROVED,,,,,,,,,True
TXN-000092,****-****-****-4005,ALPHA CONSULTING GROUP,1215.8,1676.59,USD,1.379,2026-01-19 14:00:00,4814,Telecom Services,TXC-005,EMP005,Dana Park,Finance,EMP002,3,APPROVED,,,,,,,https://receipts.brim.example/000092.pdf,,True
TXN-000849,****-****-****-4008,SUBWAY 40021,28.3,39.03,USD,1.379,2026-01-19 14:40:00,5814,Fast Food Restaurants,TXC-008,EMP008,Eric Tran,Operations,EMP003,4,APPROVED,,,,,,,https://receipts.brim.example/000849.pdf,,True
TXN-001728,****-****-****-4003,KAL TIRE 9,158.5,218.57,USD,1.379,2026-01-19 16:29:00,7531,Auto Body Repair Shops,TXC-003,EMP003,Marcus Webb,Operations,EMP001,5,APPROVED,,,,,,,https://receipts.brim.example/001728.pdf,,True
TXN-003692,****-****-****-4007,BOSTON PIZZA 12,33.06,45.59,USD,1.379,2026-01-19 17:02:00,5814,Fast Food Restaurants,TXC-007,EMP007,Carol White,Finance,EMP004,2,APPROVED,,,,,,,https://receipts.brim.example/003692.pdf,,True
TXN-000101,****-****-****-4008,MICROSOFT 365,136.81,188.66,USD,1.379,2026-01-19 18:05:00,4814,Telecom Services,TXC-008,EMP008,Eric Tran,Operations,EMP003,4,APPROVED,,,,,,,https://receipts.brim.example/000101.pdf,,True
TXN-000515,****-****-****-4008,FLYING J #771,120.29,165.88,USD,1.379,2026-01-19 18:11:00,5541,Service Stations,TXC-008,EMP008,Eric Tran,Operations,EMP003,4,PENDING,,,,,,,https://receipts.brim.example/000515.pdf,,False
TXN-001913,****-****-****-4008,SHELL DT #4421,32.56,44.9,USD,1.379,2026-01-19 20:35:00,5541,Service Stations,TXC-008,EMP008,Eric Tran,Operations,EMP003,4,APPROVED,,,,,,,https://receipts.brim.example/001913.pdf,TRIP-0128,True
TXN-003354,****-****-****-4007,PETRO-CANADA 8821,53.91,74.34,USD,1.379,2026-01-19 21:04:00,5541,Service Stations,TXC-007,EMP007,Carol White,Finance,EMP004,2,APPROVED,,,,,,,https://receipts.brim.example/003354.pdf,,True
TXN-001912,****-****-****-4008,ULTRAMAR 55,33.62,46.36,USD,1.379,2026-01-19 21:33:00,5172,Petroleum & Petroleum Products,TXC-008,EMP008,Eric Tran,Operations,EMP003,4,APPROVED,,,,,,,https://receipts.brim.example/001912.pdf,TRIP-0128,True
TXN-000119,****-****-****-4001,KAL TIRE 9,316.98,437.12,USD,1.379,2026-01-19 21:44:00,7531,Auto Body Repair Shops,TXC-001,EMP001,Olivia Reyes,Executive,,6,APPROVED,,,,,,,https://receipts.brim.example/000119.pdf,,True
TXN-002191,****-****-****-4008,ESSO RETAIL 113,74.57,102.83,USD,1.379,2026-01-20 07:17:00,5541,Service Stations,TXC-008,EMP008,Eric Tran,Operations,EMP003,4,APPROVED,,,,,,,https://receipts.brim.example/002191.pdf,,True
TXN-000391,****-****-****-4004,AWS MEMB,103.29,142.44,USD,1.379,2026-01-20 07:53:00,5734,Computer Software Stores,TXC-004,EMP004,Alice Chen,Finance,EMP002,4,APPROVED,,,,,,,https://receipts.brim.example/000391.pdf,,True
TXN-001764,****-****-****-4007,STAPLES #112,40.95,56.47,USD,1.379,2026-01-20 08:07:00,5111,Stationery & Office Supplies,TXC-007,EMP007,Carol White,Finance,EMP004,2,APPROVED,,,,,,,https://receipts.brim.example/001764.pdf,,True
TXN-000355,****-****-****-4008,KAL TIRE 9,504.41,695.58,USD,1.379,2026-01-20 09:17:00,7538,Automotive Service Shops,TXC-008,EMP008,Eric Tran,Operations,EMP003,4,PENDING,,,,,,,https://receipts.brim.example/000355.pdf,,False
TXN-003041,****-****-****-4008,PILOT TRAVEL 209,40.19,55.42,USD,1.379,2026-01-20 10:50:00,5172,Petroleum & Petroleum Products,TXC-008,EMP008,Eric Tran,Operations,EMP003,4,APPROVED,,,,,,,https://receipts.brim.example/003041.pdf,,True
TXN-002695,****-****-****-4009,BEST BUY 112,102.94,141.95,USD,1.379,2026-01-20 11:38:00,5300,Wholesale Clubs,TXC-009,EMP009,Grace Lee,Operations,EMP008,3,APPROVED,,,,,,,https://receipts.brim.example/002695.pdf,,True
TXN-004176,****-****-****-4007,AWS MEMB,74.81,103.16,USD,1.379,2026-01-20 15:28:00,4814,Telecom Services,TXC-007,EMP007,Carol White,Finance,EMP004,2,APPROVED,,,,,,,https://receipts.brim.example/004176.pdf,,True
TXN-002705,****-****-****-4002,MIDAS AUTO 21,96.55,133.14,USD,1.379,2026-01-20 16:28:00,7531,Auto Body Repair Shops,TXC-002,EMP002,Priya Nair,Finance,EMP001,5,PENDING,,,,,,,https://receipts.brim.example/002705.pdf,,False
TXN-001911,****-****-****-4008,ULTRAMAR 55,121.1,167.0,USD,1.379,2026-01-20 19:08:00,5172,Petroleum & Petroleum Products,TXC-008,EMP008,Eric Tran,Operations,EMP003,4,APPROVED,,,,,,,https://receipts.brim.example/001911.pdf,TRIP-0128,True
TXN-002341,****-****-****-4009,PETRO-CANADA 8821,115.4,159.14,USD,1.379,2026-01-20 19:20:00,5172,Petroleum & Petroleum Products,TXC-009,EMP009,Grace Lee,Operations,EMP008,3,APPROVED,,,,,,,https://receipts.brim.example/002341.pdf,,True
TXN-000291,****-****-****-4007,ESSO RETAIL 113,49.86,68.76,USD,1.379,2026-01-20 19:55:00,5541,Service Stations,TXC-007,EMP007,Carol White,Finance,EMP004,2,APPROVED,,,,,,,https://receipts.brim.example/000291.pdf,,True
TXN-001542,****-****-****-4008,PILOT TRAVEL 209,94.67,130.55,USD,1.379,2026-01-20 20:02:00,5172,Petroleum & Petroleum Products,TXC-008,EMP008,Eric Tran,Operations,EMP003,4,PENDING,,,,,,,https://receipts.brim.example/001542.pdf,,False
TXN-000180,****-****-****-4008,ULTRAMAR 55,34.38,47.41,USD,1.379,2026-01-20 21:39:00,5172,Petroleum & Petroleum Products,TXC-008,EMP008,Eric Tran,Operations,EMP003,4,APPROVED,,,,,,,https://receipts.brim.example/000180.pdf,,True
TXN-004238,****-****-****-4008,BEST BUY 112,272.12,375.25,USD,1.379,2026-01-21 07:27:00,5045,Computers & Peripherals,TXC-008,EMP008,Eric Tran,Operations,EMP003,4,PENDING,,,,,,,https://receipts.brim.example/004238.pdf,,False
TXN-000991,****-****-****-4008,BEST WESTERN 71,254.18,350.51,USD,1.379,2026-01-21 07:28:00,7011,"Hotels, Motels & Resorts",TXC-008,EMP008,Eric Tran,Operations,EMP003,4,APPROVED,,,,,,,https://receipts.brim.example/000991.pdf,TRIP-0063,True
TXN-001774,****-****-****-4008,TIM HORTONS #882,17.9,24.68,USD,1.379,2026-01-21 10:22:00,5814,Fast Food Restaurants,TXC-008,EMP008,Eric Tran,Operations,EMP003,4,APPROVED,,,,,,,https://receipts.brim.example/001774.pdf,,True
TXN-000442,****-****-****-4007,PETRO-CANADA 8821,161.21,222.31,USD,1.379,2026-01-21 10:31:00,5172,Petroleum & Petroleum Products,TXC-007,EMP007,Carol White,Finance,EMP004,2,APPROVED,,,,,,,https://receipts.brim.example/000442.pdf,,True
TXN-000844,****-****-****-4006,MCDONALDS DT QPS,40.12,55.33,USD,1.379,2026-01-21 10:49:00,5812,Eating Places & Restaurants,TXC-006,EMP006,Bob Kumar,Finance,EMP004,2,APPROVED,,,,,,,https://receipts.brim.example/000844.pdf,,True
TXN-002036,****-****-****-4009,A&W STORE 551,44.28,61.06,USD,1.379,2026-01-21 12:42:00,5814,Fast Food Restaurants,TXC-009,EMP009,Grace Lee,Operations,EMP008,3,APPROVED,,,,,,,https://receipts.brim.example/002036.pdf,,True
TXN-000145,****-****-****-4002,STAPLES #112,20.98,28.93,USD,1.379,2026-01-21 13:24:00,5943,Stationery & Writing Supplies,TXC-002,EMP002,Priya Nair,Finance,EMP001,5,APPROVED,,,,,,,https://receipts.brim.example/000145.pdf,,True
TXN-002063,****-****-****-4007,ROGERS WIRELESS,71.58,98.71,USD,1.379,2026-01-21 15:47:00,5734,Computer Software Stores,TXC-007,EMP007,Carol White,Finance,EMP004,2,APPROVED,,,,,,,https://receipts.brim.example/002063.pdf,,True
TXN-001046,****-****-****-4008,BOSTON PIZZA 12,23.83,32.86,USD,1.379,2026-01-21 16:05:00,5812,Eating Places & Restaurants,TXC-008,EMP008,Eric Tran,Operations,EMP003,4,APPROVED,,,,,,,https://receipts.brim.example/001046.pdf,,True
TXN-001193,****-****-****-4006,STAPLES #112,95.89,132.23,USD,1.379,2026-01-21 17:52:00,5943,Stationery & Writing Supplies,TXC-006,EMP006,Bob Kumar,Finance,EMP004,2,APPROVED,,,,,,,https://receipts.brim.example/001193.pdf,,True
TXN-000139,****-****-****-4004,BOSTON PIZZA 12,11.56,15.94,USD,1.379,2026-01-21 20:37:00,5814,Fast Food Restaurants,TXC-004,EMP004,Alice Chen,Finance,EMP002,4,APPROVED,,,,,,,https://receipts.brim.example/000139.pdf,,True
TXN-003286,****-****-****-4009,A&W STORE 551,30.66,42.28,USD,1.379,2026-01-21 21:03:00,5814,Fast Food Restaurants,TXC-009,EMP009,Grace Lee,Operations,EMP008,3,APPROVED,,,,,,,https://receipts.brim.example/003286.pdf,,True
TXN-002126,****-****-****-4009,FLYING J #771,38.75,53.44,USD,1.379,2026-01-21 21:16:00,5541,Service Stations,TXC-009,EMP009,Grace Lee,Operations,EMP008,3,APPROVED,,,,,,,https://receipts.brim.example/002126.pdf,,True
TXN-002133,****-****-****-4008,TIM HORTONS #882,18.45,25.44,USD,1.379,2026-01-21 21:19:00,5814,Fast Food Restaurants,TXC-008,EMP008,Eric Tran,Operations,EMP003,4,APPROVED,,,,,,,https://receipts.brim.example/002133.pdf,,True
TXN-000049,****-****-****-4006,AMAZON MKTPLACE,530.25,731.21,USD,1.379,2026-01-21 23:00:00,5111,Stationery & Office Supplies,TXC-006,EMP006,Bob Kumar,Finance,EMP004,2,APPROVED,,,,,,,https://receipts.brim.example/000049.pdf,,True
TXN-003953,****-****-****-4008,ULTRAMAR 55,37.38,51.55,USD,1.379,2026-01-22 07:12:00,5541,Service Stations,TXC-008,EMP008,Eric Tran,Operations,EMP003,4,APPROVED,,,,,,,https://receipts.brim.example/003953.pdf,,True
TXN-003881,****-****-****-4007,TIM HORTONS #882,5.36,7.39,USD,1.379,2026-01-22 07:38:00,5812,Eating Places & Restaurants,TXC-007,EMP007,Carol White,Finance,EMP004,2,APPROVED,,,,,,,https://receipts.brim.example/003881.pdf,TRIP-0261,True
TXN-003062,****-****-****-4008,SHELL DT #4421,100.14,138.09,USD,1.379,2026-01-22 07:54:00,5541,Service Stations,TXC-008,EMP008,Eric Tran,Operations,EMP003,4,APPROVED,,,,,,,https://receipts.brim.example/003062.pdf,,True
TXN-003012,****-****-****-4009,BOSTON PIZZA 12,20.59,28.39,USD,1.379,2026-01-22 09:37:00,5814,Fast Food Restaurants,TXC-009,EMP009,Grace Lee,Operations,EMP008,3,APPROVED,,,,,,,https://receipts.brim.example/003012.pdf,,True
TXN-002630,****-****-****-4008,PETRO-CANADA 8821,45.77,63.12,USD,1.379,2026-01-22 11:21:00,5172,Petroleum & Petroleum Products,TXC-008,EMP008,Eric Tran,Operations,EMP003,4,APPROVED,,,,,,,https://receipts.brim.example/002630.pdf,,True
TXN-001001,****-****-****-4007,ROGERS WIRELESS,111.7,154.03,USD,1.379,2026-01-22 12:51:00,4814,Telecom Services,TXC-007,EMP007,Carol White,Finance,EMP004,2,APPROVED,,,,,,,https://receipts.brim.example/001001.pdf,,True
TXN-002344,****-****-****-4008,SHELL DT #4421,51.38,70.85,USD,1.379,2026-01-22 13:05:00,5541,Service Stations,TXC-008,EMP008,Eric Tran,Operations,EMP003,4,APPROVED,,,,,,,https://receipts.brim.example/002344.pdf,,True
TXN-000871,****-****-****-4009,BOSTON PIZZA 12,62.76,86.55,USD,1.379,2026-01-22 13:10:00,5812,Eating Places & Restaurants,TXC-009,EMP009,Grace Lee,Operations,EMP008,3,APPROVED,,,,,,,https://receipts.brim.example/000871.pdf,,True
TXN-002065,****-****-****-4009,GRAND & TOY 5,13.76,18.98,USD,1.379,2026-01-22 13:29:00,5943,Stationery & Writing Supplies,TXC-009,EMP009,Grace Lee,Operations,EMP008,3,APPROVED,,,,,,,https://receipts.brim.example/002065.pdf,,True
TXN-000741,****-****-****-4008,AMAZON MKTPLACE,37.7,51.99,USD,1.379,2026-01-22 14:13:00,5943,Stationery & Writing Supplies,TXC-008,EMP008,Eric Tran,Operations,EMP003,4,APPROVED,,,,,,,https://receipts.brim.example/000741.pdf,,True
TXN-000430,****-****-****-4003,PETRO-CANADA 8821,33.63,46.38,USD,1.379,2026-01-22 14:25:00,5541,Service Stations,TXC-003,EMP003,Marcus Webb,Operations,EMP001,5,APPROVED,,,,,,,https://receipts.brim.example/000430.pdf,,True
TXN-003569,****-****-****-4009,GOOGLE WORKSPACE,120.15,165.69,USD,1.379,2026-01-22 14:34:00,5734,Computer Software Stores,TXC-009,EMP009,Grace Lee,Operations,EMP008,3,APPROVED,,,,,,,https://receipts.brim.example/003569.pdf,,True
TXN-003798,****-****-****-4008,ESSO RETAIL 113,49.63,68.44,USD,1.379,2026-01-22 15:00:00,5172,Petroleum & Petroleum Products,TXC-008,EMP008,Eric Tran,Operations,EMP003,4,APPROVED,,,,,,,https://receipts.brim.example/003798.pdf,,True
TXN-003880,****-****-****-4007,MCDONALDS DT QPS,6.48,8.94,USD,1.379,2026-01-22 16:40:00,5812,Eating Places & Restaurants,TXC-007,EMP007,Carol White,Finance,EMP004,2,APPROVED,,,,,,,https://receipts.brim.example/003880.pdf,TRIP-0261,True
TXN-001989,****-****-****-4007,WENDYS 7781,27.29,37.63,USD,1.379,2026-01-22 18:16:00,5814,Fast Food Restaurants,TXC-007,EMP007,Carol White,Finance,EMP004,2,APPROVED,,,,,,,https://receipts.brim.example/001989.pdf,,True
TXN-000696,****-****-****-4007,ROADSIDE GRILL CO,42.33,58.37,USD,1.379,2026-01-22 19:02:00,5814,Fast Food Restaurants,TXC-007,EMP007,Carol White,Finance,EMP004,2,APPROVED,,,,,,,https://receipts.brim.example/000696.pdf,,True
TXN-003471,****-****-****-4009,STAPLES #112,38.11,52.55,USD,1.379,2026-01-22 19:40:00,5111,Stationery & Office Supplies,TXC-009,EMP009,Grace Lee,Operations,EMP008,3,APPROVED,,,,,,,https://receipts.brim.example/003471.pdf,,True
TXN-000993,****-****-****-4008,FLYING J #771,35.77,49.33,USD,1.379,2026-01-23 05:41:00,5172,Petroleum & Petroleum Products,TXC-008,EMP008,Eric Tran,Operations,EMP003,4,APPROVED,,,,,,,https://receipts.brim.example/000993.pdf,TRIP-0063,True
TXN-003136,****-****-****-4009,PETRO-CANADA 8821,57.19,78.87,USD,1.379,2026-01-23 08:52:00,5541,Service Stations,TXC-009,EMP009,Grace Lee,Operations,EMP008,3,APPROVED,,,,,,,https://receipts.brim.example/003136.pdf,TRIP-0204,True
TXN-003590,****-****-****-4009,ESSO RETAIL 113,123.31,170.04,USD,1.379,2026-01-23 10:07:00,5172,Petroleum & Petroleum Products,TXC-009,EMP009,Grace Lee,Operations,EMP008,3,PENDING,,,,,,,https://receipts.brim.example/003590.pdf,,False
TXN-003879,****-****-****-4007,COMFORT INN 442,169.25,233.4,USD,1.379,2026-01-23 11:42:00,7011,"Hotels, Motels & Resorts",TXC-007,EMP007,Carol White,Finance,EMP004,2,APPROVED,,,,,,,https://receipts.brim.example/003879.pdf,TRIP-0261,True
TXN-000992,****-****-****-4008,ULTRAMAR 55,127.25,175.48,USD,1.379,2026-01-23 12:20:00,5172,Petroleum & Petroleum Products,TXC-008,EMP008,Eric Tran,Operations,EMP003,4,APPROVED,,,,,,,https://receipts.brim.example/000992.pdf,TRIP-0063,True
TXN-000265,****-****-****-4001,DAYS INN 209,133.74,184.43,USD,1.379,2026-01-23 13:55:00,7011,"Hotels, Motels & Resorts",TXC-001,EMP001,Olivia Reyes,Executive,,6,APPROVED,,,,,,,https://receipts.brim.example/000265.pdf,TRIP-0016,True
TXN-003253,****-****-****-4002,SHELL DT #4421,96.22,132.69,USD,1.379,2026-01-23 14:25:00,5541,Service Stations,TXC-002,EMP002,Priya Nair,Finance,EMP001,5,APPROVED,,,,,,,https://receipts.brim.example/003253.pdf,,True
TXN-001344,****-****-****-4001,GREEN P PARKING,9.44,13.02,USD,1.379,2026-01-23 14:45:00,7523,Parking Lots & Garages,TXC-001,EMP001,Olivia Reyes,Executive,,6,APPROVED,,,,,,,https://receipts.brim.example/001344.pdf,,True
TXN-002534,****-****-****-4007,BEST WESTERN 71,146.68,202.27,USD,1.379,2026-01-23 14:59:00,7011,"Hotels, Motels & Resorts",TXC-007,EMP007,Carol White,Finance,EMP004,2,APPROVED,,,,,,,https://receipts.brim.example/002534.pdf,,True
TXN-003137,****-****-****-4009,A&W STORE 551,15.25,21.03,USD,1.379,2026-01-23 15:30:00,5814,Fast Food Restaurants,TXC-009,EMP009,Grace Lee,Operations,EMP008,3,APPROVED,,,,,,,https://receipts.brim.example/003137.pdf,TRIP-0204,True
TXN-001185,****-****-****-4004,GREEN P PARKING,19.75,27.24,USD,1.379,2026-01-23 15:51:00,7523,Parking Lots & Garages,TXC-004,EMP004,Alice Chen,Finance,EMP002,4,APPROVED,,,,,,,https://receipts.brim.example/001185.pdf,,True
TXN-004264,****-****-****-4001,SHELL DT #4421,56.16,77.44,USD,1.379,2026-01-23 16:08:00,5541,Service Stations,TXC-001,EMP001,Olivia Reyes,Executive,,6,APPROVED,,,,,,,,TRIP-0288,True
TXN-003317,****-****-****-4009,FOUNTAIN TIRE,519.92,716.97,USD,1.379,2026-01-23 17:22:00,7538,Automotive Service Shops,TXC-009,EMP009,Grace Lee,Operations,EMP008,3,APPROVED,,,,,,,https://receipts.brim.example/003317.pdf,,True
TXN-001771,****-****-****-4002,GRAND & TOY 5,60.71,83.72,USD,1.379,2026-01-23 17:54:00,5111,Stationery & Office Supplies,TXC-002,EMP002,Priya Nair,Finance,EMP001,5,APPROVED,,,,,,,https://receipts.brim.example/001771.pdf,,True
TXN-002196,****-****-****-4007,A&W STORE 551,40.96,56.48,USD,1.379,2026-01-23 18:36:00,5814,Fast Food Restaurants,TXC-007,EMP007,Carol White,Finance,EMP004,2,APPROVED,,,,,,,https://receipts.brim.example/002196.pdf,,True
TXN-000767,****-****-****-4004,QUICK FUEL STOP,79.59,109.75,USD,1.379,2026-01-23 18:54:00,5172,Petroleum & Petroleum Products,TXC-004,EMP004,Alice Chen,Finance,EMP002,4,PENDING,,,,,,,https://receipts.brim.example/000767.pdf,,False
TXN-001918,****-****-****-4008,SUPER 8 MOTEL,185.73,256.12,USD,1.379,2026-01-23 18:58:00,7011,"Hotels, Motels & Resorts",TXC-008,EMP008,Eric Tran,Operations,EMP003,4,APPROVED,,,,,,,,,True
TXN-003707,****-****-****-4009,QUICK FUEL STOP,31.06,42.83,USD,1.379,2026-01-23 19:18:00,5172,Petroleum & Petroleum Products,TXC-009,EMP009,Grace Lee,Operations,EMP008,3,APPROVED,,,,,,,https://receipts.brim.example/003707.pdf,,True
TXN-002418,****-****-****-4001,BOSTON PIZZA 12,18.62,25.68,USD,1.379,2026-01-23 19:46:00,5814,Fast Food Restaurants,TXC-001,EMP001,Olivia Reyes,Executive,,6,APPROVED,,,,,,,https://receipts.brim.example/002418.pdf,,True
TXN-003311,****-****-****-4003,ULTRAMAR 55,42.48,58.58,USD,1.379,2026-01-23 20:00:00,5541,Service Stations,TXC-003,EMP003,Marcus Webb,Operations,EMP001,5,APPROVED,,,,,,,https://receipts.brim.example/003311.pdf,,True
TXN-000628,****-****-****-4007,PETRO-CANADA 8821,87.4,120.52,USD,1.379,2026-01-23 20:39:00,5541,Service Stations,TXC-007,EMP007,Carol White,Finance,EMP004,2,APPROVED,,,,,,,https://receipts.brim.example/000628.pdf,,True
TXN-000378,****-****-****-4008,ULTRAMAR 55,98.14,135.34,USD,1.379,2026-01-24 07:27:00,5172,Petroleum & Petroleum Products,TXC-008,EMP008,Eric Tran,Operations,EMP003,4,APPROVED,,,,,,,https://receipts.brim.example/000378.pdf,,True
TXN-003135,****-****-****-4009,SHELL DT #4421,105.74,145.82,USD,1.379,2026-01-24 09:59:00,5172,Petroleum & Petroleum Products,TXC-009,EMP009,Grace Lee,Operations,EMP008,3,APPROVED,,,,,,,https://receipts.brim.example/003135.pdf,TRIP-0204,True
TXN-000267,****-****-****-4001,ROADSIDE GRILL CO,17.71,24.42,USD,1.379,2026-01-24 11:08:00,5814,Fast Food Restaurants,TXC-001,EMP001,Olivia Reyes,Executive,,6,APPROVED,,,,,,,https://receipts.brim.example/000267.pdf,TRIP-0016,True
TXN-002984,****-****-****-4008,A&W STORE 551,18.01,24.84,USD,1.379,2026-01-24 11:25:00,5812,Eating Places & Restaurants,TXC-008,EMP008,Eric Tran,Operations,EMP003,4,APPROVED,,,,,,,https://receipts.brim.example/002984.pdf,,True
TXN-003142,****-****-****-4009,KAL TIRE 9,266.42,367.39,USD,1.379,2026-01-24 12:17:00,7538,Automotive Service Shops,TXC-009,EMP009,Grace Lee,Operations,EMP008,3,APPROVED,,,,,,,https://receipts.brim.example/003142.pdf,,True
TXN-004046,****-****-****-4003,WENDYS 7781,29.78,41.07,USD,1.379,2026-01-24 12:17:00,5812,Eating Places & Restaurants,TXC-003,EMP003,Marcus Webb,Operations,EMP001,5,APPROVED,,,,,,,https://receipts.brim.example/004046.pdf,,True
TXN-000266,****-****-****-4001,SUBWAY 40021,28.16,38.83,USD,1.379,2026-01-24 12:23:00,5814,Fast Food Restaurants,TXC-001,EMP001,Olivia Reyes,Executive,,6,APPROVED,,,,,,,https://receipts.brim.example/000266.pdf,TRIP-0016,True
TXN-000362,****-****-****-4004,ROADSIDE GRILL CO,7.69,10.6,USD,1.379,2026-01-24 12:59:00,5814,Fast Food Restaurants,TXC-004,EMP004,Alice Chen,Finance,EMP002,4,APPROVED,,,,,,,https://receipts.brim.example/000362.pdf,,True
TXN-003757,****-****-****-4004,HOLIDAY INN EXPRESS,152.44,210.21,USD,1.379,2026-01-24 13:02:00,7011,"Hotels, Motels & Resorts",TXC-004,EMP004,Alice Chen,Finance,EMP002,4,APPROVED,,,,,,,https://receipts.brim.example/003757.pdf,,True
TXN-002576,****-****-****-4007,ROGERS WIRELESS,144.48,199.24,USD,1.379,2026-01-24 15:23:00,4814,Telecom Services,TXC-007,EMP007,Carol White,Finance,EMP004,2,APPROVED,,,,,,,https://receipts.brim.example/002576.pdf,,True
TXN-001700,****-****-****-4008,AWS MEMB,67.61,93.23,USD,1.379,2026-01-24 16:07:00,5734,Computer Software Stores,TXC-008,EMP008,Eric Tran,Operations,EMP003,4,APPROVED,,,,,,,https://receipts.brim.example/001700.pdf,,True
TXN-000276,****-****-****-4004,407 ETR TOLL,45.47,62.7,USD,1.379,2026-01-24 17:44:00,7523,Parking Lots & Garages,TXC-004,EMP004,Alice Chen,Finance,EMP002,4,APPROVED,,,,,,,https://receipts.brim.example/000276.pdf,,True
TXN-000721,****-****-****-4007,BEST WESTERN 71,114.33,157.66,USD,1.379,2026-01-25 07:38:00,7011,"Hotels, Motels & Resorts",TXC-007,EMP007,Carol White,Finance,EMP004,2,APPROVED,,,,,,,,,True
TXN-003007,****-****-****-4004,PILOT TRAVEL 209,96.79,133.47,USD,1.379,2026-01-25 07:50:00,5541,Service Stations,TXC-004,EMP004,Alice Chen,Finance,EMP002,4,APPROVED,,,,,,,https://receipts.brim.example/003007.pdf,,True
TXN-000920,****-****-****-4002,SHELL DT #4421,21.64,29.84,USD,1.379,2026-01-25 08:06:00,5541,Service Stations,TXC-002,EMP002,Priya Nair,Finance,EMP001,5,APPROVED,,,,,,,https://receipts.brim.example/000920.pdf,,True
TXN-001377,****-****-****-4009,MICROSOFT 365,66.16,91.23,USD,1.379,2026-01-25 08:15:00,4814,Telecom Services,TXC-009,EMP009,Grace Lee,Operations,EMP008,3,APPROVED,,,,,,,https://receipts.brim.example/001377.pdf,,True
TXN-000885,****-****-****-4007,WENDYS 7781,24.7,34.06,USD,1.379,2026-01-25 10:37:00,5814,Fast Food Restaurants,TXC-007,EMP007,Carol White,Finance,EMP004,2,APPROVED,,,,,,,https://receipts.brim.example/000885.pdf,,True
TXN-003134,****-****-****-4009,SUPER 8 MOTEL,93.26,128.61,USD,1.379,2026-01-25 10:47:00,7011,"Hotels, Motels & Resorts",TXC-009,EMP009,Grace Lee,Operations,EMP008,3,APPROVED,,,,,,,https://receipts.brim.example/003134.pdf,TRIP-0204,True
TXN-000675,****-****-****-4009,PILOT TRAVEL 209,68.27,94.14,USD,1.379,2026-01-25 11:01:00,5541,Service Stations,TXC-009,EMP009,Grace Lee,Operations,EMP008,3,APPROVED,,,,,,,,,True
TXN-000153,****-****-****-4007,HOLIDAY INN EXPRESS,99.19,136.78,USD,1.379,2026-01-25 11:09:00,7011,"Hotels, Motels & Resorts",TXC-007,EMP007,Carol White,Finance,EMP004,2,APPROVED,,,,,,,https://receipts.brim.example/000153.pdf,,True
TXN-002226,****-****-****-4004,MCDONALDS DT QPS,19.28,26.59,USD,1.379,2026-01-25 12:13:00,5814,Fast Food Restaurants,TXC-004,EMP004,Alice Chen,Finance,EMP002,4,APPROVED,,,,,,,https://receipts.brim.example/002226.pdf,,True
TXN-000093,****-****-****-4005,ALPHA CONSULTING GROUP,945.6,1303.98,USD,1.379,2026-01-25 13:00:00,4814,Telecom Services,TXC-005,EMP005,Dana Park,Finance,EMP002,3,APPROVED,,,,,,,https://receipts.brim.example/000093.pdf,,True
TXN-004265,****-****-****-4001,QUICK FUEL STOP,115.44,159.19,USD,1.379,2026-01-25 13:45:00,5172,Petroleum & Petroleum Products,TXC-001,EMP001,Olivia Reyes,Executive,,6,APPROVED,,,,,,,https://receipts.brim.example/004265.pdf,TRIP-0288,True
TXN-000851,****-****-****-4002,MIDAS AUTO 21,122.56,169.01,USD,1.379,2026-01-25 13:54:00,7538,Automotive Service Shops,TXC-002,EMP002,Priya Nair,Finance,EMP001,5,APPROVED,,,,,,,https://receipts.brim.example/000851.pdf,,True
TXN-003773,****-****-****-4008,SUPER 8 MOTEL,97.32,134.2,USD,1.379,2026-01-25 14:55:00,7011,"Hotels, Motels & Resorts",TXC-008,EMP008,Eric Tran,Operations,EMP003,4,APPROVED,,,,,,,https://receipts.brim.example/003773.pdf,,True
TXN-000928,****-****-****-4006,CANADIAN TIRE 445,126.33,174.21,USD,1.379,2026-01-25 14:58:00,7538,Automotive Service Shops,TXC-006,EMP006,Bob Kumar,Finance,EMP004,2,APPROVED,,,,,,,https://receipts.brim.example/000928.pdf,,True
TXN-004262,****-****-****-4001,SUPER 8 MOTEL,163.2,225.05,USD,1.379,2026-01-25 15:15:00,7011,"Hotels, Motels & Resorts",TXC-001,EMP001,Olivia Reyes,Executive,,6,APPROVED,,,,,,,https://receipts.brim.example/004262.pdf,TRIP-0288,True
TXN-000168,****-****-****-4004,MCDONALDS DT QPS,41.57,57.33,USD,1.379,2026-01-25 15:27:00,5814,Fast Food Restaurants,TXC-004,EMP004,Alice Chen,Finance,EMP002,4,APPROVED,,,,,,,https://receipts.brim.example/000168.pdf,,True
TXN-000516,****-****-****-4004,GOOGLE WORKSPACE,56.55,77.98,USD,1.379,2026-01-25 16:58:00,5734,Computer Software Stores,TXC-004,EMP004,Alice Chen,Finance,EMP002,4,APPROVED,,,,,,,https://receipts.brim.example/000516.pdf,,True
TXN-003208,****-****-****-4005,AMAZON MKTPLACE,20.34,28.05,USD,1.379,2026-01-25 17:10:00,5943,Stationery & Writing Supplies,TXC-005,EMP005,Dana Park,Finance,EMP002,3,APPROVED,,,,,,,https://receipts.brim.example/003208.pdf,,True
TXN-000164,****-****-****-4007,PETRO-CANADA 8821,122.6,169.07,USD,1.379,2026-01-25 17:41:00,5172,Petroleum & Petroleum Products,TXC-007,EMP007,Carol White,Finance,EMP004,2,APPROVED,,,,,,,https://receipts.brim.example/000164.pdf,TRIP-0007,True
TXN-002959,****-****-****-4009,MCDONALDS DT QPS,10.95,15.1,USD,1.379,2026-01-25 18:20:00,5814,Fast Food Restaurants,TXC-009,EMP009,Grace Lee,Operations,EMP008,3,APPROVED,,,,,,,https://receipts.brim.example/002959.pdf,TRIP-0193,True
TXN-002454,****-****-****-4003,HOLIDAY INN EXPRESS,264.92,365.32,USD,1.379,2026-01-25 18:34:00,7011,"Hotels, Motels & Resorts",TXC-003,EMP003,Marcus Webb,Operations,EMP001,5,APPROVED,,,,,,,https://receipts.brim.example/002454.pdf,TRIP-0159,True
TXN-000648,****-****-****-4009,PETRO-CANADA 8821,94.13,129.81,USD,1.379,2026-01-25 18:56:00,5541,Service Stations,TXC-009,EMP009,Grace Lee,Operations,EMP008,3,APPROVED,,,,,,,https://receipts.brim.example/000648.pdf,,True
TXN-003295,****-****-****-4003,PETRO-CANADA 8821,90.5,124.8,USD,1.379,2026-01-25 19:45:00,5541,Service Stations,TXC-003,EMP003,Marcus Webb,Operations,EMP001,5,APPROVED,,,,,,,https://receipts.brim.example/003295.pdf,,True
TXN-001962,****-****-****-4003,GREEN P PARKING,6.81,9.39,USD,1.379,2026-01-25 19:49:00,7523,Parking Lots & Garages,TXC-003,EMP003,Marcus Webb,Operations,EMP001,5,APPROVED,,,,,,,https://receipts.brim.example/001962.pdf,,True
TXN-003819,****-****-****-4004,ULTRAMAR 55,211.08,291.08,USD,1.379,2026-01-25 20:15:00,5172,Petroleum & Petroleum Products,TXC-004,EMP004,Alice Chen,Finance,EMP002,4,APPROVED,,,,,,,https://receipts.brim.example/003819.pdf,,True
TXN-001354,****-****-****-4003,ESSO RETAIL 113,74.16,102.27,USD,1.379,2026-01-25 20:38:00,5541,Service Stations,TXC-003,EMP003,Marcus Webb,Operations,EMP001,5,APPROVED,,,,,,,https://receipts.brim.example/001354.pdf,,True
TXN-000763,****-****-****-4007,ROADSIDE GRILL CO,10.86,14.98,USD,1.379,2026-01-25 20:57:00,5812,Eating Places & Restaurants,TXC-007,EMP007,Carol White,Finance,EMP004,2,APPROVED,,,,,,,https://receipts.brim.example/000763.pdf,,True
TXN-003608,****-****-****-4009,PETRO-CANADA 8821,135.14,186.36,USD,1.379,2026-01-25 21:34:00,5172,Petroleum & Petroleum Products,TXC-009,EMP009,Grace Lee,Operations,EMP008,3,APPROVED,,,,,,,https://receipts.brim.example/003608.pdf,,True
TXN-000650,****-****-****-4009,STAPLES #112,36.01,49.66,USD,1.379,2026-01-25 21:40:00,5943,Stationery & Writing Supplies,TXC-009,EMP009,Grace Lee,Operations,EMP008,3,APPROVED,,,,,,,https://receipts.brim.example/000650.pdf,,True
TXN-002749,****-****-****-4007,PILOT TRAVEL 209,169.92,234.32,USD,1.379,2026-01-26 07:06:00,5172,Petroleum & Petroleum Products,TXC-007,EMP007,Carol White,Finance,EMP004,2,APPROVED,,,,,,,https://receipts.brim.example/002749.pdf,,True
TXN-001074,****-****-****-4003,HOLIDAY INN EXPRESS,105.38,145.32,USD,1.379,2026-01-26 07:09:00,7011,"Hotels, Motels & Resorts",TXC-003,EMP003,Marcus Webb,Operations,EMP001,5,APPROVED,,,,,,,https://receipts.brim.example/001074.pdf,TRIP-0070,True
TXN-001719,****-****-****-4007,HOME DEPOT 88,92.95,128.18,USD,1.379,2026-01-26 07:14:00,5045,Computers & Peripherals,TXC-007,EMP007,Carol White,Finance,EMP004,2,PENDING,,,,,,,https://receipts.brim.example/001719.pdf,,False
TXN-002836,****-****-****-4004,QUICK FUEL STOP,108.37,149.44,USD,1.379,2026-01-26 07:32:00,5172,Petroleum & Petroleum Products,TXC-004,EMP004,Alice Chen,Finance,EMP002,4,PENDING,,,,,,,https://receipts.brim.example/002836.pdf,,False
TXN-003710,****-****-****-4008,PETRO-CANADA 8821,46.62,64.29,USD,1.379,2026-01-26 08:18:00,5541,Service Stations,TXC-008,EMP008,Eric Tran,Operations,EMP003,4,APPROVED,,,,,,,https://receipts.brim.example/003710.pdf,,True
TXN-001321,****-****-****-4007,SHELL DT #4421,43.85,60.47,USD,1.379,2026-01-26 08:28:00,5172,Petroleum & Petroleum Products,TXC-007,EMP007,Carol White,Finance,EMP004,2,APPROVED,,,,,,,https://receipts.brim.example/001321.pdf,,True
TXN-001167,****-****-****-4004,PILOT TRAVEL 209,96.6,133.21,USD,1.379,2026-01-26 09:54:00,5541,Service Stations,TXC-004,EMP004,Alice Chen,Finance,EMP002,4,APPROVED,,,,,,,https://receipts.brim.example/001167.pdf,,True
TXN-001075,****-****-****-4003,MCDONALDS DT QPS,43.85,60.47,USD,1.379,2026-01-26 11:34:00,5812,Eating Places & Restaurants,TXC-003,EMP003,Marcus Webb,Operations,EMP001,5,APPROVED,,,,,,,https://receipts.brim.example/001075.pdf,TRIP-0070,True
TXN-000050,****-****-****-4006,GRAND & TOY 5,550.5,759.14,USD,1.379,2026-01-26 14:00:00,5943,Stationery & Writing Supplies,TXC-006,EMP006,Bob Kumar,Finance,EMP004,2,APPROVED,,,,,,,https://receipts.brim.example/000050.pdf,,True
TXN-001325,****-****-****-4004,IMPARK LOT 88,12.15,16.75,USD,1.379,2026-01-26 14:30:00,4131,Bus Lines / Tolls,TXC-004,EMP004,Alice Chen,Finance,EMP002,4,APPROVED,,,,,,,https://receipts.brim.example/001325.pdf,,True
TXN-002438,****-****-****-4003,GOOGLE WORKSPACE,97.53,134.49,USD,1.379,2026-01-26 14:45:00,4814,Telecom Services,TXC-003,EMP003,Marcus Webb,Operations,EMP001,5,PENDING,,,,,,,https://receipts.brim.example/002438.pdf,,False
TXN-003016,****-****-****-4009,407 ETR TOLL,68.89,95.0,USD,1.379,2026-01-26 16:43:00,7523,Parking Lots & Garages,TXC-009,EMP009,Grace Lee,Operations,EMP008,3,APPROVED,,,,,,,,,True
TXN-000776,****-****-****-4003,HOME DEPOT 88,258.76,356.83,USD,1.379,2026-01-26 17:03:00,5300,Wholesale Clubs,TXC-003,EMP003,Marcus Webb,Operations,EMP001,5,APPROVED,,,,,,,https://receipts.brim.example/000776.pdf,,True
TXN-002450,****-****-****-4005,ESSO RETAIL 113,41.28,56.93,USD,1.379,2026-01-26 17:05:00,5541,Service Stations,TXC-005,EMP005,Dana Park,Finance,EMP002,3,APPROVED,,,,,,,https://receipts.brim.example/002450.pdf,,True
TXN-002519,****-****-****-4003,FLYING J #771,108.74,149.95,USD,1.379,2026-01-26 17:11:00,5172,Petroleum & Petroleum Products,TXC-003,EMP003,Marcus Webb,Operations,EMP001,5,APPROVED,,,,,,,https://receipts.brim.example/002519.pdf,,True
TXN-002986,****-****-****-4007,WENDYS 7781,43.72,60.29,USD,1.379,2026-01-26 17:28:00,5812,Eating Places & Restaurants,TXC-007,EMP007,Carol White,Finance,EMP004,2,APPROVED,,,,,,,https://receipts.brim.example/002986.pdf,,True
TXN-001637,****-****-****-4003,TIM HORTONS #882,40.56,55.93,USD,1.379,2026-01-26 18:39:00,5814,Fast Food Restaurants,TXC-003,EMP003,Marcus Webb,Operations,EMP001,5,APPROVED,,,,,,,https://receipts.brim.example/001637.pdf,,True
TXN-000108,****-****-****-4005,QUICK FUEL STOP,90.34,124.58,USD,1.379,2026-01-26 19:28:00,5172,Petroleum & Petroleum Products,TXC-005,EMP005,Dana Park,Finance,EMP002,3,APPROVED,,,,,,,https://receipts.brim.example/000108.pdf,,True
TXN-002455,****-****-****-4003,ULTRAMAR 55,46.97,64.77,USD,1.379,2026-01-26 19:59:00,5541,Service Stations,TXC-003,EMP003,Marcus Webb,Operations,EMP001,5,APPROVED,,,,,,,https://receipts.brim.example/002455.pdf,TRIP-0159,True
TXN-003694,****-****-****-4003,SUBWAY 40021,50.55,69.71,USD,1.379,2026-01-26 20:37:00,5812,Eating Places & Restaurants,TXC-003,EMP003,Marcus Webb,Operations,EMP001,5,APPROVED,,,,,,,https://receipts.brim.example/003694.pdf,,True
TXN-000464,****-****-****-4008,ULTRAMAR 55,65.23,89.95,USD,1.379,2026-01-27 09:20:00,5172,Petroleum & Petroleum Products,TXC-008,EMP008,Eric Tran,Operations,EMP003,4,APPROVED,,,,,,,https://receipts.brim.example/000464.pdf,,True
TXN-001470,****-****-****-4003,ROGERS WIRELESS,32.79,45.22,USD,1.379,2026-01-27 11:12:00,5734,Computer Software Stores,TXC-003,EMP003,Marcus Webb,Operations,EMP001,5,APPROVED,,,,,,,https://receipts.brim.example/001470.pdf,,True
TXN-003672,****-****-****-4009,ESSO RETAIL 113,68.9,95.01,USD,1.379,2026-01-27 12:27:00,5541,Service Stations,TXC-009,EMP009,Grace Lee,Operations,EMP008,3,APPROVED,,,,,,,https://receipts.brim.example/003672.pdf,,True
TXN-003542,****-****-****-4008,FLYING J #771,39.78,54.86,USD,1.379,2026-01-27 13:04:00,5172,Petroleum & Petroleum Products,TXC-008,EMP008,Eric Tran,Operations,EMP003,4,APPROVED,,,,,,,https://receipts.brim.example/003542.pdf,,True
TXN-001227,****-****-****-4002,ROADSIDE GRILL CO,20.77,28.64,USD,1.379,2026-01-27 14:17:00,5812,Eating Places & Restaurants,TXC-002,EMP002,Priya Nair,Finance,EMP001,5,APPROVED,,,,,,,https://receipts.brim.example/001227.pdf,,True
TXN-001327,****-****-****-4009,FLYING J #771,29.19,40.25,USD,1.379,2026-01-27 14:24:00,5172,Petroleum & Petroleum Products,TXC-009,EMP009,Grace Lee,Operations,EMP008,3,APPROVED,,,,,,,https://receipts.brim.example/001327.pdf,,True
TXN-001596,****-****-****-4009,BEST WESTERN 71,124.97,172.33,USD,1.379,2026-01-27 15:04:00,7011,"Hotels, Motels & Resorts",TXC-009,EMP009,Grace Lee,Operations,EMP008,3,APPROVED,,,,,,,https://receipts.brim.example/001596.pdf,,True
TXN-002457,****-****-****-4003,ESSO RETAIL 113,83.08,114.57,USD,1.379,2026-01-27 15:09:00,5541,Service Stations,TXC-003,EMP003,Marcus Webb,Operations,EMP001,5,APPROVED,,,,,,,https://receipts.brim.example/002457.pdf,TRIP-0159,True
TXN-002863,****-****-****-4007,ULTRAMAR 55,100.58,138.7,USD,1.379,2026-01-27 15:10:00,5541,Service Stations,TXC-007,EMP007,Carol White,Finance,EMP004,2,APPROVED,,,,,,,https://receipts.brim.example/002863.pdf,,True
TXN-001047,****-****-****-4008,ROADSIDE GRILL CO,58.18,80.23,USD,1.379,2026-01-27 16:07:00,5814,Fast Food Restaurants,TXC-008,EMP008,Eric Tran,Operations,EMP003,4,APPROVED,,,,,,,https://receipts.brim.example/001047.pdf,,True
TXN-001205,****-****-****-4008,FOUNTAIN TIRE,133.19,183.67,USD,1.379,2026-01-27 16:19:00,7531,Auto Body Repair Shops,TXC-008,EMP008,Eric Tran,Operations,EMP003,4,APPROVED,,,,,,,https://receipts.brim.example/001205.pdf,,True
TXN-004263,****-****-****-4001,BOSTON PIZZA 12,15.24,21.02,USD,1.379,2026-01-27 16:58:00,5814,Fast Food Restaurants,TXC-001,EMP001,Olivia Reyes,Executive,,6,APPROVED,,,,,,,https://receipts.brim.example/004263.pdf,TRIP-0288,True
TXN-003505,****-****-****-4004,PRECISE PARKLINK,20.93,28.86,USD,1.379,2026-01-27 17:19:00,7523,Parking Lots & Garages,TXC-004,EMP004,Alice Chen,Finance,EMP002,4,APPROVED,,,,,,,https://receipts.brim.example/003505.pdf,,True
TXN-003998,****-****-****-4003,MIDAS AUTO 21,216.79,298.95,USD,1.379,2026-01-27 17:43:00,7531,Auto Body Repair Shops,TXC-003,EMP003,Marcus Webb,Operations,EMP001,5,APPROVED,,,,,,,,,True
TXN-002958,****-****-****-4009,HOLIDAY INN EXPRESS,157.15,216.71,USD,1.379,2026-01-27 19:52:00,7011,"Hotels, Motels & Resorts",TXC-009,EMP009,Grace Lee,Operations,EMP008,3,APPROVED,,,,,,,https://receipts.brim.example/002958.pdf,TRIP-0193,True
TXN-001743,****-****-****-4003,STAPLES #112,40.08,55.27,USD,1.379,2026-01-27 20:52:00,5111,Stationery & Office Supplies,TXC-003,EMP003,Marcus Webb,Operations,EMP001,5,APPROVED,,,,,,,https://receipts.brim.example/001743.pdf,,True
TXN-000162,****-****-****-4007,HOLIDAY INN EXPRESS,75.72,104.42,USD,1.379,2026-01-27 21:40:00,7011,"Hotels, Motels & Resorts",TXC-007,EMP007,Carol White,Finance,EMP004,2,APPROVED,,,,,,,https://receipts.brim.example/000162.pdf,TRIP-0007,True
TXN-002960,****-****-****-4009,QUICK FUEL STOP,24.58,33.9,USD,1.379,2026-01-27 22:00:00,5172,Petroleum & Petroleum Products,TXC-009,EMP009,Grace Lee,Operations,EMP008,3,APPROVED,,,,,,,https://receipts.brim.example/002960.pdf,TRIP-0193,True
TXN-002456,****-****-****-4003,ROADSIDE GRILL CO,11.41,15.73,USD,1.379,2026-01-27 23:27:00,5814,Fast Food Restaurants,TXC-003,EMP003,Marcus Webb,Operations,EMP001,5,APPROVED,,,,,,,https://receipts.brim.example/002456.pdf,TRIP-0159,True
TXN-003441,****-****-****-4008,GOOGLE WORKSPACE,427.99,590.2,USD,1.379,2026-01-28 07:35:00,5734,Computer Software Stores,TXC-008,EMP008,Eric Tran,Operations,EMP003,4,APPROVED,,,,,,,https://receipts.brim.example/003441.pdf,,True
TXN-002467,****-****-****-4004,BOSTON PIZZA 12,14.1,19.44,USD,1.379,2026-01-28 08:00:00,5812,Eating Places & Restaurants,TXC-004,EMP004,Alice Chen,Finance,EMP002,4,APPROVED,,,,,,,https://receipts.brim.example/002467.pdf,,True
TXN-002232,****-****-****-4003,WENDYS 7781,31.04,42.8,USD,1.379,2026-01-28 08:27:00,5814,Fast Food Restaurants,TXC-003,EMP003,Marcus Webb,Operations,EMP001,5,APPROVED,,,,,,,https://receipts.brim.example/002232.pdf,,True
TXN-004315,****-****-****-4009,AWS MEMB,61.53,84.85,USD,1.379,2026-01-28 09:02:00,4814,Telecom Services,TXC-009,EMP009,Grace Lee,Operations,EMP008,3,APPROVED,,,,,,,https://receipts.brim.example/004315.pdf,,True
TXN-003662,****-****-****-4008,ESSO RETAIL 113,115.46,159.22,USD,1.379,2026-01-28 10:04:00,5172,Petroleum & Petroleum Products,TXC-008,EMP008,Eric Tran,Operations,EMP003,4,APPROVED,,,,,,,https://receipts.brim.example/003662.pdf,,True
TXN-001537,****-****-****-4004,PILOT TRAVEL 209,91.51,126.19,USD,1.379,2026-01-28 10:10:00,5172,Petroleum & Petroleum Products,TXC-004,EMP004,Alice Chen,Finance,EMP002,4,APPROVED,,,,,,,https://receipts.brim.example/001537.pdf,,True
TXN-001338,****-****-****-4007,FLYING J #771,159.09,219.39,USD,1.379,2026-01-28 11:08:00,5541,Service Stations,TXC-007,EMP007,Carol White,Finance,EMP004,2,APPROVED,,,,,,,https://receipts.brim.example/001338.pdf,,True
TXN-003284,****-****-****-4007,AWS MEMB,49.59,68.38,USD,1.379,2026-01-28 12:40:00,4814,Telecom Services,TXC-007,EMP007,Carol White,Finance,EMP004,2,APPROVED,,,,,,,https://receipts.brim.example/003284.pdf,,True
TXN-001348,****-****-****-4009,SUBWAY 40021,22.99,31.7,USD,1.379,2026-01-28 15:38:00,5814,Fast Food Restaurants,TXC-009,EMP009,Grace Lee,Operations,EMP008,3,APPROVED,,,,,,,https://receipts.brim.example/001348.pdf,TRIP-0091,True
TXN-004229,****-****-****-4004,A&W STORE 551,9.31,12.84,USD,1.379,2026-01-28 16:37:00,5814,Fast Food Restaurants,TXC-004,EMP004,Alice Chen,Finance,EMP002,4,APPROVED,,,,,,,https://receipts.brim.example/004229.pdf,,True
TXN-002687,****-****-****-4009,WENDYS 7781,22.26,30.7,USD,1.379,2026-01-28 17:28:00,5814,Fast Food Restaurants,TXC-009,EMP009,Grace Lee,Operations,EMP008,3,APPROVED,,,,,,,https://receipts.brim.example/002687.pdf,,True
TXN-000163,****-****-****-4007,PILOT TRAVEL 209,45.7,63.02,USD,1.379,2026-01-28 18:37:00,5172,Petroleum & Petroleum Products,TXC-007,EMP007,Carol White,Finance,EMP004,2,APPROVED,,,,,,,https://receipts.brim.example/000163.pdf,TRIP-0007,True
TXN-004196,****-****-****-4002,PETRO-CANADA 8821,144.76,199.62,USD,1.379,2026-01-28 19:32:00,5172,Petroleum & Petroleum Products,TXC-002,EMP002,Priya Nair,Finance,EMP001,5,PENDING,,,,,,,https://receipts.brim.example/004196.pdf,,False
TXN-000165,****-****-****-4007,A&W STORE 551,25.82,35.61,USD,1.379,2026-01-28 21:18:00,5812,Eating Places & Restaurants,TXC-007,EMP007,Carol White,Finance,EMP004,2,APPROVED,,,,,,,https://receipts.brim.example/000165.pdf,TRIP-0007,True
TXN-004004,****-****-****-4008,TIM HORTONS #882,36.68,50.58,USD,1.379,2026-01-28 21:24:00,5814,Fast Food Restaurants,TXC-008,EMP008,Eric Tran,Operations,EMP003,4,APPROVED,,,,,,,https://receipts.brim.example/004004.pdf,,True
TXN-000660,****-****-****-4005,A&W STORE 551,5.99,8.26,USD,1.379,2026-01-29 07:32:00,5814,Fast Food Restaurants,TXC-005,EMP005,Dana Park,Finance,EMP002,3,APPROVED,,,,,,,https://receipts.brim.example/000660.pdf,,True
TXN-001347,****-****-****-4009,ESSO RETAIL 113,38.71,53.38,USD,1.379,2026-01-29 07:50:00,5172,Petroleum & Petroleum Products,TXC-009,EMP009,Grace Lee,Operations,EMP008,3,APPROVED,,,,,,,https://receipts.brim.example/001347.pdf,TRIP-0091,True
TXN-000310,****-****-****-4007,PETRO-CANADA 8821,99.34,136.99,USD,1.379,2026-01-29 09:27:00,5172,Petroleum & Petroleum Products,TXC-007,EMP007,Carol White,Finance,EMP004,2,APPROVED,,,,,,,https://receipts.brim.example/000310.pdf,,True
TXN-004321,****-****-****-4009,WENDYS 7781,74.95,103.36,USD,1.379,2026-01-29 10:06:00,5812,Eating Places & Restaurants,TXC-009,EMP009,Grace Lee,Operations,EMP008,3,APPROVED,,,,,,,https://receipts.brim.example/004321.pdf,,True
TXN-003636,****-****-****-4005,SHELL DT #4421,119.79,165.19,USD,1.379,2026-01-29 10:42:00,5172,Petroleum & Petroleum Products,TXC-005,EMP005,Dana Park,Finance,EMP002,3,APPROVED,,,,,,,https://receipts.brim.example/003636.pdf,,True
TXN-001684,****-****-****-4009,PRECISE PARKLINK,11.27,15.54,USD,1.379,2026-01-29 14:12:00,4131,Bus Lines / Tolls,TXC-009,EMP009,Grace Lee,Operations,EMP008,3,APPROVED,,,,,,,https://receipts.brim.example/001684.pdf,,True
TXN-001554,****-****-****-4003,PETRO-CANADA 8821,133.84,184.57,USD,1.379,2026-01-29 17:07:00,5541,Service Stations,TXC-003,EMP003,Marcus Webb,Operations,EMP001,5,APPROVED,,,,,,,https://receipts.brim.example/001554.pdf,,True
TXN-000102,****-****-****-4003,ESSO RETAIL 113,67.44,93.0,USD,1.379,2026-01-29 17:46:00,5541,Service Stations,TXC-003,EMP003,Marcus Webb,Operations,EMP001,5,APPROVED,,,,,,,https://receipts.brim.example/000102.pdf,,True
TXN-003282,****-****-****-4009,TIM HORTONS #882,25.37,34.99,USD,1.379,2026-01-29 17:47:00,5812,Eating Places & Restaurants,TXC-009,EMP009,Grace Lee,Operations,EMP008,3,APPROVED,,,,,,,https://receipts.brim.example/003282.pdf,,True
TXN-001946,****-****-****-4009,IMPARK LOT 88,16.45,22.68,USD,1.379,2026-01-29 18:03:00,7523,Parking Lots & Garages,TXC-009,EMP009,Grace Lee,Operations,EMP008,3,APPROVED,,,,,,,https://receipts.brim.example/001946.pdf,,True
TXN-002662,****-****-****-4008,QUICK FUEL STOP,59.68,82.3,USD,1.379,2026-01-30 07:19:00,5541,Service Stations,TXC-008,EMP008,Eric Tran,Operations,EMP003,4,APPROVED,,,,,,,https://receipts.brim.example/002662.pdf,,True
TXN-001760,****-****-****-4001,ESSO RETAIL 113,54.84,75.62,USD,1.379,2026-01-30 07:40:00,5172,Petroleum & Petroleum Products,TXC-001,EMP001,Olivia Reyes,Executive,,6,PENDING,,,,,,,https://receipts.brim.example/001760.pdf,,False
TXN-000283,****-****-****-4005,ROGERS WIRELESS,70.18,96.78,USD,1.379,2026-01-30 08:20:00,4814,Telecom Services,TXC-005,EMP005,Dana Park,Finance,EMP002,3,APPROVED,,,,,,,https://receipts.brim.example/000283.pdf,,True
TXN-004277,****-****-****-4009,TIM HORTONS #882,20.06,27.66,USD,1.379,2026-01-30 09:00:00,5812,Eating Places & Restaurants,TXC-009,EMP009,Grace Lee,Operations,EMP008,3,APPROVED,,,,,,,https://receipts.brim.example/004277.pdf,,True
TXN-001930,****-****-****-4004,A&W STORE 551,18.29,25.22,USD,1.379,2026-01-30 09:07:00,5812,Eating Places & Restaurants,TXC-004,EMP004,Alice Chen,Finance,EMP002,4,APPROVED,,,,,,,https://receipts.brim.example/001930.pdf,TRIP-0130,True
TXN-000641,****-****-****-4004,MCDONALDS DT QPS,10.71,14.77,USD,1.379,2026-01-30 10:26:00,5814,Fast Food Restaurants,TXC-004,EMP004,Alice Chen,Finance,EMP002,4,APPROVED,,,,,,,https://receipts.brim.example/000641.pdf,,True
TXN-004183,****-****-****-4008,ULTRAMAR 55,96.21,132.67,USD,1.379,2026-01-30 10:52:00,5541,Service Stations,TXC-008,EMP008,Eric Tran,Operations,EMP003,4,APPROVED,,,,,,,https://receipts.brim.example/004183.pdf,,True
TXN-001565,****-****-****-4002,HOLIDAY INN EXPRESS,102.47,141.31,USD,1.379,2026-01-30 11:00:00,7011,"Hotels, Motels & Resorts",TXC-002,EMP002,Priya Nair,Finance,EMP001,5,APPROVED,,,,,,,https://receipts.brim.example/001565.pdf,,True
TXN-001438,****-****-****-4009,COMFORT INN 442,183.7,253.32,USD,1.379,2026-01-30 12:02:00,7011,"Hotels, Motels & Resorts",TXC-009,EMP009,Grace Lee,Operations,EMP008,3,APPROVED,,,,,,,https://receipts.brim.example/001438.pdf,,True
TXN-000204,****-****-****-4002,SUPER 8 MOTEL,174.44,240.55,USD,1.379,2026-01-30 12:32:00,7011,"Hotels, Motels & Resorts",TXC-002,EMP002,Priya Nair,Finance,EMP001,5,APPROVED,,,,,,,https://receipts.brim.example/000204.pdf,,True
TXN-002703,****-****-****-4009,SHELL DT #4421,223.02,307.54,USD,1.379,2026-01-30 12:37:00,5541,Service Stations,TXC-009,EMP009,Grace Lee,Operations,EMP008,3,APPROVED,,,,,,,https://receipts.brim.example/002703.pdf,,True
TXN-001346,****-****-****-4009,BEST WESTERN 71,142.92,197.09,USD,1.379,2026-01-30 12:43:00,7011,"Hotels, Motels & Resorts",TXC-009,EMP009,Grace Lee,Operations,EMP008,3,APPROVED,,,,,,,https://receipts.brim.example/001346.pdf,TRIP-0091,True
TXN-002782,****-****-****-4009,SHELL DT #4421,129.96,179.21,USD,1.379,2026-01-30 13:13:00,5541,Service Stations,TXC-009,EMP009,Grace Lee,Operations,EMP008,3,APPROVED,,,,,,,https://receipts.brim.example/002782.pdf,,True
TXN-002295,****-****-****-4009,QUICK FUEL STOP,44.36,61.17,USD,1.379,2026-01-30 13:52:00,5172,Petroleum & Petroleum Products,TXC-009,EMP009,Grace Lee,Operations,EMP008,3,APPROVED,,,,,,,https://receipts.brim.example/002295.pdf,,True
TXN-000882,****-****-****-4003,ROADSIDE GRILL CO,20.49,28.26,USD,1.379,2026-01-30 14:15:00,5814,Fast Food Restaurants,TXC-003,EMP003,Marcus Webb,Operations,EMP001,5,APPROVED,,,,,,,https://receipts.brim.example/000882.pdf,,True
TXN-000381,****-****-****-4001,407 ETR TOLL,15.92,21.95,USD,1.379,2026-01-30 15:33:00,4131,Bus Lines / Tolls,TXC-001,EMP001,Olivia Reyes,Executive,,6,APPROVED,,,,,,,https://receipts.brim.example/000381.pdf,,True
TXN-000544,****-****-****-4008,BEST WESTERN 71,167.18,230.54,USD,1.379,2026-01-30 17:11:00,7011,"Hotels, Motels & Resorts",TXC-008,EMP008,Eric Tran,Operations,EMP003,4,APPROVED,,,,,,,https://receipts.brim.example/000544.pdf,,True
TXN-000238,****-****-****-4004,COSTCO WHSE 44,105.68,145.73,USD,1.379,2026-01-30 18:05:00,5045,Computers & Peripherals,TXC-004,EMP004,Alice Chen,Finance,EMP002,4,APPROVED,,,,,,,https://receipts.brim.example/000238.pdf,,True
TXN-000517,****-****-****-4006,SHELL DT #4421,27.25,37.58,USD,1.379,2026-01-30 19:37:00,5172,Petroleum & Petroleum Products,TXC-006,EMP006,Bob Kumar,Finance,EMP004,2,APPROVED,,,,,,,https://receipts.brim.example/000517.pdf,,True
TXN-003033,****-****-****-4007,COSTCO WHSE 44,129.87,179.09,USD,1.379,2026-01-30 20:04:00,5045,Computers & Peripherals,TXC-007,EMP007,Carol White,Finance,EMP004,2,PENDING,,,,,,,https://receipts.brim.example/003033.pdf,,False
TXN-000051,****-****-****-4006,TIM HORTONS #882,515.75,711.22,USD,1.379,2026-01-31 04:00:00,5812,Eating Places & Restaurants,TXC-006,EMP006,Bob Kumar,Finance,EMP004,2,APPROVED,,,,,,,https://receipts.brim.example/000051.pdf,,True
TXN-001007,****-****-****-4003,ULTRAMAR 55,76.55,105.56,USD,1.379,2026-01-31 07:29:00,5541,Service Stations,TXC-003,EMP003,Marcus Webb,Operations,EMP001,5,APPROVED,,,,,,,https://receipts.brim.example/001007.pdf,,True
TXN-003376,****-****-****-4004,ROADSIDE GRILL CO,17.57,24.23,USD,1.379,2026-01-31 08:30:00,5812,Eating Places & Restaurants,TXC-004,EMP004,Alice Chen,Finance,EMP002,4,APPROVED,,,,,,,https://receipts.brim.example/003376.pdf,,True
TXN-003957,****-****-****-4001,WENDYS 7781,37.35,51.51,USD,1.379,2026-01-31 08:40:00,5812,Eating Places & Restaurants,TXC-001,EMP001,Olivia Reyes,Executive,,6,APPROVED,,,,,,,https://receipts.brim.example/003957.pdf,TRIP-0267,True
TXN-002952,****-****-****-4004,DAYS INN 209,157.64,217.39,USD,1.379,2026-01-31 09:48:00,7011,"Hotels, Motels & Resorts",TXC-004,EMP004,Alice Chen,Finance,EMP002,4,PENDING,,,,,,,https://receipts.brim.example/002952.pdf,,False
TXN-000413,****-****-****-4001,BEST WESTERN 71,112.19,154.71,USD,1.379,2026-01-31 10:01:00,7011,"Hotels, Motels & Resorts",TXC-001,EMP001,Olivia Reyes,Executive,,6,PENDING,,,,,,,https://receipts.brim.example/000413.pdf,TRIP-0027,False
TXN-001284,****-****-****-4007,SUPER 8 MOTEL,208.45,287.45,USD,1.379,2026-01-31 10:54:00,7011,"Hotels, Motels & Resorts",TXC-007,EMP007,Carol White,Finance,EMP004,2,APPROVED,,,,,,,https://receipts.brim.example/001284.pdf,,True
TXN-000094,****-****-****-4005,ALPHA CONSULTING GROUP,1470.3,2027.54,USD,1.379,2026-01-31 11:00:00,4814,Telecom Services,TXC-005,EMP005,Dana Park,Finance,EMP002,3,APPROVED,,,,,,,,,True
TXN-003909,****-****-****-4008,KAL TIRE 9,229.35,316.27,USD,1.379,2026-01-31 11:42:00,7538,Automotive Service Shops,TXC-008,EMP008,Eric Tran,Operations,EMP003,4,APPROVED,,,,,,,https://receipts.brim.example/003909.pdf,,True
TXN-002109,****-****-****-4008,SHELL DT #4421,42.74,58.94,USD,1.379,2026-01-31 14:20:00,5172,Petroleum & Petroleum Products,TXC-008,EMP008,Eric Tran,Operations,EMP003,4,APPROVED,,,,,,,https://receipts.brim.example/002109.pdf,,True
TXN-004199,****-****-****-4003,ESSO RETAIL 113,47.92,66.08,USD,1.379,2026-01-31 14:52:00,5541,Service Stations,TXC-003,EMP003,Marcus Webb,Operations,EMP001,5,APPROVED,,,,,,,https://receipts.brim.example/004199.pdf,TRIP-0281,True
TXN-002990,****-****-****-4007,KAL TIRE 9,328.76,453.36,USD,1.379,2026-01-31 16:43:00,7538,Automotive Service Shops,TXC-007,EMP007,Carol White,Finance,EMP004,2,APPROVED,,,,,,,https://receipts.brim.example/002990.pdf,,True
TXN-002098,****-****-****-4004,STAPLES #112,129.3,178.3,USD,1.379,2026-01-31 20:55:00,5111,Stationery & Office Supplies,TXC-004,EMP004,Alice Chen,Finance,EMP002,4,APPROVED,,,,,,,https://receipts.brim.example/002098.pdf,,True
TXN-002757,****-****-****-4002,ROGERS WIRELESS,172.48,237.85,USD,1.379,2026-01-31 21:13:00,5734,Computer Software Stores,TXC-002,EMP002,Priya Nair,Finance,EMP001,5,PENDING,,,,,,,https://receipts.brim.example/002757.pdf,,False
TXN-002088,****-****-****-4008,PILOT TRAVEL 209,85.0,117.22,USD,1.379,2026-02-01 07:27:00,5541,Service Stations,TXC-008,EMP008,Eric Tran,Operations,EMP003,4,APPROVED,,,,,,,https://receipts.brim.example/002088.pdf,,True
TXN-003500,****-****-****-4005,SHELL DT #4421,177.42,244.66,USD,1.379,2026-02-01 07:33:00,5541,Service Stations,TXC-005,EMP005,Dana Park,Finance,EMP002,3,APPROVED,,,,,,,https://receipts.brim.example/003500.pdf,,True
TXN-001376,****-****-****-4003,QUICK FUEL STOP,88.99,122.72,USD,1.379,2026-02-01 09:53:00,5172,Petroleum & Petroleum Products,TXC-003,EMP003,Marcus Webb,Operations,EMP001,5,APPROVED,,,,,,,https://receipts.brim.example/001376.pdf,,True
TXN-004303,****-****-****-4008,MCDONALDS DT QPS,21.95,30.27,USD,1.379,2026-02-01 10:57:00,5814,Fast Food Restaurants,TXC-008,EMP008,Eric Tran,Operations,EMP003,4,APPROVED,,,,,,,https://receipts.brim.example/004303.pdf,,True
TXN-002845,****-****-****-4001,ULTRAMAR 55,41.28,56.93,USD,1.379,2026-02-01 11:03:00,5541,Service Stations,TXC-001,EMP001,Olivia Reyes,Executive,,6,APPROVED,,,,,,,https://receipts.brim.example/002845.pdf,,True
TXN-001929,****-****-****-4004,DAYS INN 209,117.75,162.38,USD,1.379,2026-02-01 11:31:00,7011,"Hotels, Motels & Resorts",TXC-004,EMP004,Alice Chen,Finance,EMP002,4,APPROVED,,,,,,,https://receipts.brim.example/001929.pdf,TRIP-0130,True
TXN-000636,****-****-****-4006,MIDAS AUTO 21,355.71,490.52,USD,1.379,2026-02-01 12:20:00,7538,Automotive Service Shops,TXC-006,EMP006,Bob Kumar,Finance,EMP004,2,APPROVED,,,,,,,https://receipts.brim.example/000636.pdf,,True
TXN-001563,****-****-****-4004,FLYING J #771,51.75,71.36,USD,1.379,2026-02-01 13:24:00,5541,Service Stations,TXC-004,EMP004,Alice Chen,Finance,EMP002,4,APPROVED,,,,,,,https://receipts.brim.example/001563.pdf,,True
TXN-004145,****-****-****-4007,ULTRAMAR 55,224.92,310.16,USD,1.379,2026-02-01 13:28:00,5541,Service Stations,TXC-007,EMP007,Carol White,Finance,EMP004,2,APPROVED,,,,,,,https://receipts.brim.example/004145.pdf,,True
TXN-001576,****-****-****-4009,QUICK FUEL STOP,45.33,62.51,USD,1.379,2026-02-01 13:37:00,5172,Petroleum & Petroleum Products,TXC-009,EMP009,Grace Lee,Operations,EMP008,3,APPROVED,,,,,,,https://receipts.brim.example/001576.pdf,,True
TXN-004082,****-****-****-4008,AWS MEMB,156.78,216.2,USD,1.379,2026-02-01 13:49:00,4814,Telecom Services,TXC-008,EMP008,Eric Tran,Operations,EMP003,4,APPROVED,,,,,,,https://receipts.brim.example/004082.pdf,,True
TXN-002397,****-****-****-4002,TIM HORTONS #882,12.45,17.17,USD,1.379,2026-02-01 13:50:00,5812,Eating Places & Restaurants,TXC-002,EMP002,Priya Nair,Finance,EMP001,5,APPROVED,,,,,,,https://receipts.brim.example/002397.pdf,,True
TXN-004198,****-****-****-4003,DAYS INN 209,168.77,232.73,USD,1.379,2026-02-01 13:56:00,7011,"Hotels, Motels & Resorts",TXC-003,EMP003,Marcus Webb,Operations,EMP001,5,APPROVED,,,,,,,https://receipts.brim.example/004198.pdf,TRIP-0281,True
TXN-001506,****-****-****-4002,PETRO-CANADA 8821,74.28,102.43,USD,1.379,2026-02-01 14:29:00,5541,Service Stations,TXC-002,EMP002,Priya Nair,Finance,EMP001,5,APPROVED,,,,,,,,,True
TXN-001381,****-****-****-4007,CANADIAN TIRE 445,231.52,319.27,USD,1.379,2026-02-01 15:40:00,7538,Automotive Service Shops,TXC-007,EMP007,Carol White,Finance,EMP004,2,APPROVED,,,,,,,https://receipts.brim.example/001381.pdf,,True
TXN-004067,****-****-****-4003,PILOT TRAVEL 209,173.44,239.17,USD,1.379,2026-02-01 16:56:00,5172,Petroleum & Petroleum Products,TXC-003,EMP003,Marcus Webb,Operations,EMP001,5,APPROVED,,,,,,,https://receipts.brim.example/004067.pdf,,True
TXN-001264,****-****-****-4008,FLYING J #771,50.47,69.6,USD,1.379,2026-02-01 17:02:00,5172,Petroleum & Petroleum Products,TXC-008,EMP008,Eric Tran,Operations,EMP003,4,APPROVED,,,,,,,,,True
TXN-004200,****-****-****-4003,ESSO RETAIL 113,60.48,83.4,USD,1.379,2026-02-01 17:38:00,5541,Service Stations,TXC-003,EMP003,Marcus Webb,Operations,EMP001,5,APPROVED,,,,,,,https://receipts.brim.example/004200.pdf,TRIP-0281,True
TXN-001752,****-****-****-4002,COMFORT INN 442,155.72,214.74,USD,1.379,2026-02-01 17:49:00,7011,"Hotels, Motels & Resorts",TXC-002,EMP002,Priya Nair,Finance,EMP001,5,APPROVED,,,,,,,https://receipts.brim.example/001752.pdf,,True
TXN-003723,****-****-****-4004,SHELL DT #4421,30.13,41.55,USD,1.379,2026-02-01 18:17:00,5541,Service Stations,TXC-004,EMP004,Alice Chen,Finance,EMP002,4,APPROVED,,,,,,,https://receipts.brim.example/003723.pdf,,True
TXN-001239,****-****-****-4009,MIDAS AUTO 21,378.94,522.56,USD,1.379,2026-02-01 18:34:00,7538,Automotive Service Shops,TXC-009,EMP009,Grace Lee,Operations,EMP008,3,APPROVED,,,,,,,https://receipts.brim.example/001239.pdf,,True
TXN-002838,****-****-****-4008,FOUNTAIN TIRE,174.26,240.3,USD,1.379,2026-02-01 20:00:00,7531,Auto Body Repair Shops,TXC-008,EMP008,Eric Tran,Operations,EMP003,4,APPROVED,,,,,,,https://receipts.brim.example/002838.pdf,,True
TXN-003450,****-****-****-4003,DAYS INN 209,151.66,209.14,USD,1.379,2026-02-01 20:37:00,7011,"Hotels, Motels & Resorts",TXC-003,EMP003,Marcus Webb,Operations,EMP001,5,APPROVED,,,,,,,https://receipts.brim.example/003450.pdf,,True
TXN-000229,****-****-****-4002,MCDONALDS DT QPS,31.15,42.96,USD,1.379,2026-02-02 01:31:00,5814,Fast Food Restaurants,TXC-002,EMP002,Priya Nair,Finance,EMP001,5,APPROVED,,,,,,,https://receipts.brim.example/000229.pdf,TRIP-0012,True
TXN-000606,****-****-****-4008,ULTRAMAR 55,57.11,78.75,USD,1.379,2026-02-02 07:35:00,5172,Petroleum & Petroleum Products,TXC-008,EMP008,Eric Tran,Operations,EMP003,4,APPROVED,,,,,,,https://receipts.brim.example/000606.pdf,,True
TXN-000663,****-****-****-4007,AMAZON MKTPLACE,61.31,84.55,USD,1.379,2026-02-02 07:37:00,5943,Stationery & Writing Supplies,TXC-007,EMP007,Carol White,Finance,EMP004,2,APPROVED,,,,,,,https://receipts.brim.example/000663.pdf,,True
TXN-000414,****-****-****-4001,SHELL DT #4421,55.56,76.62,USD,1.379,2026-02-02 11:14:00,5172,Petroleum & Petroleum Products,TXC-001,EMP001,Olivia Reyes,Executive,,6,APPROVED,,,,,,,https://receipts.brim.example/000414.pdf,TRIP-0027,True
TXN-003821,****-****-****-4009,PILOT TRAVEL 209,152.52,210.33,USD,1.379,2026-02-02 11:28:00,5172,Petroleum & Petroleum Products,TXC-009,EMP009,Grace Lee,Operations,EMP008,3,APPROVED,,,,,,,https://receipts.brim.example/003821.pdf,,True
TXN-001476,****-****-****-4002,WENDYS 7781,46.04,63.49,USD,1.379,2026-02-02 11:40:00,5812,Eating Places & Restaurants,TXC-002,EMP002,Priya Nair,Finance,EMP001,5,APPROVED,,,,,,,https://receipts.brim.example/001476.pdf,TRIP-0101,True
TXN-003956,****-****-****-4001,COMFORT INN 442,128.53,177.24,USD,1.379,2026-02-02 11:57:00,7011,"Hotels, Motels & Resorts",TXC-001,EMP001,Olivia Reyes,Executive,,6,APPROVED,,,,,,,https://receipts.brim.example/003956.pdf,TRIP-0267,True
TXN-004029,****-****-****-4008,STAPLES #112,33.2,45.78,USD,1.379,2026-02-02 14:03:00,5943,Stationery & Writing Supplies,TXC-008,EMP008,Eric Tran,Operations,EMP003,4,APPROVED,,,,,,,https://receipts.brim.example/004029.pdf,,True
TXN-004015,****-****-****-4007,BEST WESTERN 71,73.72,101.66,USD,1.379,2026-02-02 14:07:00,7011,"Hotels, Motels & Resorts",TXC-007,EMP007,Carol White,Finance,EMP004,2,APPROVED,,,,,,,https://receipts.brim.example/004015.pdf,,True
TXN-002127,****-****-****-4001,ESSO RETAIL 113,62.03,85.54,USD,1.379,2026-02-02 15:08:00,5541,Service Stations,TXC-001,EMP001,Olivia Reyes,Executive,,6,APPROVED,,,,,,,https://receipts.brim.example/002127.pdf,,True
TXN-001514,****-****-****-4007,BEST BUY 112,96.51,133.09,USD,1.379,2026-02-02 16:02:00,5300,Wholesale Clubs,TXC-007,EMP007,Carol White,Finance,EMP004,2,APPROVED,,,,,,,https://receipts.brim.example/001514.pdf,,True
TXN-000474,****-****-****-4008,ULTRAMAR 55,67.93,93.68,USD,1.379,2026-02-02 16:38:00,5541,Service Stations,TXC-008,EMP008,Eric Tran,Operations,EMP003,4,APPROVED,,,,,,,https://receipts.brim.example/000474.pdf,,True
TXN-002511,****-****-****-4009,SUBWAY 40021,32.69,45.08,USD,1.379,2026-02-02 18:54:00,5812,Eating Places & Restaurants,TXC-009,EMP009,Grace Lee,Operations,EMP008,3,APPROVED,,,,,,,https://receipts.brim.example/002511.pdf,,True
TXN-003110,****-****-****-4002,SHELL DT #4421,91.47,126.14,USD,1.379,2026-02-02 19:18:00,5172,Petroleum & Petroleum Products,TXC-002,EMP002,Priya Nair,Finance,EMP001,5,PENDING,,,,,,,https://receipts.brim.example/003110.pdf,,False
TXN-002895,****-****-****-4008,ESSO RETAIL 113,16.86,23.25,USD,1.379,2026-02-02 20:11:00,5172,Petroleum & Petroleum Products,TXC-008,EMP008,Eric Tran,Operations,EMP003,4,APPROVED,,,,,,,https://receipts.brim.example/002895.pdf,,True
TXN-002862,****-****-****-4008,QUICK FUEL STOP,87.15,120.18,USD,1.379,2026-02-02 20:18:00,5172,Petroleum & Petroleum Products,TXC-008,EMP008,Eric Tran,Operations,EMP003,4,APPROVED,,,,,,,https://receipts.brim.example/002862.pdf,,True
TXN-000227,****-****-****-4002,SUPER 8 MOTEL,168.48,232.33,USD,1.379,2026-02-02 21:32:00,7011,"Hotels, Motels & Resorts",TXC-002,EMP002,Priya Nair,Finance,EMP001,5,APPROVED,,,,,,,https://receipts.brim.example/000227.pdf,TRIP-0012,True
TXN-003474,****-****-****-4001,PILOT TRAVEL 209,63.91,88.13,USD,1.379,2026-02-03 07:23:00,5172,Petroleum & Petroleum Products,TXC-001,EMP001,Olivia Reyes,Executive,,6,APPROVED,,,,,,,https://receipts.brim.example/003474.pdf,,True
TXN-001474,****-****-****-4002,SUPER 8 MOTEL,352.47,486.06,USD,1.379,2026-02-03 07:28:00,7011,"Hotels, Motels & Resorts",TXC-002,EMP002,Priya Nair,Finance,EMP001,5,APPROVED,,,,,,,https://receipts.brim.example/001474.pdf,TRIP-0101,True
TXN-002793,****-****-****-4007,407 ETR TOLL,14.09,19.43,USD,1.379,2026-02-03 07:58:00,7523,Parking Lots & Garages,TXC-007,EMP007,Carol White,Finance,EMP004,2,APPROVED,,,,,,,https://receipts.brim.example/002793.pdf,,True
TXN-004163,****-****-****-4009,BOSTON PIZZA 12,12.92,17.82,USD,1.379,2026-02-03 07:59:00,5814,Fast Food Restaurants,TXC-009,EMP009,Grace Lee,Operations,EMP008,3,APPROVED,,,,,,,https://receipts.brim.example/004163.pdf,,True
TXN-001945,****-****-****-4008,FLYING J #771,59.47,82.01,USD,1.379,2026-02-03 08:03:00,5541,Service Stations,TXC-008,EMP008,Eric Tran,Operations,EMP003,4,APPROVED,,,,,,,https://receipts.brim.example/001945.pdf,,True
TXN-003429,****-****-****-4002,PILOT TRAVEL 209,101.11,139.43,USD,1.379,2026-02-03 08:06:00,5172,Petroleum & Petroleum Products,TXC-002,EMP002,Priya Nair,Finance,EMP001,5,APPROVED,,,,,,,https://receipts.brim.example/003429.pdf,,True
TXN-003379,****-****-****-4009,SHELL DT #4421,41.54,57.28,USD,1.379,2026-02-03 10:58:00,5172,Petroleum & Petroleum Products,TXC-009,EMP009,Grace Lee,Operations,EMP008,3,APPROVED,,,,,,,https://receipts.brim.example/003379.pdf,,True
TXN-000475,****-****-****-4007,ULTRAMAR 55,75.48,104.09,USD,1.379,2026-02-03 11:14:00,5172,Petroleum & Petroleum Products,TXC-007,EMP007,Carol White,Finance,EMP004,2,APPROVED,,,,,,,https://receipts.brim.example/000475.pdf,,True
TXN-001664,****-****-****-4002,BEST WESTERN 71,196.61,271.13,USD,1.379,2026-02-03 13:21:00,7011,"Hotels, Motels & Resorts",TXC-002,EMP002,Priya Nair,Finance,EMP001,5,APPROVED,,,,,,,https://receipts.brim.example/001664.pdf,,True
TXN-003958,****-****-****-4001,QUICK FUEL STOP,121.31,167.29,USD,1.379,2026-02-03 14:56:00,5541,Service Stations,TXC-001,EMP001,Olivia Reyes,Executive,,6,APPROVED,,,,,,,,TRIP-0267,True
TXN-004172,****-****-****-4008,SUPER 8 MOTEL,135.65,187.06,USD,1.379,2026-02-03 15:21:00,7011,"Hotels, Motels & Resorts",TXC-008,EMP008,Eric Tran,Operations,EMP003,4,APPROVED,,,,,,,https://receipts.brim.example/004172.pdf,,True
TXN-004295,****-****-****-4002,TIM HORTONS #882,17.93,24.73,USD,1.379,2026-02-03 16:21:00,5814,Fast Food Restaurants,TXC-002,EMP002,Priya Nair,Finance,EMP001,5,APPROVED,,,,,,,https://receipts.brim.example/004295.pdf,,True
TXN-002043,****-****-****-4003,SUBWAY 40021,16.35,22.55,USD,1.379,2026-02-03 17:02:00,5814,Fast Food Restaurants,TXC-003,EMP003,Marcus Webb,Operations,EMP001,5,APPROVED,,,,,,,https://receipts.brim.example/002043.pdf,,True
TXN-003247,****-****-****-4004,SUPER 8 MOTEL,147.78,203.79,USD,1.379,2026-02-03 18:11:00,7011,"Hotels, Motels & Resorts",TXC-004,EMP004,Alice Chen,Finance,EMP002,4,APPROVED,,,,,,,https://receipts.brim.example/003247.pdf,TRIP-0214,True
TXN-000228,****-****-****-4002,A&W STORE 551,30.35,41.85,USD,1.379,2026-02-03 18:44:00,5814,Fast Food Restaurants,TXC-002,EMP002,Priya Nair,Finance,EMP001,5,APPROVED,,,,,,,https://receipts.brim.example/000228.pdf,TRIP-0012,True
TXN-000707,****-****-****-4007,GOOGLE WORKSPACE,91.48,126.15,USD,1.379,2026-02-03 20:19:00,5734,Computer Software Stores,TXC-007,EMP007,Carol White,Finance,EMP004,2,APPROVED,,,,,,,,,True
TXN-002548,****-****-****-4007,ESSO RETAIL 113,38.25,52.75,USD,1.379,2026-02-03 21:03:00,5541,Service Stations,TXC-007,EMP007,Carol White,Finance,EMP004,2,APPROVED,,,,,,,https://receipts.brim.example/002548.pdf,,True
TXN-003890,****-****-****-4007,PRECISE PARKLINK,10.8,14.89,USD,1.379,2026-02-03 21:18:00,7523,Parking Lots & Garages,TXC-007,EMP007,Carol White,Finance,EMP004,2,APPROVED,,,,,,,https://receipts.brim.example/003890.pdf,,True
TXN-003466,****-****-****-4007,ESSO RETAIL 113,78.2,107.84,USD,1.379,2026-02-04 07:00:00,5541,Service Stations,TXC-007,EMP007,Carol White,Finance,EMP004,2,APPROVED,,,,,,,https://receipts.brim.example/003466.pdf,,True
TXN-001475,****-****-****-4002,PILOT TRAVEL 209,81.02,111.73,USD,1.379,2026-02-04 07:45:00,5541,Service Stations,TXC-002,EMP002,Priya Nair,Finance,EMP001,5,APPROVED,,,,,,,https://receipts.brim.example/001475.pdf,TRIP-0101,True
TXN-000470,****-****-****-4004,BEST WESTERN 71,217.59,300.06,USD,1.379,2026-02-04 08:35:00,7011,"Hotels, Motels & Resorts",TXC-004,EMP004,Alice Chen,Finance,EMP002,4,APPROVED,,,,,,,https://receipts.brim.example/000470.pdf,,True
TXN-004129,****-****-****-4003,CANADIAN TIRE 445,259.59,357.97,USD,1.379,2026-02-04 08:37:00,7538,Automotive Service Shops,TXC-003,EMP003,Marcus Webb,Operations,EMP001,5,APPROVED,,,,,,,https://receipts.brim.example/004129.pdf,,True
TXN-001266,****-****-****-4009,STAPLES #112,198.75,274.08,USD,1.379,2026-02-04 10:35:00,5943,Stationery & Writing Supplies,TXC-009,EMP009,Grace Lee,Operations,EMP008,3,APPROVED,,,,,,,https://receipts.brim.example/001266.pdf,,True
TXN-003521,****-****-****-4002,ROADSIDE GRILL CO,10.88,15.0,USD,1.379,2026-02-04 10:53:00,5814,Fast Food Restaurants,TXC-002,EMP002,Priya Nair,Finance,EMP001,5,APPROVED,,,,,,,https://receipts.brim.example/003521.pdf,,True
TXN-003180,****-****-****-4007,MIDAS AUTO 21,414.08,571.02,USD,1.379,2026-02-04 12:22:00,7538,Automotive Service Shops,TXC-007,EMP007,Carol White,Finance,EMP004,2,APPROVED,,,,,,,https://receipts.brim.example/003180.pdf,,True
TXN-001223,****-****-****-4009,SHELL DT #4421,29.24,40.32,USD,1.379,2026-02-04 12:37:00,5541,Service Stations,TXC-009,EMP009,Grace Lee,Operations,EMP008,3,APPROVED,,,,,,,https://receipts.brim.example/001223.pdf,,True
TXN-002689,****-****-****-4001,COSTCO WHSE 44,167.23,230.61,USD,1.379,2026-02-04 12:48:00,5045,Computers & Peripherals,TXC-001,EMP001,Olivia Reyes,Executive,,6,APPROVED,,,,,,,https://receipts.brim.example/002689.pdf,,True
TXN-000052,****-****-****-4006,MCDONALDS DT QPS,540.0,744.66,USD,1.379,2026-02-04 13:00:00,5814,Fast Food Restaurants,TXC-006,EMP006,Bob Kumar,Finance,EMP004,2,APPROVED,,,,,,,https://receipts.brim.example/000052.pdf,,True
TXN-001965,****-****-****-4004,FLYING J #771,42.17,58.15,USD,1.379,2026-02-04 13:13:00,5172,Petroleum & Petroleum Products,TXC-004,EMP004,Alice Chen,Finance,EMP002,4,APPROVED,,,,,,,https://receipts.brim.example/001965.pdf,TRIP-0131,True
TXN-000418,****-****-****-4009,ULTRAMAR 55,28.81,39.73,USD,1.379,2026-02-04 14:09:00,5541,Service Stations,TXC-009,EMP009,Grace Lee,Operations,EMP008,3,APPROVED,,,,,,,https://receipts.brim.example/000418.pdf,,True
TXN-000996,****-****-****-4007,SHELL DT #4421,66.37,91.52,USD,1.379,2026-02-04 14:21:00,5541,Service Stations,TXC-007,EMP007,Carol White,Finance,EMP004,2,APPROVED,,,,,,,https://receipts.brim.example/000996.pdf,,True
TXN-001269,****-****-****-4007,COSTCO WHSE 44,375.4,517.68,USD,1.379,2026-02-04 14:35:00,5300,Wholesale Clubs,TXC-007,EMP007,Carol White,Finance,EMP004,2,APPROVED,,,,,,,https://receipts.brim.example/001269.pdf,,True
TXN-002178,****-****-****-4003,PETRO-CANADA 8821,84.92,117.1,USD,1.379,2026-02-04 15:17:00,5541,Service Stations,TXC-003,EMP003,Marcus Webb,Operations,EMP001,5,PENDING,,,,,,,https://receipts.brim.example/002178.pdf,,False
TXN-001964,****-****-****-4004,COMFORT INN 442,158.35,218.36,USD,1.379,2026-02-04 15:23:00,7011,"Hotels, Motels & Resorts",TXC-004,EMP004,Alice Chen,Finance,EMP002,4,APPROVED,,,,,,,https://receipts.brim.example/001964.pdf,TRIP-0131,True
TXN-000148,****-****-****-4008,BEST BUY 112,189.72,261.62,USD,1.379,2026-02-04 15:54:00,5045,Computers & Peripherals,TXC-008,EMP008,Eric Tran,Operations,EMP003,4,APPROVED,,,,,,,https://receipts.brim.example/000148.pdf,,True
TXN-001854,****-****-****-4009,WENDYS 7781,12.95,17.86,USD,1.379,2026-02-04 17:02:00,5814,Fast Food Restaurants,TXC-009,EMP009,Grace Lee,Operations,EMP008,3,APPROVED,,,,,,,https://receipts.brim.example/001854.pdf,,True
TXN-000519,****-****-****-4009,IMPARK LOT 88,27.33,37.69,USD,1.379,2026-02-04 17:41:00,7523,Parking Lots & Garages,TXC-009,EMP009,Grace Lee,Operations,EMP008,3,APPROVED,,,,,,,https://receipts.brim.example/000519.pdf,,True
TXN-002487,****-****-****-4009,TIM HORTONS #882,51.39,70.87,USD,1.379,2026-02-04 17:57:00,5814,Fast Food Restaurants,TXC-009,EMP009,Grace Lee,Operations,EMP008,3,APPROVED,,,,,,,,,True
TXN-002282,****-****-****-4001,SUPER 8 MOTEL,119.55,164.86,USD,1.379,2026-02-04 18:20:00,7011,"Hotels, Motels & Resorts",TXC-001,EMP001,Olivia Reyes,Executive,,6,APPROVED,,,,,,,https://receipts.brim.example/002282.pdf,TRIP-0153,True
TXN-003453,****-****-****-4007,SHELL DT #4421,199.66,275.33,USD,1.379,2026-02-04 18:55:00,5541,Service Stations,TXC-007,EMP007,Carol White,Finance,EMP004,2,PENDING,,,,,,,https://receipts.brim.example/003453.pdf,,False
TXN-001660,****-****-****-4003,BEST BUY 112,70.5,97.22,USD,1.379,2026-02-04 19:19:00,5045,Computers & Peripherals,TXC-003,EMP003,Marcus Webb,Operations,EMP001,5,PENDING,,,,,,,https://receipts.brim.example/001660.pdf,,False
TXN-003625,****-****-****-4004,PILOT TRAVEL 209,56.75,78.26,USD,1.379,2026-02-04 20:30:00,5541,Service Stations,TXC-004,EMP004,Alice Chen,Finance,EMP002,4,APPROVED,,,,,,,https://receipts.brim.example/003625.pdf,,True
TXN-003893,****-****-****-4002,SHELL DT #4421,216.72,298.86,USD,1.379,2026-02-04 20:35:00,5172,Petroleum & Petroleum Products,TXC-002,EMP002,Priya Nair,Finance,EMP001,5,APPROVED,,,,,,,https://receipts.brim.example/003893.pdf,,True
TXN-000610,****-****-****-4003,407 ETR TOLL,20.23,27.9,USD,1.379,2026-02-04 20:47:00,4131,Bus Lines / Tolls,TXC-003,EMP003,Marcus Webb,Operations,EMP001,5,APPROVED,,,,,,,https://receipts.brim.example/000610.pdf,,True
TXN-003263,****-****-****-4005,MCDONALDS DT QPS,64.02,88.28,USD,1.379,2026-02-04 21:17:00,5814,Fast Food Restaurants,TXC-005,EMP005,Dana Park,Finance,EMP002,3,APPROVED,,,,,,,https://receipts.brim.example/003263.pdf,,True
TXN-003725,****-****-****-4003,PETRO-CANADA 8821,20.8,28.68,USD,1.379,2026-02-05 08:27:00,5541,Service Stations,TXC-003,EMP003,Marcus Webb,Operations,EMP001,5,APPROVED,,,,,,,https://receipts.brim.example/003725.pdf,,True
TXN-000959,****-****-****-4009,BOSTON PIZZA 12,21.79,30.05,USD,1.379,2026-02-05 08:33:00,5814,Fast Food Restaurants,TXC-009,EMP009,Grace Lee,Operations,EMP008,3,APPROVED,,,,,,,https://receipts.brim.example/000959.pdf,,True
TXN-000554,****-****-****-4008,PETRO-CANADA 8821,61.93,85.4,USD,1.379,2026-02-05 11:07:00,5172,Petroleum & Petroleum Products,TXC-008,EMP008,Eric Tran,Operations,EMP003,4,APPROVED,,,,,,,https://receipts.brim.example/000554.pdf,,True
TXN-003248,****-****-****-4004,PILOT TRAVEL 209,50.99,70.32,USD,1.379,2026-02-05 13:14:00,5541,Service Stations,TXC-004,EMP004,Alice Chen,Finance,EMP002,4,APPROVED,,,,,,,https://receipts.brim.example/003248.pdf,TRIP-0214,True
TXN-002283,****-****-****-4001,PETRO-CANADA 8821,82.37,113.59,USD,1.379,2026-02-05 13:43:00,5172,Petroleum & Petroleum Products,TXC-001,EMP001,Olivia Reyes,Executive,,6,APPROVED,,,,,,,https://receipts.brim.example/002283.pdf,TRIP-0153,True
TXN-003132,****-****-****-4007,TIM HORTONS #882,60.37,83.25,USD,1.379,2026-02-05 14:23:00,5814,Fast Food Restaurants,TXC-007,EMP007,Carol White,Finance,EMP004,2,APPROVED,,,,,,,https://receipts.brim.example/003132.pdf,,True
TXN-000568,****-****-****-4004,BEST BUY 112,184.08,253.85,USD,1.379,2026-02-05 14:37:00,5300,Wholesale Clubs,TXC-004,EMP004,Alice Chen,Finance,EMP002,4,APPROVED,,,,,,,https://receipts.brim.example/000568.pdf,,True
TXN-002476,****-****-****-4008,IMPARK LOT 88,6.74,9.29,USD,1.379,2026-02-05 15:08:00,4131,Bus Lines / Tolls,TXC-008,EMP008,Eric Tran,Operations,EMP003,4,APPROVED,,,,,,,https://receipts.brim.example/002476.pdf,,True
TXN-002572,****-****-****-4009,ESSO RETAIL 113,99.7,137.49,USD,1.379,2026-02-05 16:07:00,5541,Service Stations,TXC-009,EMP009,Grace Lee,Operations,EMP008,3,PENDING,,,,,,,https://receipts.brim.example/002572.pdf,,False
TXN-001287,****-****-****-4008,HOLIDAY INN EXPRESS,154.57,213.15,USD,1.379,2026-02-05 17:02:00,7011,"Hotels, Motels & Resorts",TXC-008,EMP008,Eric Tran,Operations,EMP003,4,APPROVED,,,,,,,https://receipts.brim.example/001287.pdf,TRIP-0087,True
TXN-002767,****-****-****-4007,ROADSIDE GRILL CO,19.98,27.55,USD,1.379,2026-02-05 19:09:00,5812,Eating Places & Restaurants,TXC-007,EMP007,Carol White,Finance,EMP004,2,APPROVED,,,,,,,https://receipts.brim.example/002767.pdf,,True
TXN-003032,****-****-****-4002,MCDONALDS DT QPS,29.35,40.47,USD,1.379,2026-02-05 19:30:00,5814,Fast Food Restaurants,TXC-002,EMP002,Priya Nair,Finance,EMP001,5,APPROVED,,,,,,,https://receipts.brim.example/003032.pdf,TRIP-0197,True
TXN-003065,****-****-****-4009,PETRO-CANADA 8821,36.38,50.17,USD,1.379,2026-02-05 19:54:00,5541,Service Stations,TXC-009,EMP009,Grace Lee,Operations,EMP008,3,APPROVED,,,,,,,https://receipts.brim.example/003065.pdf,,True
TXN-002284,****-****-****-4001,SHELL DT #4421,88.86,122.54,USD,1.379,2026-02-05 20:18:00,5172,Petroleum & Petroleum Products,TXC-001,EMP001,Olivia Reyes,Executive,,6,APPROVED,,,,,,,,TRIP-0153,True
TXN-003778,****-****-****-4007,PILOT TRAVEL 209,85.21,117.5,USD,1.379,2026-02-05 20:29:00,5172,Petroleum & Petroleum Products,TXC-007,EMP007,Carol White,Finance,EMP004,2,APPROVED,,,,,,,https://receipts.brim.example/003778.pdf,,True
TXN-000654,****-****-****-4001,COSTCO WHSE 44,108.82,150.06,USD,1.379,2026-02-05 21:28:00,5300,Wholesale Clubs,TXC-001,EMP001,Olivia Reyes,Executive,,6,APPROVED,,,,,,,https://receipts.brim.example/000654.pdf,,True
TXN-003249,****-****-****-4004,WENDYS 7781,17.39,23.98,USD,1.379,2026-02-05 22:57:00,5812,Eating Places & Restaurants,TXC-004,EMP004,Alice Chen,Finance,EMP002,4,APPROVED,,,,,,,https://receipts.brim.example/003249.pdf,TRIP-0214,True
TXN-001733,****-****-****-4009,PETRO-CANADA 8821,57.99,79.97,USD,1.379,2026-02-06 08:14:00,5541,Service Stations,TXC-009,EMP009,Grace Lee,Operations,EMP008,3,APPROVED,,,,,,,https://receipts.brim.example/001733.pdf,,True
TXN-004167,****-****-****-4004,A&W STORE 551,42.54,58.66,USD,1.379,2026-02-06 08:41:00,5814,Fast Food Restaurants,TXC-004,EMP004,Alice Chen,Finance,EMP002,4,APPROVED,,,,,,,https://receipts.brim.example/004167.pdf,,True
TXN-003424,****-****-****-4008,FLYING J #771,56.28,77.61,USD,1.379,2026-02-06 11:05:00,5541,Service Stations,TXC-008,EMP008,Eric Tran,Operations,EMP003,4,APPROVED,,,,,,,https://receipts.brim.example/003424.pdf,,True
TXN-000350,****-****-****-4004,SHELL DT #4421,75.73,104.43,USD,1.379,2026-02-06 11:09:00,5541,Service Stations,TXC-004,EMP004,Alice Chen,Finance,EMP002,4,APPROVED,,,,,,,https://receipts.brim.example/000350.pdf,,True
TXN-002055,****-****-****-4003,CANADIAN TIRE 445,58.14,80.18,USD,1.379,2026-02-06 16:14:00,7538,Automotive Service Shops,TXC-003,EMP003,Marcus Webb,Operations,EMP001,5,PENDING,,,,,,,https://receipts.brim.example/002055.pdf,,False
TXN-000095,****-****-****-4005,ALPHA CONSULTING GROUP,1100.75,1517.93,USD,1.379,2026-02-06 17:00:00,4814,Telecom Services,TXC-005,EMP005,Dana Park,Finance,EMP002,3,APPROVED,,,,,,,https://receipts.brim.example/000095.pdf,,True
TXN-001289,****-****-****-4008,BOSTON PIZZA 12,27.1,37.37,USD,1.379,2026-02-06 17:00:00,5812,Eating Places & Restaurants,TXC-008,EMP008,Eric Tran,Operations,EMP003,4,APPROVED,,,,,,,https://receipts.brim.example/001289.pdf,TRIP-0087,True
TXN-002554,****-****-****-4008,ULTRAMAR 55,62.37,86.01,USD,1.379,2026-02-06 17:35:00,5172,Petroleum & Petroleum Products,TXC-008,EMP008,Eric Tran,Operations,EMP003,4,APPROVED,,,,,,,,,True
TXN-002297,****-****-****-4009,QUICK FUEL STOP,25.47,35.12,USD,1.379,2026-02-06 17:42:00,5541,Service Stations,TXC-009,EMP009,Grace Lee,Operations,EMP008,3,APPROVED,,,,,,,https://receipts.brim.example/002297.pdf,,True
TXN-003663,****-****-****-4009,COSTCO WHSE 44,122.25,168.58,USD,1.379,2026-02-06 19:16:00,5045,Computers & Peripherals,TXC-009,EMP009,Grace Lee,Operations,EMP008,3,PENDING,,,,,,,,,False
TXN-003030,****-****-****-4002,COMFORT INN 442,131.0,180.65,USD,1.379,2026-02-06 19:33:00,7011,"Hotels, Motels & Resorts",TXC-002,EMP002,Priya Nair,Finance,EMP001,5,APPROVED,,,,,,,https://receipts.brim.example/003030.pdf,TRIP-0197,True
TXN-001072,****-****-****-4009,SHELL DT #4421,153.59,211.8,USD,1.379,2026-02-06 20:54:00,5172,Petroleum & Petroleum Products,TXC-009,EMP009,Grace Lee,Operations,EMP008,3,APPROVED,,,,,,,https://receipts.brim.example/001072.pdf,,True
TXN-001262,****-****-****-4001,HOME DEPOT 88,408.54,563.38,USD,1.379,2026-02-06 21:14:00,5045,Computers & Peripherals,TXC-001,EMP001,Olivia Reyes,Executive,,6,APPROVED,,,,,,,https://receipts.brim.example/001262.pdf,,True
TXN-001807,****-****-****-4001,MCDONALDS DT QPS,20.95,28.89,USD,1.379,2026-02-07 06:38:00,5814,Fast Food Restaurants,TXC-001,EMP001,Olivia Reyes,Executive,,6,APPROVED,,,,,,,https://receipts.brim.example/001807.pdf,TRIP-0120,True
TXN-001806,****-****-****-4001,MCDONALDS DT QPS,24.1,33.23,USD,1.379,2026-02-07 06:45:00,5812,Eating Places & Restaurants,TXC-001,EMP001,Olivia Reyes,Executive,,6,APPROVED,,,,,,,https://receipts.brim.example/001806.pdf,TRIP-0120,True
TXN-001783,****-****-****-4009,GRAND & TOY 5,3.78,5.21,USD,1.379,2026-02-07 07:47:00,5111,Stationery & Office Supplies,TXC-009,EMP009,Grace Lee,Operations,EMP008,3,APPROVED,,,,,,,https://receipts.brim.example/001783.pdf,,True
TXN-000956,****-****-****-4002,HOLIDAY INN EXPRESS,91.67,126.41,USD,1.379,2026-02-07 08:10:00,7011,"Hotels, Motels & Resorts",TXC-002,EMP002,Priya Nair,Finance,EMP001,5,APPROVED,,,,,,,https://receipts.brim.example/000956.pdf,,True
TXN-001288,****-****-****-4008,SUBWAY 40021,17.93,24.73,USD,1.379,2026-02-07 12:25:00,5814,Fast Food Restaurants,TXC-008,EMP008,Eric Tran,Operations,EMP003,4,APPROVED,,,,,,,https://receipts.brim.example/001288.pdf,TRIP-0087,True
TXN-000964,****-****-****-4008,ULTRAMAR 55,90.73,125.12,USD,1.379,2026-02-07 13:48:00,5541,Service Stations,TXC-008,EMP008,Eric Tran,Operations,EMP003,4,APPROVED,,,,,,,,,True
TXN-003903,****-****-****-4008,PILOT TRAVEL 209,19.24,26.53,USD,1.379,2026-02-07 21:50:00,5541,Service Stations,TXC-008,EMP008,Eric Tran,Operations,EMP003,4,APPROVED,,,,,,,https://receipts.brim.example/003903.pdf,,True
TXN-002250,****-****-****-4008,QUICK FUEL STOP,52.18,71.96,USD,1.379,2026-02-07 22:03:00,5172,Petroleum & Petroleum Products,TXC-008,EMP008,Eric Tran,Operations,EMP003,4,APPROVED,,,,,,,https://receipts.brim.example/002250.pdf,TRIP-0151,True
TXN-002251,****-****-****-4008,ESSO RETAIL 113,84.94,117.13,USD,1.379,2026-02-07 22:49:00,5541,Service Stations,TXC-008,EMP008,Eric Tran,Operations,EMP003,4,APPROVED,,,,,,,https://receipts.brim.example/002251.pdf,TRIP-0151,True
TXN-001312,****-****-****-4008,TIM HORTONS #882,20.71,28.56,USD,1.379,2026-02-08 07:10:00,5812,Eating Places & Restaurants,TXC-008,EMP008,Eric Tran,Operations,EMP003,4,APPROVED,,,,,,,https://receipts.brim.example/001312.pdf,,True
TXN-002243,****-****-****-4007,STAPLES #112,84.96,117.16,USD,1.379,2026-02-08 07:12:00,5943,Stationery & Writing Supplies,TXC-007,EMP007,Carol White,Finance,EMP004,2,APPROVED,,,,,,,https://receipts.brim.example/002243.pdf,,True
TXN-002004,****-****-****-4009,407 ETR TOLL,13.64,18.81,USD,1.379,2026-02-08 07:44:00,4131,Bus Lines / Tolls,TXC-009,EMP009,Grace Lee,Operations,EMP008,3,APPROVED,,,,,,,https://receipts.brim.example/002004.pdf,,True
TXN-002480,****-****-****-4001,ULTRAMAR 55,25.97,35.81,USD,1.379,2026-02-08 08:08:00,5172,Petroleum & Petroleum Products,TXC-001,EMP001,Olivia Reyes,Executive,,6,APPROVED,,,,,,,https://receipts.brim.example/002480.pdf,,True
TXN-000995,****-****-****-4007,QUICK FUEL STOP,52.24,72.04,USD,1.379,2026-02-08 10:34:00,5172,Petroleum & Petroleum Products,TXC-007,EMP007,Carol White,Finance,EMP004,2,APPROVED,,,,,,,,,True
TXN-001095,****-****-****-4008,PILOT TRAVEL 209,78.8,108.67,USD,1.379,2026-02-08 10:44:00,5541,Service Stations,TXC-008,EMP008,Eric Tran,Operations,EMP003,4,APPROVED,,,,,,,,,True
TXN-002329,****-****-****-4009,IMPARK LOT 88,15.69,21.64,USD,1.379,2026-02-08 11:45:00,7523,Parking Lots & Garages,TXC-009,EMP009,Grace Lee,Operations,EMP008,3,APPROVED,,,,,,,https://receipts.brim.example/002329.pdf,,True
TXN-003762,****-****-****-4009,ULTRAMAR 55,52.37,72.22,USD,1.379,2026-02-08 12:27:00,5541,Service Stations,TXC-009,EMP009,Grace Lee,Operations,EMP008,3,APPROVED,,,,,,,https://receipts.brim.example/003762.pdf,,True
TXN-002620,****-****-****-4003,BOSTON PIZZA 12,22.7,31.3,USD,1.379,2026-02-08 13:26:00,5814,Fast Food Restaurants,TXC-003,EMP003,Marcus Webb,Operations,EMP001,5,APPROVED,,,,,,,https://receipts.brim.example/002620.pdf,,True
TXN-003742,****-****-****-4009,BOSTON PIZZA 12,20.21,27.87,USD,1.379,2026-02-08 13:57:00,5812,Eating Places & Restaurants,TXC-009,EMP009,Grace Lee,Operations,EMP008,3,APPROVED,,,,,,,https://receipts.brim.example/003742.pdf,TRIP-0244,True
TXN-004241,****-****-****-4008,QUICK FUEL STOP,73.23,100.98,USD,1.379,2026-02-08 14:17:00,5172,Petroleum & Petroleum Products,TXC-008,EMP008,Eric Tran,Operations,EMP003,4,APPROVED,,,,,,,https://receipts.brim.example/004241.pdf,,True
TXN-001055,****-****-****-4009,SHELL DT #4421,58.01,80.0,USD,1.379,2026-02-08 14:24:00,5541,Service Stations,TXC-009,EMP009,Grace Lee,Operations,EMP008,3,APPROVED,,,,,,,https://receipts.brim.example/001055.pdf,,True
TXN-002260,****-****-****-4008,QUICK FUEL STOP,98.78,136.22,USD,1.379,2026-02-08 14:44:00,5541,Service Stations,TXC-008,EMP008,Eric Tran,Operations,EMP003,4,APPROVED,,,,,,,https://receipts.brim.example/002260.pdf,,True
TXN-000836,****-****-****-4002,QUICK FUEL STOP,18.05,24.89,USD,1.379,2026-02-08 15:40:00,5172,Petroleum & Petroleum Products,TXC-002,EMP002,Priya Nair,Finance,EMP001,5,APPROVED,,,,,,,https://receipts.brim.example/000836.pdf,,True
TXN-002521,****-****-****-4003,SUPER 8 MOTEL,98.5,135.83,USD,1.379,2026-02-08 16:30:00,7011,"Hotels, Motels & Resorts",TXC-003,EMP003,Marcus Webb,Operations,EMP001,5,APPROVED,,,,,,,https://receipts.brim.example/002521.pdf,,True
TXN-003715,****-****-****-4002,QUICK FUEL STOP,32.33,44.58,USD,1.379,2026-02-08 17:07:00,5172,Petroleum & Petroleum Products,TXC-002,EMP002,Priya Nair,Finance,EMP001,5,APPROVED,,,,,,,https://receipts.brim.example/003715.pdf,,True
TXN-000850,****-****-****-4009,QUICK FUEL STOP,43.16,59.52,USD,1.379,2026-02-08 17:18:00,5172,Petroleum & Petroleum Products,TXC-009,EMP009,Grace Lee,Operations,EMP008,3,APPROVED,,,,,,,https://receipts.brim.example/000850.pdf,,True
TXN-003493,****-****-****-4009,407 ETR TOLL,16.07,22.16,USD,1.379,2026-02-08 18:09:00,7523,Parking Lots & Garages,TXC-009,EMP009,Grace Lee,Operations,EMP008,3,APPROVED,,,,,,,https://receipts.brim.example/003493.pdf,,True
TXN-001300,****-****-****-4003,BOSTON PIZZA 12,15.38,21.21,USD,1.379,2026-02-08 19:17:00,5812,Eating Places & Restaurants,TXC-003,EMP003,Marcus Webb,Operations,EMP001,5,APPROVED,,,,,,,https://receipts.brim.example/001300.pdf,,True
TXN-000053,****-****-****-4006,SHELL DT #4421,525.8,725.08,USD,1.379,2026-02-08 20:00:00,5541,Service Stations,TXC-006,EMP006,Bob Kumar,Finance,EMP004,2,APPROVED,,,,,,,https://receipts.brim.example/000053.pdf,,True
TXN-003010,****-****-****-4003,FLYING J #771,60.78,83.82,USD,1.379,2026-02-08 21:04:00,5172,Petroleum & Petroleum Products,TXC-003,EMP003,Marcus Webb,Operations,EMP001,5,APPROVED,,,,,,,https://receipts.brim.example/003010.pdf,,True
TXN-003669,****-****-****-4002,STAPLES #112,99.22,136.82,USD,1.379,2026-02-08 21:25:00,5943,Stationery & Writing Supplies,TXC-002,EMP002,Priya Nair,Finance,EMP001,5,APPROVED,,,,,,,,,True
TXN-003031,****-****-****-4002,WENDYS 7781,32.35,44.61,USD,1.379,2026-02-08 22:08:00,5814,Fast Food Restaurants,TXC-002,EMP002,Priya Nair,Finance,EMP001,5,APPROVED,,,,,,,https://receipts.brim.example/003031.pdf,TRIP-0197,True
TXN-002252,****-****-****-4008,PILOT TRAVEL 209,45.25,62.4,USD,1.379,2026-02-09 01:38:00,5172,Petroleum & Petroleum Products,TXC-008,EMP008,Eric Tran,Operations,EMP003,4,APPROVED,,,,,,,https://receipts.brim.example/002252.pdf,TRIP-0151,True
TXN-003102,****-****-****-4008,PETRO-CANADA 8821,20.98,28.93,USD,1.379,2026-02-09 07:03:00,5541,Service Stations,TXC-008,EMP008,Eric Tran,Operations,EMP003,4,APPROVED,,,,,,,https://receipts.brim.example/003102.pdf,,True
TXN-001030,****-****-****-4003,PETRO-CANADA 8821,36.74,50.66,USD,1.379,2026-02-09 07:35:00,5541,Service Stations,TXC-003,EMP003,Marcus Webb,Operations,EMP001,5,APPROVED,,,,,,,https://receipts.brim.example/001030.pdf,,True
TXN-003541,****-****-****-4006,PILOT TRAVEL 209,59.93,82.64,USD,1.379,2026-02-09 07:46:00,5541,Service Stations,TXC-006,EMP006,Bob Kumar,Finance,EMP004,2,APPROVED,,,,,,,https://receipts.brim.example/003541.pdf,,True
TXN-002335,****-****-****-4008,CANADIAN TIRE 445,316.85,436.94,USD,1.379,2026-02-09 07:52:00,7538,Automotive Service Shops,TXC-008,EMP008,Eric Tran,Operations,EMP003,4,PENDING,,,,,,,https://receipts.brim.example/002335.pdf,,False
TXN-001480,****-****-****-4004,ULTRAMAR 55,74.98,103.4,USD,1.379,2026-02-09 08:36:00,5172,Petroleum & Petroleum Products,TXC-004,EMP004,Alice Chen,Finance,EMP002,4,PENDING,,,,,,,https://receipts.brim.example/001480.pdf,,False
TXN-001652,****-****-****-4003,SHELL DT #4421,18.8,25.93,USD,1.379,2026-02-09 09:30:00,5172,Petroleum & Petroleum Products,TXC-003,EMP003,Marcus Webb,Operations,EMP001,5,APPROVED,,,,,,,https://receipts.brim.example/001652.pdf,,True
TXN-001555,****-****-****-4009,SUBWAY 40021,24.3,33.51,USD,1.379,2026-02-09 09:31:00,5814,Fast Food Restaurants,TXC-009,EMP009,Grace Lee,Operations,EMP008,3,APPROVED,,,,,,,https://receipts.brim.example/001555.pdf,,True
TXN-004279,****-****-****-4009,MIDAS AUTO 21,89.28,123.12,USD,1.379,2026-02-09 10:20:00,7538,Automotive Service Shops,TXC-009,EMP009,Grace Lee,Operations,EMP008,3,APPROVED,,,,,,,https://receipts.brim.example/004279.pdf,,True
TXN-001805,****-****-****-4001,HOLIDAY INN EXPRESS,186.58,257.29,USD,1.379,2026-02-09 10:49:00,7011,"Hotels, Motels & Resorts",TXC-001,EMP001,Olivia Reyes,Executive,,6,APPROVED,,,,,,,https://receipts.brim.example/001805.pdf,TRIP-0120,True
TXN-000129,****-****-****-4004,DAYS INN 209,76.17,105.04,USD,1.379,2026-02-09 11:00:00,7011,"Hotels, Motels & Resorts",TXC-004,EMP004,Alice Chen,Finance,EMP002,4,APPROVED,,,,,,,,TRIP-0005,True
TXN-001362,****-****-****-4004,FLYING J #771,44.15,60.88,USD,1.379,2026-02-09 11:50:00,5172,Petroleum & Petroleum Products,TXC-004,EMP004,Alice Chen,Finance,EMP002,4,APPROVED,,,,,,,https://receipts.brim.example/001362.pdf,,True
TXN-001755,****-****-****-4008,QUICK FUEL STOP,186.8,257.6,USD,1.379,2026-02-09 11:59:00,5172,Petroleum & Petroleum Products,TXC-008,EMP008,Eric Tran,Operations,EMP003,4,APPROVED,,,,,,,https://receipts.brim.example/001755.pdf,,True
TXN-001982,****-****-****-4009,407 ETR TOLL,39.32,54.22,USD,1.379,2026-02-09 13:53:00,7523,Parking Lots & Garages,TXC-009,EMP009,Grace Lee,Operations,EMP008,3,APPROVED,,,,,,,https://receipts.brim.example/001982.pdf,,True
TXN-001614,****-****-****-4007,STAPLES #112,53.34,73.56,USD,1.379,2026-02-09 14:03:00,5943,Stationery & Writing Supplies,TXC-007,EMP007,Carol White,Finance,EMP004,2,APPROVED,,,,,,,https://receipts.brim.example/001614.pdf,,True
TXN-002988,****-****-****-4009,PRECISE PARKLINK,26.65,36.75,USD,1.379,2026-02-09 14:37:00,7523,Parking Lots & Garages,TXC-009,EMP009,Grace Lee,Operations,EMP008,3,APPROVED,,,,,,,https://receipts.brim.example/002988.pdf,,True
TXN-002649,****-****-****-4004,WENDYS 7781,44.46,61.31,USD,1.379,2026-02-09 14:44:00,5814,Fast Food Restaurants,TXC-004,EMP004,Alice Chen,Finance,EMP002,4,APPROVED,,,,,,,https://receipts.brim.example/002649.pdf,,True
TXN-001961,****-****-****-4006,ULTRAMAR 55,71.06,97.99,USD,1.379,2026-02-09 16:05:00,5541,Service Stations,TXC-006,EMP006,Bob Kumar,Finance,EMP004,2,APPROVED,,,,,,,https://receipts.brim.example/001961.pdf,,True
TXN-003144,****-****-****-4009,ULTRAMAR 55,56.84,78.38,USD,1.379,2026-02-09 16:08:00,5172,Petroleum & Petroleum Products,TXC-009,EMP009,Grace Lee,Operations,EMP008,3,PENDING,,,,,,,https://receipts.brim.example/003144.pdf,TRIP-0205,False
TXN-000502,****-****-****-4004,PETRO-CANADA 8821,58.74,81.0,USD,1.379,2026-02-09 18:04:00,5541,Service Stations,TXC-004,EMP004,Alice Chen,Finance,EMP002,4,PENDING,,,,,,,https://receipts.brim.example/000502.pdf,,False
TXN-002947,****-****-****-4001,HOLIDAY INN EXPRESS,239.0,329.58,USD,1.379,2026-02-09 18:21:00,7011,"Hotels, Motels & Resorts",TXC-001,EMP001,Olivia Reyes,Executive,,6,PENDING,,,,,,,https://receipts.brim.example/002947.pdf,,False
TXN-002562,****-****-****-4007,A&W STORE 551,53.01,73.1,USD,1.379,2026-02-09 18:35:00,5814,Fast Food Restaurants,TXC-007,EMP007,Carol White,Finance,EMP004,2,APPROVED,,,,,,,https://receipts.brim.example/002562.pdf,,True
TXN-004302,****-****-****-4007,FLYING J #771,47.34,65.28,USD,1.379,2026-02-09 19:39:00,5172,Petroleum & Petroleum Products,TXC-007,EMP007,Carol White,Finance,EMP004,2,APPROVED,,,,,,,https://receipts.brim.example/004302.pdf,,True
TXN-000870,****-****-****-4008,ESSO RETAIL 113,72.89,100.52,USD,1.379,2026-02-09 19:51:00,5172,Petroleum & Petroleum Products,TXC-008,EMP008,Eric Tran,Operations,EMP003,4,APPROVED,,,,,,,https://receipts.brim.example/000870.pdf,,True
TXN-003093,****-****-****-4004,407 ETR TOLL,8.24,11.36,USD,1.379,2026-02-09 20:03:00,7523,Parking Lots & Garages,TXC-004,EMP004,Alice Chen,Finance,EMP002,4,APPROVED,,,,,,,https://receipts.brim.example/003093.pdf,,True
TXN-002146,****-****-****-4006,ROADSIDE GRILL CO,22.67,31.26,USD,1.379,2026-02-09 20:53:00,5814,Fast Food Restaurants,TXC-006,EMP006,Bob Kumar,Finance,EMP004,2,APPROVED,,,,,,,https://receipts.brim.example/002146.pdf,,True
TXN-002249,****-****-****-4008,SUPER 8 MOTEL,492.76,679.52,USD,1.379,2026-02-09 21:21:00,7011,"Hotels, Motels & Resorts",TXC-008,EMP008,Eric Tran,Operations,EMP003,4,APPROVED,,,,,,,https://receipts.brim.example/002249.pdf,TRIP-0151,True
TXN-004127,****-****-****-4001,DAYS INN 209,130.29,179.67,USD,1.379,2026-02-09 21:51:00,7011,"Hotels, Motels & Resorts",TXC-001,EMP001,Olivia Reyes,Executive,,6,PENDING,,,,,,,https://receipts.brim.example/004127.pdf,TRIP-0278,False
TXN-000994,****-****-****-4007,BOSTON PIZZA 12,33.48,46.17,USD,1.379,2026-02-09 21:57:00,5812,Eating Places & Restaurants,TXC-007,EMP007,Carol White,Finance,EMP004,2,APPROVED,,,,,,,https://receipts.brim.example/000994.pdf,,True
TXN-001238,****-****-****-4008,ESSO RETAIL 113,126.82,174.88,USD,1.379,2026-02-10 07:28:00,5172,Petroleum & Petroleum Products,TXC-008,EMP008,Eric Tran,Operations,EMP003,4,APPROVED,,,,,,,https://receipts.brim.example/001238.pdf,,True
TXN-003791,****-****-****-4001,SUBWAY 40021,29.66,40.9,USD,1.379,2026-02-10 07:29:00,5814,Fast Food Restaurants,TXC-001,EMP001,Olivia Reyes,Executive,,6,APPROVED,,,,,,,https://receipts.brim.example/003791.pdf,,True
TXN-003527,****-****-****-4007,CANADIAN TIRE 445,265.11,365.59,USD,1.379,2026-02-10 09:32:00,7531,Auto Body Repair Shops,TXC-007,EMP007,Carol White,Finance,EMP004,2,APPROVED,,,,,,,https://receipts.brim.example/003527.pdf,,True
TXN-002797,****-****-****-4004,SUPER 8 MOTEL,241.2,332.61,USD,1.379,2026-02-10 10:04:00,7011,"Hotels, Motels & Resorts",TXC-004,EMP004,Alice Chen,Finance,EMP002,4,APPROVED,,,,,,,https://receipts.brim.example/002797.pdf,,True
TXN-000977,****-****-****-4008,SHELL DT #4421,31.15,42.96,USD,1.379,2026-02-10 11:09:00,5541,Service Stations,TXC-008,EMP008,Eric Tran,Operations,EMP003,4,APPROVED,,,,,,,https://receipts.brim.example/000977.pdf,,True
TXN-003741,****-****-****-4009,COMFORT INN 442,49.55,68.33,USD,1.379,2026-02-10 11:19:00,7011,"Hotels, Motels & Resorts",TXC-009,EMP009,Grace Lee,Operations,EMP008,3,APPROVED,,,,,,,https://receipts.brim.example/003741.pdf,TRIP-0244,True
TXN-002314,****-****-****-4004,ROADSIDE GRILL CO,67.8,93.5,USD,1.379,2026-02-10 11:24:00,5814,Fast Food Restaurants,TXC-004,EMP004,Alice Chen,Finance,EMP002,4,APPROVED,,,,,,,,,True
TXN-003143,****-****-****-4009,HOLIDAY INN EXPRESS,113.09,155.95,USD,1.379,2026-02-10 12:21:00,7011,"Hotels, Motels & Resorts",TXC-009,EMP009,Grace Lee,Operations,EMP008,3,PENDING,,,,,,,https://receipts.brim.example/003143.pdf,TRIP-0205,False
TXN-000497,****-****-****-4003,AMAZON MKTPLACE,96.41,132.95,USD,1.379,2026-02-10 17:02:00,5111,Stationery & Office Supplies,TXC-003,EMP003,Marcus Webb,Operations,EMP001,5,APPROVED,,,,,,,https://receipts.brim.example/000497.pdf,,True
TXN-002760,****-****-****-4001,A&W STORE 551,42.39,58.46,USD,1.379,2026-02-10 19:25:00,5812,Eating Places & Restaurants,TXC-001,EMP001,Olivia Reyes,Executive,,6,APPROVED,,,,,,,https://receipts.brim.example/002760.pdf,,True
TXN-001753,****-****-****-4009,SHELL DT #4421,32.24,44.46,USD,1.379,2026-02-10 19:40:00,5541,Service Stations,TXC-009,EMP009,Grace Lee,Operations,EMP008,3,APPROVED,,,,,,,https://receipts.brim.example/001753.pdf,,True
TXN-003763,****-****-****-4007,ROGERS WIRELESS,211.28,291.36,USD,1.379,2026-02-10 21:37:00,4814,Telecom Services,TXC-007,EMP007,Carol White,Finance,EMP004,2,APPROVED,,,,,,,https://receipts.brim.example/003763.pdf,,True
TXN-000130,****-****-****-4004,BOSTON PIZZA 12,18.92,26.09,USD,1.379,2026-02-11 07:14:00,5812,Eating Places & Restaurants,TXC-004,EMP004,Alice Chen,Finance,EMP002,4,APPROVED,,,,,,,https://receipts.brim.example/000130.pdf,TRIP-0005,True
TXN-003552,****-****-****-4007,QUICK FUEL STOP,57.34,79.07,USD,1.379,2026-02-11 07:37:00,5172,Petroleum & Petroleum Products,TXC-007,EMP007,Carol White,Finance,EMP004,2,APPROVED,,,,,,,https://receipts.brim.example/003552.pdf,,True
TXN-002415,****-****-****-4009,ULTRAMAR 55,69.47,95.8,USD,1.379,2026-02-11 08:26:00,5541,Service Stations,TXC-009,EMP009,Grace Lee,Operations,EMP008,3,APPROVED,,,,,,,https://receipts.brim.example/002415.pdf,,True
TXN-003454,****-****-****-4008,ESSO RETAIL 113,42.73,58.92,USD,1.379,2026-02-11 10:21:00,5541,Service Stations,TXC-008,EMP008,Eric Tran,Operations,EMP003,4,APPROVED,,,,,,,https://receipts.brim.example/003454.pdf,,True
TXN-001069,****-****-****-4009,PILOT TRAVEL 209,36.14,49.84,USD,1.379,2026-02-11 10:26:00,5541,Service Stations,TXC-009,EMP009,Grace Lee,Operations,EMP008,3,APPROVED,,,,,,,https://receipts.brim.example/001069.pdf,,True
TXN-001213,****-****-****-4008,PETRO-CANADA 8821,135.59,186.98,USD,1.379,2026-02-11 10:57:00,5541,Service Stations,TXC-008,EMP008,Eric Tran,Operations,EMP003,4,PENDING,,,,,,,https://receipts.brim.example/001213.pdf,,False
TXN-000152,****-****-****-4003,TIM HORTONS #882,37.37,51.53,USD,1.379,2026-02-11 11:06:00,5814,Fast Food Restaurants,TXC-003,EMP003,Marcus Webb,Operations,EMP001,5,APPROVED,,,,,,,https://receipts.brim.example/000152.pdf,,True
TXN-000730,****-****-****-4002,QUICK FUEL STOP,58.63,80.85,USD,1.379,2026-02-11 12:51:00,5541,Service Stations,TXC-002,EMP002,Priya Nair,Finance,EMP001,5,APPROVED,,,,,,,https://receipts.brim.example/000730.pdf,,True
TXN-003641,****-****-****-4008,PETRO-CANADA 8821,180.74,249.24,USD,1.379,2026-02-11 15:26:00,5172,Petroleum & Petroleum Products,TXC-008,EMP008,Eric Tran,Operations,EMP003,4,APPROVED,,,,,,,https://receipts.brim.example/003641.pdf,,True
TXN-002609,****-****-****-4003,PETRO-CANADA 8821,76.12,104.97,USD,1.379,2026-02-11 15:30:00,5541,Service Stations,TXC-003,EMP003,Marcus Webb,Operations,EMP001,5,APPROVED,,,,,,,https://receipts.brim.example/002609.pdf,,True
TXN-001957,****-****-****-4009,ULTRAMAR 55,55.42,76.42,USD,1.379,2026-02-11 16:09:00,5541,Service Stations,TXC-009,EMP009,Grace Lee,Operations,EMP008,3,PENDING,,,,,,,https://receipts.brim.example/001957.pdf,,False
TXN-003074,****-****-****-4002,FLYING J #771,18.32,25.26,USD,1.379,2026-02-11 17:49:00,5172,Petroleum & Petroleum Products,TXC-002,EMP002,Priya Nair,Finance,EMP001,5,APPROVED,,,,,,,https://receipts.brim.example/003074.pdf,,True
TXN-000220,****-****-****-4003,PETRO-CANADA 8821,43.1,59.43,USD,1.379,2026-02-11 18:11:00,5541,Service Stations,TXC-003,EMP003,Marcus Webb,Operations,EMP001,5,APPROVED,,,,,,,https://receipts.brim.example/000220.pdf,,True
TXN-004097,****-****-****-4007,ESSO RETAIL 113,41.18,56.79,USD,1.379,2026-02-11 19:06:00,5541,Service Stations,TXC-007,EMP007,Carol White,Finance,EMP004,2,APPROVED,,,,,,,https://receipts.brim.example/004097.pdf,,True
TXN-004128,****-****-****-4001,PETRO-CANADA 8821,77.35,106.67,USD,1.379,2026-02-11 19:29:00,5541,Service Stations,TXC-001,EMP001,Olivia Reyes,Executive,,6,APPROVED,,,,,,,https://receipts.brim.example/004128.pdf,TRIP-0278,True
TXN-002540,****-****-****-4007,ESSO RETAIL 113,56.71,78.2,USD,1.379,2026-02-11 20:37:00,5541,Service Stations,TXC-007,EMP007,Carol White,Finance,EMP004,2,APPROVED,,,,,,,https://receipts.brim.example/002540.pdf,,True
TXN-002046,****-****-****-4008,SUBWAY 40021,5.52,7.61,USD,1.379,2026-02-12 00:28:00,5812,Eating Places & Restaurants,TXC-008,EMP008,Eric Tran,Operations,EMP003,4,APPROVED,,,,,,,https://receipts.brim.example/002046.pdf,TRIP-0139,True
TXN-000787,****-****-****-4004,QUICK FUEL STOP,64.46,88.89,USD,1.379,2026-02-12 07:32:00,5172,Petroleum & Petroleum Products,TXC-004,EMP004,Alice Chen,Finance,EMP002,4,APPROVED,,,,,,,https://receipts.brim.example/000787.pdf,,True
TXN-003667,****-****-****-4006,ESSO RETAIL 113,53.12,73.25,USD,1.379,2026-02-12 09:29:00,5172,Petroleum & Petroleum Products,TXC-006,EMP006,Bob Kumar,Finance,EMP004,2,APPROVED,,,,,,,https://receipts.brim.example/003667.pdf,,True
TXN-003145,****-****-****-4009,ULTRAMAR 55,56.49,77.9,USD,1.379,2026-02-12 13:34:00,5541,Service Stations,TXC-009,EMP009,Grace Lee,Operations,EMP008,3,APPROVED,,,,,,,,TRIP-0205,True
TXN-003630,****-****-****-4009,ULTRAMAR 55,36.73,50.65,USD,1.379,2026-02-12 14:04:00,5172,Petroleum & Petroleum Products,TXC-009,EMP009,Grace Lee,Operations,EMP008,3,APPROVED,,,,,,,https://receipts.brim.example/003630.pdf,,True
TXN-004030,****-****-****-4009,GOOGLE WORKSPACE,60.09,82.86,USD,1.379,2026-02-12 14:47:00,4814,Telecom Services,TXC-009,EMP009,Grace Lee,Operations,EMP008,3,APPROVED,,,,,,,https://receipts.brim.example/004030.pdf,,True
TXN-004044,****-****-****-4009,QUICK FUEL STOP,23.12,31.88,USD,1.379,2026-02-12 15:19:00,5172,Petroleum & Petroleum Products,TXC-009,EMP009,Grace Lee,Operations,EMP008,3,APPROVED,,,,,,,https://receipts.brim.example/004044.pdf,,True
TXN-003743,****-****-****-4009,FLYING J #771,268.14,369.77,USD,1.379,2026-02-12 15:27:00,5172,Petroleum & Petroleum Products,TXC-009,EMP009,Grace Lee,Operations,EMP008,3,APPROVED,,,,,,,https://receipts.brim.example/003743.pdf,TRIP-0244,True
TXN-002290,****-****-****-4004,SHELL DT #4421,43.88,60.51,USD,1.379,2026-02-12 16:01:00,5541,Service Stations,TXC-004,EMP004,Alice Chen,Finance,EMP002,4,APPROVED,,,,,,,https://receipts.brim.example/002290.pdf,,True
TXN-002083,****-****-****-4002,MCDONALDS DT QPS,28.09,38.74,USD,1.379,2026-02-12 17:44:00,5814,Fast Food Restaurants,TXC-002,EMP002,Priya Nair,Finance,EMP001,5,APPROVED,,,,,,,https://receipts.brim.example/002083.pdf,,True
TXN-000096,****-****-****-4005,ALPHA CONSULTING GROUP,1320.4,1820.83,USD,1.379,2026-02-12 18:00:00,4814,Telecom Services,TXC-005,EMP005,Dana Park,Finance,EMP002,3,APPROVED,,,,,,,https://receipts.brim.example/000096.pdf,,True
TXN-000155,****-****-****-4008,ESSO RETAIL 113,28.61,39.45,USD,1.379,2026-02-12 18:46:00,5541,Service Stations,TXC-008,EMP008,Eric Tran,Operations,EMP003,4,APPROVED,,,,,,,https://receipts.brim.example/000155.pdf,,True
TXN-003051,****-****-****-4002,QUICK FUEL STOP,105.27,145.17,USD,1.379,2026-02-12 18:52:00,5172,Petroleum & Petroleum Products,TXC-002,EMP002,Priya Nair,Finance,EMP001,5,PENDING,,,,,,,https://receipts.brim.example/003051.pdf,,False
TXN-003682,****-****-****-4008,WENDYS 7781,34.78,47.96,USD,1.379,2026-02-12 18:58:00,5812,Eating Places & Restaurants,TXC-008,EMP008,Eric Tran,Operations,EMP003,4,APPROVED,,,,,,,https://receipts.brim.example/003682.pdf,,True
TXN-002349,****-****-****-4003,PETRO-CANADA 8821,40.99,56.53,USD,1.379,2026-02-12 20:46:00,5172,Petroleum & Petroleum Products,TXC-003,EMP003,Marcus Webb,Operations,EMP001,5,APPROVED,,,,,,,https://receipts.brim.example/002349.pdf,,True
TXN-002045,****-****-****-4008,SUPER 8 MOTEL,245.92,339.12,USD,1.379,2026-02-12 20:47:00,7011,"Hotels, Motels & Resorts",TXC-008,EMP008,Eric Tran,Operations,EMP003,4,APPROVED,,,,,,,https://receipts.brim.example/002045.pdf,TRIP-0139,True
TXN-000054,****-****-****-4006,STAPLES #112,560.1,772.38,USD,1.379,2026-02-13 08:00:00,5111,Stationery & Office Supplies,TXC-006,EMP006,Bob Kumar,Finance,EMP004,2,APPROVED,,,,,,,https://receipts.brim.example/000054.pdf,,True
TXN-003403,****-****-****-4009,AMAZON MKTPLACE,25.63,35.34,USD,1.379,2026-02-13 08:30:00,5111,Stationery & Office Supplies,TXC-009,EMP009,Grace Lee,Operations,EMP008,3,APPROVED,,,,,,,https://receipts.brim.example/003403.pdf,,True
TXN-000301,****-****-****-4002,GOOGLE WORKSPACE,42.04,57.97,USD,1.379,2026-02-13 09:18:00,4814,Telecom Services,TXC-002,EMP002,Priya Nair,Finance,EMP001,5,APPROVED,,,,,,,https://receipts.brim.example/000301.pdf,,True
TXN-003836,****-****-****-4003,SUBWAY 40021,24.45,33.72,USD,1.379,2026-02-13 09:43:00,5814,Fast Food Restaurants,TXC-003,EMP003,Marcus Webb,Operations,EMP001,5,APPROVED,,,,,,,https://receipts.brim.example/003836.pdf,,True
TXN-000537,****-****-****-4008,STAPLES #112,42.57,58.7,USD,1.379,2026-02-13 10:58:00,5111,Stationery & Office Supplies,TXC-008,EMP008,Eric Tran,Operations,EMP003,4,APPROVED,,,,,,,https://receipts.brim.example/000537.pdf,,True
TXN-001169,****-****-****-4004,HOME DEPOT 88,127.48,175.79,USD,1.379,2026-02-13 12:03:00,5300,Wholesale Clubs,TXC-004,EMP004,Alice Chen,Finance,EMP002,4,APPROVED,,,,,,,https://receipts.brim.example/001169.pdf,,True
TXN-003432,****-****-****-4007,ESSO RETAIL 113,87.31,120.4,USD,1.379,2026-02-13 12:09:00,5172,Petroleum & Petroleum Products,TXC-007,EMP007,Carol White,Finance,EMP004,2,APPROVED,,,,,,,https://receipts.brim.example/003432.pdf,,True
TXN-001951,****-****-****-4009,PILOT TRAVEL 209,23.01,31.73,USD,1.379,2026-02-13 12:26:00,5541,Service Stations,TXC-009,EMP009,Grace Lee,Operations,EMP008,3,APPROVED,,,,,,,https://receipts.brim.example/001951.pdf,,True
TXN-003002,****-****-****-4004,FLYING J #771,50.77,70.01,USD,1.379,2026-02-13 13:06:00,5172,Petroleum & Petroleum Products,TXC-004,EMP004,Alice Chen,Finance,EMP002,4,APPROVED,,,,,,,https://receipts.brim.example/003002.pdf,,True
TXN-000536,****-****-****-4007,PETRO-CANADA 8821,137.82,190.05,USD,1.379,2026-02-13 13:30:00,5172,Petroleum & Petroleum Products,TXC-007,EMP007,Carol White,Finance,EMP004,2,APPROVED,,,,,,,https://receipts.brim.example/000536.pdf,,True
TXN-000205,****-****-****-4002,HOLIDAY INN EXPRESS,284.1,391.77,USD,1.379,2026-02-13 16:24:00,7011,"Hotels, Motels & Resorts",TXC-002,EMP002,Priya Nair,Finance,EMP001,5,APPROVED,,,,,,,https://receipts.brim.example/000205.pdf,TRIP-0009,True
TXN-002655,****-****-****-4008,BEST WESTERN 71,70.63,97.4,USD,1.379,2026-02-13 16:50:00,7011,"Hotels, Motels & Resorts",TXC-008,EMP008,Eric Tran,Operations,EMP003,4,APPROVED,,,,,,,https://receipts.brim.example/002655.pdf,,True
TXN-000231,****-****-****-4004,QUICK FUEL STOP,32.12,44.29,USD,1.379,2026-02-13 17:32:00,5541,Service Stations,TXC-004,EMP004,Alice Chen,Finance,EMP002,4,APPROVED,,,,,,,https://receipts.brim.example/000231.pdf,,True
TXN-004193,****-****-****-4002,SUBWAY 40021,14.21,19.6,USD,1.379,2026-02-13 17:50:00,5812,Eating Places & Restaurants,TXC-002,EMP002,Priya Nair,Finance,EMP001,5,APPROVED,,,,,,,https://receipts.brim.example/004193.pdf,,True
TXN-002106,****-****-****-4006,ULTRAMAR 55,48.89,67.42,USD,1.379,2026-02-13 18:29:00,5172,Petroleum & Petroleum Products,TXC-006,EMP006,Bob Kumar,Finance,EMP004,2,APPROVED,,,,,,,https://receipts.brim.example/002106.pdf,,True
TXN-003380,****-****-****-4008,PRECISE PARKLINK,11.24,15.5,USD,1.379,2026-02-13 18:42:00,4131,Bus Lines / Tolls,TXC-008,EMP008,Eric Tran,Operations,EMP003,4,APPROVED,,,,,,,https://receipts.brim.example/003380.pdf,,True
TXN-003806,****-****-****-4007,MCDONALDS DT QPS,13.03,17.97,USD,1.379,2026-02-14 02:04:00,5814,Fast Food Restaurants,TXC-007,EMP007,Carol White,Finance,EMP004,2,APPROVED,,,,,,,https://receipts.brim.example/003806.pdf,TRIP-0250,True
TXN-000874,****-****-****-4007,ROADSIDE GRILL CO,14.85,20.48,USD,1.379,2026-02-14 04:56:00,5812,Eating Places & Restaurants,TXC-007,EMP007,Carol White,Finance,EMP004,2,APPROVED,,,,,,,https://receipts.brim.example/000874.pdf,TRIP-0053,True
TXN-000630,****-****-****-4007,ULTRAMAR 55,32.31,44.56,USD,1.379,2026-02-14 06:57:00,5172,Petroleum & Petroleum Products,TXC-007,EMP007,Carol White,Finance,EMP004,2,APPROVED,,,,,,,https://receipts.brim.example/000630.pdf,TRIP-0037,True
TXN-002386,****-****-****-4009,DAYS INN 209,153.55,211.75,USD,1.379,2026-02-14 08:19:00,7011,"Hotels, Motels & Resorts",TXC-009,EMP009,Grace Lee,Operations,EMP008,3,APPROVED,,,,,,,https://receipts.brim.example/002386.pdf,,True
TXN-000629,****-****-****-4007,COMFORT INN 442,83.8,115.56,USD,1.379,2026-02-14 09:28:00,7011,"Hotels, Motels & Resorts",TXC-007,EMP007,Carol White,Finance,EMP004,2,APPROVED,,,,,,,https://receipts.brim.example/000629.pdf,TRIP-0037,True
TXN-004125,****-****-****-4004,WENDYS 7781,25.98,35.83,USD,1.379,2026-02-14 09:44:00,5814,Fast Food Restaurants,TXC-004,EMP004,Alice Chen,Finance,EMP002,4,APPROVED,,,,,,,https://receipts.brim.example/004125.pdf,,True
TXN-000872,****-****-****-4007,HOLIDAY INN EXPRESS,93.69,129.2,USD,1.379,2026-02-14 09:48:00,7011,"Hotels, Motels & Resorts",TXC-007,EMP007,Carol White,Finance,EMP004,2,APPROVED,,,,,,,https://receipts.brim.example/000872.pdf,TRIP-0053,True
TXN-002111,****-****-****-4006,FLYING J #771,17.69,24.39,USD,1.379,2026-02-14 10:09:00,5541,Service Stations,TXC-006,EMP006,Bob Kumar,Finance,EMP004,2,APPROVED,,,,,,,https://receipts.brim.example/002111.pdf,,True
TXN-002880,****-****-****-4009,SHELL DT #4421,65.12,89.8,USD,1.379,2026-02-14 10:26:00,5541,Service Stations,TXC-009,EMP009,Grace Lee,Operations,EMP008,3,APPROVED,,,,,,,https://receipts.brim.example/002880.pdf,TRIP-0189,True
TXN-003392,****-****-****-4009,STAPLES #112,55.31,76.27,USD,1.379,2026-02-14 10:30:00,5111,Stationery & Office Supplies,TXC-009,EMP009,Grace Lee,Operations,EMP008,3,APPROVED,,,,,,,https://receipts.brim.example/003392.pdf,,True
TXN-003174,****-****-****-4003,CANADIAN TIRE 445,205.14,282.89,USD,1.379,2026-02-14 11:42:00,7538,Automotive Service Shops,TXC-003,EMP003,Marcus Webb,Operations,EMP001,5,APPROVED,,,,,,,,,True
TXN-000947,****-****-****-4008,HOME DEPOT 88,138.05,190.37,USD,1.379,2026-02-14 12:06:00,5045,Computers & Peripherals,TXC-008,EMP008,Eric Tran,Operations,EMP003,4,APPROVED,,,,,,,https://receipts.brim.example/000947.pdf,,True
TXN-001804,****-****-****-4004,PILOT TRAVEL 209,27.77,38.29,USD,1.379,2026-02-14 12:18:00,5172,Petroleum & Petroleum Products,TXC-004,EMP004,Alice Chen,Finance,EMP002,4,APPROVED,,,,,,,https://receipts.brim.example/001804.pdf,,True
TXN-000207,****-****-****-4002,SHELL DT #4421,120.33,165.94,USD,1.379,2026-02-14 12:32:00,5172,Petroleum & Petroleum Products,TXC-002,EMP002,Priya Nair,Finance,EMP001,5,APPROVED,,,,,,,https://receipts.brim.example/000207.pdf,TRIP-0009,True
TXN-000206,****-****-****-4002,SUBWAY 40021,19.16,26.42,USD,1.379,2026-02-14 13:01:00,5814,Fast Food Restaurants,TXC-002,EMP002,Priya Nair,Finance,EMP001,5,APPROVED,,,,,,,https://receipts.brim.example/000206.pdf,TRIP-0009,True
TXN-002002,****-****-****-4002,FLYING J #771,110.69,152.64,USD,1.379,2026-02-14 13:22:00,5541,Service Stations,TXC-002,EMP002,Priya Nair,Finance,EMP001,5,APPROVED,,,,,,,,,True
TXN-000169,****-****-****-4005,DAYS INN 209,117.17,161.58,USD,1.379,2026-02-14 13:53:00,7011,"Hotels, Motels & Resorts",TXC-005,EMP005,Dana Park,Finance,EMP002,3,APPROVED,,,,,,,https://receipts.brim.example/000169.pdf,,True
TXN-002608,****-****-****-4009,PILOT TRAVEL 209,85.46,117.85,USD,1.379,2026-02-14 14:13:00,5172,Petroleum & Petroleum Products,TXC-009,EMP009,Grace Lee,Operations,EMP008,3,APPROVED,,,,,,,https://receipts.brim.example/002608.pdf,,True
TXN-003435,****-****-****-4009,PETRO-CANADA 8821,20.35,28.06,USD,1.379,2026-02-14 16:28:00,5541,Service Stations,TXC-009,EMP009,Grace Lee,Operations,EMP008,3,APPROVED,,,,,,,https://receipts.brim.example/003435.pdf,,True
TXN-001986,****-****-****-4005,QUICK FUEL STOP,164.47,226.8,USD,1.379,2026-02-14 17:33:00,5172,Petroleum & Petroleum Products,TXC-005,EMP005,Dana Park,Finance,EMP002,3,PENDING,,,,,,,https://receipts.brim.example/001986.pdf,,False
TXN-000307,****-****-****-4002,KAL TIRE 9,245.09,337.98,USD,1.379,2026-02-14 18:28:00,7538,Automotive Service Shops,TXC-002,EMP002,Priya Nair,Finance,EMP001,5,APPROVED,,,,,,,https://receipts.brim.example/000307.pdf,,True
TXN-000699,****-****-****-4009,ESSO RETAIL 113,78.75,108.6,USD,1.379,2026-02-14 18:31:00,5541,Service Stations,TXC-009,EMP009,Grace Lee,Operations,EMP008,3,APPROVED,,,,,,,https://receipts.brim.example/000699.pdf,,True
TXN-001845,****-****-****-4007,COSTCO WHSE 44,206.66,284.98,USD,1.379,2026-02-14 18:36:00,5045,Computers & Peripherals,TXC-007,EMP007,Carol White,Finance,EMP004,2,APPROVED,,,,,,,https://receipts.brim.example/001845.pdf,,True
TXN-003807,****-****-****-4007,PETRO-CANADA 8821,32.46,44.76,USD,1.379,2026-02-14 20:14:00,5541,Service Stations,TXC-007,EMP007,Carol White,Finance,EMP004,2,APPROVED,,,,,,,https://receipts.brim.example/003807.pdf,TRIP-0250,True
TXN-004187,****-****-****-4009,SHELL DT #4421,29.76,41.04,USD,1.379,2026-02-15 07:41:00,5172,Petroleum & Petroleum Products,TXC-009,EMP009,Grace Lee,Operations,EMP008,3,APPROVED,,,,,,,https://receipts.brim.example/004187.pdf,,True
TXN-003423,****-****-****-4007,SHELL DT #4421,56.26,77.58,USD,1.379,2026-02-15 07:45:00,5541,Service Stations,TXC-007,EMP007,Carol White,Finance,EMP004,2,PENDING,,,,,,,https://receipts.brim.example/003423.pdf,TRIP-0225,False
TXN-003440,****-****-****-4001,407 ETR TOLL,30.28,41.76,USD,1.379,2026-02-15 08:02:00,4131,Bus Lines / Tolls,TXC-001,EMP001,Olivia Reyes,Executive,,6,APPROVED,,,,,,,https://receipts.brim.example/003440.pdf,,True
TXN-000875,****-****-****-4007,A&W STORE 551,33.56,46.28,USD,1.379,2026-02-15 08:18:00,5814,Fast Food Restaurants,TXC-007,EMP007,Carol White,Finance,EMP004,2,APPROVED,,,,,,,https://receipts.brim.example/000875.pdf,TRIP-0053,True
TXN-002151,****-****-****-4009,WENDYS 7781,49.99,68.94,USD,1.379,2026-02-15 08:44:00,5814,Fast Food Restaurants,TXC-009,EMP009,Grace Lee,Operations,EMP008,3,APPROVED,,,,,,,https://receipts.brim.example/002151.pdf,,True
TXN-002186,****-****-****-4007,PETRO-CANADA 8821,56.69,78.18,USD,1.379,2026-02-15 08:51:00,5541,Service Stations,TXC-007,EMP007,Carol White,Finance,EMP004,2,APPROVED,,,,,,,https://receipts.brim.example/002186.pdf,,True
TXN-003181,****-****-****-4004,FLYING J #771,51.2,70.6,USD,1.379,2026-02-15 10:36:00,5172,Petroleum & Petroleum Products,TXC-004,EMP004,Alice Chen,Finance,EMP002,4,PENDING,,,,,,,,,False
TXN-001334,****-****-****-4009,PETRO-CANADA 8821,62.71,86.48,USD,1.379,2026-02-15 11:35:00,5172,Petroleum & Petroleum Products,TXC-009,EMP009,Grace Lee,Operations,EMP008,3,APPROVED,,,,,,,https://receipts.brim.example/001334.pdf,,True
TXN-000240,****-****-****-4003,ULTRAMAR 55,74.09,102.17,USD,1.379,2026-02-15 11:55:00,5541,Service Stations,TXC-003,EMP003,Marcus Webb,Operations,EMP001,5,APPROVED,,,,,,,,,True
TXN-002879,****-****-****-4009,SHELL DT #4421,47.14,65.01,USD,1.379,2026-02-15 14:10:00,5172,Petroleum & Petroleum Products,TXC-009,EMP009,Grace Lee,Operations,EMP008,3,APPROVED,,,,,,,https://receipts.brim.example/002879.pdf,TRIP-0189,True
TXN-000808,****-****-****-4003,407 ETR TOLL,20.1,27.72,USD,1.379,2026-02-15 15:57:00,4131,Bus Lines / Tolls,TXC-003,EMP003,Marcus Webb,Operations,EMP001,5,APPROVED,,,,,,,https://receipts.brim.example/000808.pdf,,True
TXN-003704,****-****-****-4008,SHELL DT #4421,21.5,29.65,USD,1.379,2026-02-15 16:22:00,5172,Petroleum & Petroleum Products,TXC-008,EMP008,Eric Tran,Operations,EMP003,4,APPROVED,,,,,,,https://receipts.brim.example/003704.pdf,,True
TXN-002472,****-****-****-4003,PETRO-CANADA 8821,52.3,72.12,USD,1.379,2026-02-15 17:39:00,5172,Petroleum & Petroleum Products,TXC-003,EMP003,Marcus Webb,Operations,EMP001,5,APPROVED,,,,,,,,,True
TXN-002994,****-****-****-4004,IMPARK LOT 88,19.81,27.32,USD,1.379,2026-02-15 18:19:00,7523,Parking Lots & Garages,TXC-004,EMP004,Alice Chen,Finance,EMP002,4,APPROVED,,,,,,,https://receipts.brim.example/002994.pdf,,True
TXN-001404,****-****-****-4004,ESSO RETAIL 113,87.89,121.2,USD,1.379,2026-02-15 19:30:00,5172,Petroleum & Petroleum Products,TXC-004,EMP004,Alice Chen,Finance,EMP002,4,APPROVED,,,,,,,https://receipts.brim.example/001404.pdf,,True
TXN-003805,****-****-****-4007,SUPER 8 MOTEL,113.2,156.1,USD,1.379,2026-02-15 21:58:00,7011,"Hotels, Motels & Resorts",TXC-007,EMP007,Carol White,Finance,EMP004,2,APPROVED,,,,,,,https://receipts.brim.example/003805.pdf,TRIP-0250,True
TXN-000873,****-****-****-4007,ULTRAMAR 55,31.83,43.89,USD,1.379,2026-02-16 05:47:00,5172,Petroleum & Petroleum Products,TXC-007,EMP007,Carol White,Finance,EMP004,2,APPROVED,,,,,,,https://receipts.brim.example/000873.pdf,TRIP-0053,True
TXN-002865,****-****-****-4004,SHELL DT #4421,27.55,37.99,USD,1.379,2026-02-16 07:51:00,5172,Petroleum & Petroleum Products,TXC-004,EMP004,Alice Chen,Finance,EMP002,4,APPROVED,,,,,,,https://receipts.brim.example/002865.pdf,,True
TXN-000703,****-****-****-4009,ROADSIDE GRILL CO,34.9,48.13,USD,1.379,2026-02-16 08:15:00,5814,Fast Food Restaurants,TXC-009,EMP009,Grace Lee,Operations,EMP008,3,APPROVED,,,,,,,https://receipts.brim.example/000703.pdf,,True
TXN-000454,****-****-****-4009,CANADIAN TIRE 445,120.68,166.42,USD,1.379,2026-02-16 08:22:00,7538,Automotive Service Shops,TXC-009,EMP009,Grace Lee,Operations,EMP008,3,APPROVED,,,,,,,https://receipts.brim.example/000454.pdf,,True
TXN-002130,****-****-****-4004,PRECISE PARKLINK,24.22,33.4,USD,1.379,2026-02-16 09:08:00,7523,Parking Lots & Garages,TXC-004,EMP004,Alice Chen,Finance,EMP002,4,APPROVED,,,,,,,https://receipts.brim.example/002130.pdf,,True
TXN-001795,****-****-****-4009,IMPARK LOT 88,25.26,34.83,USD,1.379,2026-02-16 09:24:00,4131,Bus Lines / Tolls,TXC-009,EMP009,Grace Lee,Operations,EMP008,3,APPROVED,,,,,,,https://receipts.brim.example/001795.pdf,,True
TXN-000218,****-****-****-4005,SUBWAY 40021,33.22,45.81,USD,1.379,2026-02-16 09:52:00,5812,Eating Places & Restaurants,TXC-005,EMP005,Dana Park,Finance,EMP002,3,APPROVED,,,,,,,https://receipts.brim.example/000218.pdf,,True
TXN-000631,****-****-****-4004,HOME DEPOT 88,240.24,331.29,USD,1.379,2026-02-16 10:12:00,5300,Wholesale Clubs,TXC-004,EMP004,Alice Chen,Finance,EMP002,4,PENDING,,,,,,,,,False
TXN-002877,****-****-****-4009,HOLIDAY INN EXPRESS,92.04,126.92,USD,1.379,2026-02-16 10:56:00,7011,"Hotels, Motels & Resorts",TXC-009,EMP009,Grace Lee,Operations,EMP008,3,APPROVED,,,,,,,https://receipts.brim.example/002877.pdf,TRIP-0189,True
TXN-001073,****-****-****-4002,BOSTON PIZZA 12,36.49,50.32,USD,1.379,2026-02-16 13:39:00,5814,Fast Food Restaurants,TXC-002,EMP002,Priya Nair,Finance,EMP001,5,APPROVED,,,,,,,https://receipts.brim.example/001073.pdf,,True
TXN-003949,****-****-****-4003,TIM HORTONS #882,43.61,60.14,USD,1.379,2026-02-16 15:12:00,5812,Eating Places & Restaurants,TXC-003,EMP003,Marcus Webb,Operations,EMP001,5,APPROVED,,,,,,,https://receipts.brim.example/003949.pdf,,True
TXN-003910,****-****-****-4004,ESSO RETAIL 113,44.77,61.74,USD,1.379,2026-02-16 16:36:00,5172,Petroleum & Petroleum Products,TXC-004,EMP004,Alice Chen,Finance,EMP002,4,APPROVED,,,,,,,https://receipts.brim.example/003910.pdf,,True
TXN-000640,****-****-****-4008,MCDONALDS DT QPS,31.08,42.86,USD,1.379,2026-02-16 16:59:00,5812,Eating Places & Restaurants,TXC-008,EMP008,Eric Tran,Operations,EMP003,4,APPROVED,,,,,,,https://receipts.brim.example/000640.pdf,,True
TXN-003316,****-****-****-4008,GREEN P PARKING,10.97,15.13,USD,1.379,2026-02-16 17:27:00,7523,Parking Lots & Garages,TXC-008,EMP008,Eric Tran,Operations,EMP003,4,APPROVED,,,,,,,https://receipts.brim.example/003316.pdf,,True
TXN-001282,****-****-****-4005,PILOT TRAVEL 209,133.08,183.52,USD,1.379,2026-02-16 17:40:00,5541,Service Stations,TXC-005,EMP005,Dana Park,Finance,EMP002,3,APPROVED,,,,,,,https://receipts.brim.example/001282.pdf,,True
TXN-002607,****-****-****-4009,PETRO-CANADA 8821,74.81,103.16,USD,1.379,2026-02-16 17:42:00,5172,Petroleum & Petroleum Products,TXC-009,EMP009,Grace Lee,Operations,EMP008,3,APPROVED,,,,,,,https://receipts.brim.example/002607.pdf,,True
TXN-001397,****-****-****-4009,FLYING J #771,123.06,169.7,USD,1.379,2026-02-16 19:23:00,5172,Petroleum & Petroleum Products,TXC-009,EMP009,Grace Lee,Operations,EMP008,3,APPROVED,,,,,,,https://receipts.brim.example/001397.pdf,,True
TXN-004133,****-****-****-4008,WENDYS 7781,15.13,20.86,USD,1.379,2026-02-16 19:36:00,5814,Fast Food Restaurants,TXC-008,EMP008,Eric Tran,Operations,EMP003,4,APPROVED,,,,,,,https://receipts.brim.example/004133.pdf,,True
TXN-001839,****-****-****-4007,SHELL DT #4421,39.38,54.31,USD,1.379,2026-02-16 19:44:00,5172,Petroleum & Petroleum Products,TXC-007,EMP007,Carol White,Finance,EMP004,2,APPROVED,,,,,,,https://receipts.brim.example/001839.pdf,,True
TXN-001825,****-****-****-4005,BEST WESTERN 71,104.72,144.41,USD,1.379,2026-02-16 20:46:00,7011,"Hotels, Motels & Resorts",TXC-005,EMP005,Dana Park,Finance,EMP002,3,PENDING,,,,,,,https://receipts.brim.example/001825.pdf,,False
TXN-001459,****-****-****-4003,GREEN P PARKING,41.57,57.33,USD,1.379,2026-02-16 20:55:00,7523,Parking Lots & Garages,TXC-003,EMP003,Marcus Webb,Operations,EMP001,5,APPROVED,,,,,,,https://receipts.brim.example/001459.pdf,,True
TXN-002878,****-****-****-4009,ULTRAMAR 55,67.73,93.4,USD,1.379,2026-02-17 09:48:00,5541,Service Stations,TXC-009,EMP009,Grace Lee,Operations,EMP008,3,APPROVED,,,,,,,https://receipts.brim.example/002878.pdf,TRIP-0189,True
TXN-001667,****-****-****-4008,QUICK FUEL STOP,40.42,55.74,USD,1.379,2026-02-17 10:44:00,5541,Service Stations,TXC-008,EMP008,Eric Tran,Operations,EMP003,4,APPROVED,,,,,,,https://receipts.brim.example/001667.pdf,,True
TXN-003421,****-****-****-4007,SUPER 8 MOTEL,103.44,142.64,USD,1.379,2026-02-17 11:51:00,7011,"Hotels, Motels & Resorts",TXC-007,EMP007,Carol White,Finance,EMP004,2,APPROVED,,,,,,,https://receipts.brim.example/003421.pdf,TRIP-0225,True
TXN-003408,****-****-****-4007,PETRO-CANADA 8821,42.56,58.69,USD,1.379,2026-02-17 12:40:00,5172,Petroleum & Petroleum Products,TXC-007,EMP007,Carol White,Finance,EMP004,2,APPROVED,,,,,,,https://receipts.brim.example/003408.pdf,,True
TXN-003618,****-****-****-4009,FLYING J #771,71.41,98.47,USD,1.379,2026-02-17 13:00:00,5541,Service Stations,TXC-009,EMP009,Grace Lee,Operations,EMP008,3,APPROVED,,,,,,,https://receipts.brim.example/003618.pdf,,True
TXN-002406,****-****-****-4004,BOSTON PIZZA 12,17.0,23.44,USD,1.379,2026-02-17 13:07:00,5812,Eating Places & Restaurants,TXC-004,EMP004,Alice Chen,Finance,EMP002,4,APPROVED,,,,,,,https://receipts.brim.example/002406.pdf,,True
TXN-002378,****-****-****-4002,QUICK FUEL STOP,54.53,75.2,USD,1.379,2026-02-17 14:34:00,5172,Petroleum & Petroleum Products,TXC-002,EMP002,Priya Nair,Finance,EMP001,5,APPROVED,,,,,,,https://receipts.brim.example/002378.pdf,,True
TXN-002957,****-****-****-4004,ESSO RETAIL 113,19.99,27.57,USD,1.379,2026-02-17 15:36:00,5172,Petroleum & Petroleum Products,TXC-004,EMP004,Alice Chen,Finance,EMP002,4,APPROVED,,,,,,,https://receipts.brim.example/002957.pdf,,True
TXN-003315,****-****-****-4008,SHELL DT #4421,56.01,77.24,USD,1.379,2026-02-17 17:05:00,5541,Service Stations,TXC-008,EMP008,Eric Tran,Operations,EMP003,4,APPROVED,,,,,,,,TRIP-0220,True
TXN-003808,****-****-****-4007,WENDYS 7781,9.61,13.25,USD,1.379,2026-02-17 17:55:00,5814,Fast Food Restaurants,TXC-007,EMP007,Carol White,Finance,EMP004,2,APPROVED,,,,,,,https://receipts.brim.example/003808.pdf,TRIP-0250,True
TXN-003225,****-****-****-4004,ULTRAMAR 55,39.86,54.97,USD,1.379,2026-02-17 18:50:00,5541,Service Stations,TXC-004,EMP004,Alice Chen,Finance,EMP002,4,APPROVED,,,,,,,https://receipts.brim.example/003225.pdf,,True
TXN-003179,****-****-****-4001,MCDONALDS DT QPS,9.79,13.5,USD,1.379,2026-02-17 20:26:00,5812,Eating Places & Restaurants,TXC-001,EMP001,Olivia Reyes,Executive,,6,APPROVED,,,,,,,https://receipts.brim.example/003179.pdf,,True
TXN-003647,****-****-****-4002,HOME DEPOT 88,88.89,122.58,USD,1.379,2026-02-17 20:29:00,5300,Wholesale Clubs,TXC-002,EMP002,Priya Nair,Finance,EMP001,5,APPROVED,,,,,,,https://receipts.brim.example/003647.pdf,,True
TXN-000055,****-****-****-4006,AMAZON MKTPLACE,505.3,696.81,USD,1.379,2026-02-18 02:00:00,5943,Stationery & Writing Supplies,TXC-006,EMP006,Bob Kumar,Finance,EMP004,2,APPROVED,,,,,,,https://receipts.brim.example/000055.pdf,,True
TXN-001698,****-****-****-4007,407 ETR TOLL,17.26,23.8,USD,1.379,2026-02-18 08:25:00,4131,Bus Lines / Tolls,TXC-007,EMP007,Carol White,Finance,EMP004,2,APPROVED,,,,,,,https://receipts.brim.example/001698.pdf,,True
TXN-000097,****-****-****-4005,ALPHA CONSULTING GROUP,1190.55,1641.77,USD,1.379,2026-02-18 12:00:00,4814,Telecom Services,TXC-005,EMP005,Dana Park,Finance,EMP002,3,APPROVED,,,,,,,https://receipts.brim.example/000097.pdf,,True
TXN-002852,****-****-****-4008,PETRO-CANADA 8821,23.5,32.41,USD,1.379,2026-02-18 12:29:00,5172,Petroleum & Petroleum Products,TXC-008,EMP008,Eric Tran,Operations,EMP003,4,APPROVED,,,,,,,https://receipts.brim.example/002852.pdf,,True
TXN-001249,****-****-****-4006,ESSO RETAIL 113,37.6,51.85,USD,1.379,2026-02-18 13:08:00,5172,Petroleum & Petroleum Products,TXC-006,EMP006,Bob Kumar,Finance,EMP004,2,APPROVED,,,,,,,https://receipts.brim.example/001249.pdf,,True
TXN-001273,****-****-****-4004,PETRO-CANADA 8821,117.23,161.66,USD,1.379,2026-02-18 15:04:00,5541,Service Stations,TXC-004,EMP004,Alice Chen,Finance,EMP002,4,APPROVED,,,,,,,https://receipts.brim.example/001273.pdf,TRIP-0086,True
TXN-003891,****-****-****-4009,PETRO-CANADA 8821,69.0,95.15,USD,1.379,2026-02-18 17:35:00,5172,Petroleum & Petroleum Products,TXC-009,EMP009,Grace Lee,Operations,EMP008,3,APPROVED,,,,,,,https://receipts.brim.example/003891.pdf,,True
TXN-001754,****-****-****-4003,QUICK FUEL STOP,65.74,90.66,USD,1.379,2026-02-18 17:45:00,5541,Service Stations,TXC-003,EMP003,Marcus Webb,Operations,EMP001,5,APPROVED,,,,,,,https://receipts.brim.example/001754.pdf,,True
TXN-001275,****-****-****-4004,SHELL DT #4421,60.62,83.59,USD,1.379,2026-02-18 18:17:00,5541,Service Stations,TXC-004,EMP004,Alice Chen,Finance,EMP002,4,PENDING,,,,,,,https://receipts.brim.example/001275.pdf,TRIP-0086,False
TXN-003313,****-****-****-4008,SUBWAY 40021,35.4,48.82,USD,1.379,2026-02-18 19:29:00,5814,Fast Food Restaurants,TXC-008,EMP008,Eric Tran,Operations,EMP003,4,APPROVED,,,,,,,https://receipts.brim.example/003313.pdf,TRIP-0220,True
TXN-003917,****-****-****-4003,SUPER 8 MOTEL,199.47,275.07,USD,1.379,2026-02-18 19:58:00,7011,"Hotels, Motels & Resorts",TXC-003,EMP003,Marcus Webb,Operations,EMP001,5,APPROVED,,,,,,,https://receipts.brim.example/003917.pdf,,True
TXN-000929,****-****-****-4004,ESSO RETAIL 113,34.58,47.69,USD,1.379,2026-02-19 07:43:00,5172,Petroleum & Petroleum Products,TXC-004,EMP004,Alice Chen,Finance,EMP002,4,APPROVED,,,,,,,https://receipts.brim.example/000929.pdf,,True
TXN-002086,****-****-****-4001,ESSO RETAIL 113,33.86,46.69,USD,1.379,2026-02-19 09:06:00,5541,Service Stations,TXC-001,EMP001,Olivia Reyes,Executive,,6,APPROVED,,,,,,,https://receipts.brim.example/002086.pdf,,True
TXN-003422,****-****-****-4007,QUICK FUEL STOP,39.87,54.98,USD,1.379,2026-02-19 10:44:00,5172,Petroleum & Petroleum Products,TXC-007,EMP007,Carol White,Finance,EMP004,2,APPROVED,,,,,,,https://receipts.brim.example/003422.pdf,TRIP-0225,True
TXN-002033,****-****-****-4007,ESSO RETAIL 113,77.61,107.02,USD,1.379,2026-02-19 10:46:00,5172,Petroleum & Petroleum Products,TXC-007,EMP007,Carol White,Finance,EMP004,2,APPROVED,,,,,,,,,True
TXN-001769,****-****-****-4001,AWS MEMB,90.83,125.25,USD,1.379,2026-02-19 11:46:00,4814,Telecom Services,TXC-001,EMP001,Olivia Reyes,Executive,,6,APPROVED,,,,,,,https://receipts.brim.example/001769.pdf,,True
TXN-000673,****-****-****-4004,PILOT TRAVEL 209,38.8,53.51,USD,1.379,2026-02-19 12:09:00,5172,Petroleum & Petroleum Products,TXC-004,EMP004,Alice Chen,Finance,EMP002,4,APPROVED,,,,,,,https://receipts.brim.example/000673.pdf,,True
TXN-004217,****-****-****-4007,ESSO RETAIL 113,40.53,55.89,USD,1.379,2026-02-19 12:09:00,5541,Service Stations,TXC-007,EMP007,Carol White,Finance,EMP004,2,APPROVED,,,,,,,https://receipts.brim.example/004217.pdf,,True
TXN-003713,****-****-****-4007,FLYING J #771,84.29,116.24,USD,1.379,2026-02-19 14:51:00,5541,Service Stations,TXC-007,EMP007,Carol White,Finance,EMP004,2,APPROVED,,,,,,,https://receipts.brim.example/003713.pdf,,True
TXN-003314,****-****-****-4008,SUBWAY 40021,8.27,11.4,USD,1.379,2026-02-19 15:08:00,5814,Fast Food Restaurants,TXC-008,EMP008,Eric Tran,Operations,EMP003,4,APPROVED,,,,,,,https://receipts.brim.example/003314.pdf,TRIP-0220,True
TXN-000500,****-****-****-4008,DAYS INN 209,198.89,274.27,USD,1.379,2026-02-19 16:46:00,7011,"Hotels, Motels & Resorts",TXC-008,EMP008,Eric Tran,Operations,EMP003,4,APPROVED,,,,,,,https://receipts.brim.example/000500.pdf,TRIP-0032,True
TXN-003312,****-****-****-4008,HOLIDAY INN EXPRESS,115.02,158.61,USD,1.379,2026-02-19 17:17:00,7011,"Hotels, Motels & Resorts",TXC-008,EMP008,Eric Tran,Operations,EMP003,4,APPROVED,,,,,,,https://receipts.brim.example/003312.pdf,TRIP-0220,True
TXN-003278,****-****-****-4003,BEST BUY 112,127.62,175.99,USD,1.379,2026-02-19 17:27:00,5045,Computers & Peripherals,TXC-003,EMP003,Marcus Webb,Operations,EMP001,5,APPROVED,,,,,,,https://receipts.brim.example/003278.pdf,,True
TXN-001450,****-****-****-4006,ROADSIDE GRILL CO,34.59,47.7,USD,1.379,2026-02-19 18:44:00,5812,Eating Places & Restaurants,TXC-006,EMP006,Bob Kumar,Finance,EMP004,2,APPROVED,,,,,,,https://receipts.brim.example/001450.pdf,TRIP-0098,True
TXN-003006,****-****-****-4004,PETRO-CANADA 8821,68.2,94.05,USD,1.379,2026-02-19 19:42:00,5541,Service Stations,TXC-004,EMP004,Alice Chen,Finance,EMP002,4,APPROVED,,,,,,,https://receipts.brim.example/003006.pdf,,True
TXN-004194,****-****-****-4009,WENDYS 7781,47.03,64.85,USD,1.379,2026-02-20 08:00:00,5812,Eating Places & Restaurants,TXC-009,EMP009,Grace Lee,Operations,EMP008,3,APPROVED,,,,,,,https://receipts.brim.example/004194.pdf,,True
TXN-000503,****-****-****-4008,PILOT TRAVEL 209,111.65,153.97,USD,1.379,2026-02-20 08:56:00,5172,Petroleum & Petroleum Products,TXC-008,EMP008,Eric Tran,Operations,EMP003,4,APPROVED,,,,,,,https://receipts.brim.example/000503.pdf,,True
TXN-000841,****-****-****-4007,SHELL DT #4421,51.99,71.69,USD,1.379,2026-02-20 09:44:00,5541,Service Stations,TXC-007,EMP007,Carol White,Finance,EMP004,2,PENDING,,,,,,,https://receipts.brim.example/000841.pdf,TRIP-0049,False
TXN-003671,****-****-****-4008,CANADIAN TIRE 445,397.2,547.74,USD,1.379,2026-02-20 10:12:00,7531,Auto Body Repair Shops,TXC-008,EMP008,Eric Tran,Operations,EMP003,4,APPROVED,,,,,,,https://receipts.brim.example/003671.pdf,,True
TXN-000982,****-****-****-4007,PETRO-CANADA 8821,31.33,43.2,USD,1.379,2026-02-20 10:29:00,5541,Service Stations,TXC-007,EMP007,Carol White,Finance,EMP004,2,APPROVED,,,,,,,https://receipts.brim.example/000982.pdf,,True
TXN-002257,****-****-****-4002,QUICK FUEL STOP,74.43,102.64,USD,1.379,2026-02-20 10:36:00,5541,Service Stations,TXC-002,EMP002,Priya Nair,Finance,EMP001,5,APPROVED,,,,,,,https://receipts.brim.example/002257.pdf,,True
TXN-000717,****-****-****-4009,PILOT TRAVEL 209,66.09,91.14,USD,1.379,2026-02-20 10:38:00,5541,Service Stations,TXC-009,EMP009,Grace Lee,Operations,EMP008,3,APPROVED,,,,,,,https://receipts.brim.example/000717.pdf,,True
TXN-002861,****-****-****-4002,PILOT TRAVEL 209,74.14,102.24,USD,1.379,2026-02-20 11:01:00,5541,Service Stations,TXC-002,EMP002,Priya Nair,Finance,EMP001,5,PENDING,,,,,,,https://receipts.brim.example/002861.pdf,,False
TXN-000393,****-****-****-4008,FLYING J #771,100.57,138.69,USD,1.379,2026-02-20 11:11:00,5541,Service Stations,TXC-008,EMP008,Eric Tran,Operations,EMP003,4,PENDING,,,,,,,https://receipts.brim.example/000393.pdf,,False
TXN-004210,****-****-****-4004,A&W STORE 551,21.19,29.22,USD,1.379,2026-02-20 11:58:00,5814,Fast Food Restaurants,TXC-004,EMP004,Alice Chen,Finance,EMP002,4,APPROVED,,,,,,,https://receipts.brim.example/004210.pdf,TRIP-0283,True
TXN-001875,****-****-****-4001,ULTRAMAR 55,80.78,111.4,USD,1.379,2026-02-20 13:13:00,5172,Petroleum & Petroleum Products,TXC-001,EMP001,Olivia Reyes,Executive,,6,APPROVED,,,,,,,https://receipts.brim.example/001875.pdf,,True
TXN-001737,****-****-****-4008,WENDYS 7781,5.98,8.25,USD,1.379,2026-02-20 14:01:00,5814,Fast Food Restaurants,TXC-008,EMP008,Eric Tran,Operations,EMP003,4,APPROVED,,,,,,,https://receipts.brim.example/001737.pdf,,True
TXN-003841,****-****-****-4001,IMPARK LOT 88,19.78,27.28,USD,1.379,2026-02-20 14:24:00,7523,Parking Lots & Garages,TXC-001,EMP001,Olivia Reyes,Executive,,6,APPROVED,,,,,,,https://receipts.brim.example/003841.pdf,,True
TXN-002069,****-****-****-4009,GRAND & TOY 5,73.06,100.75,USD,1.379,2026-02-20 14:44:00,5943,Stationery & Writing Supplies,TXC-009,EMP009,Grace Lee,Operations,EMP008,3,APPROVED,,,,,,,https://receipts.brim.example/002069.pdf,,True
TXN-001451,****-****-****-4006,ESSO RETAIL 113,75.51,104.13,USD,1.379,2026-02-20 15:00:00,5172,Petroleum & Petroleum Products,TXC-006,EMP006,Bob Kumar,Finance,EMP004,2,APPROVED,,,,,,,,TRIP-0098,True
TXN-001449,****-****-****-4006,COMFORT INN 442,327.85,452.11,USD,1.379,2026-02-20 15:18:00,7011,"Hotels, Motels & Resorts",TXC-006,EMP006,Bob Kumar,Finance,EMP004,2,PENDING,,,,,,,https://receipts.brim.example/001449.pdf,TRIP-0098,False
TXN-001272,****-****-****-4004,HOLIDAY INN EXPRESS,72.23,99.61,USD,1.379,2026-02-20 15:53:00,7011,"Hotels, Motels & Resorts",TXC-004,EMP004,Alice Chen,Finance,EMP002,4,APPROVED,,,,,,,https://receipts.brim.example/001272.pdf,TRIP-0086,True
TXN-000368,****-****-****-4007,GRAND & TOY 5,233.17,321.54,USD,1.379,2026-02-20 16:07:00,5943,Stationery & Writing Supplies,TXC-007,EMP007,Carol White,Finance,EMP004,2,APPROVED,,,,,,,https://receipts.brim.example/000368.pdf,,True
TXN-002410,****-****-****-4001,MIDAS AUTO 21,219.47,302.65,USD,1.379,2026-02-20 18:19:00,7538,Automotive Service Shops,TXC-001,EMP001,Olivia Reyes,Executive,,6,APPROVED,,,,,,,https://receipts.brim.example/002410.pdf,,True
TXN-003842,****-****-****-4004,MIDAS AUTO 21,203.69,280.89,USD,1.379,2026-02-20 19:31:00,7538,Automotive Service Shops,TXC-004,EMP004,Alice Chen,Finance,EMP002,4,PENDING,,,,,,,https://receipts.brim.example/003842.pdf,,False
TXN-000128,****-****-****-4007,TIM HORTONS #882,25.38,35.0,USD,1.379,2026-02-20 19:33:00,5812,Eating Places & Restaurants,TXC-007,EMP007,Carol White,Finance,EMP004,2,APPROVED,,,,,,,https://receipts.brim.example/000128.pdf,,True
TXN-001673,****-****-****-4003,AMAZON MKTPLACE,47.54,65.56,USD,1.379,2026-02-20 20:47:00,5111,Stationery & Office Supplies,TXC-003,EMP003,Marcus Webb,Operations,EMP001,5,APPROVED,,,,,,,https://receipts.brim.example/001673.pdf,,True
TXN-000842,****-****-****-4007,SUBWAY 40021,66.19,91.28,USD,1.379,2026-02-21 05:10:00,5812,Eating Places & Restaurants,TXC-007,EMP007,Carol White,Finance,EMP004,2,APPROVED,,,,,,,https://receipts.brim.example/000842.pdf,TRIP-0049,True
TXN-000840,****-****-****-4007,DAYS INN 209,189.51,261.33,USD,1.379,2026-02-21 07:56:00,7011,"Hotels, Motels & Resorts",TXC-007,EMP007,Carol White,Finance,EMP004,2,APPROVED,,,,,,,,TRIP-0049,True
TXN-002826,****-****-****-4008,HOME DEPOT 88,181.21,249.89,USD,1.379,2026-02-21 08:01:00,5045,Computers & Peripherals,TXC-008,EMP008,Eric Tran,Operations,EMP003,4,APPROVED,,,,,,,,,True
TXN-004148,****-****-****-4008,QUICK FUEL STOP,111.53,153.8,USD,1.379,2026-02-21 08:09:00,5541,Service Stations,TXC-008,EMP008,Eric Tran,Operations,EMP003,4,APPROVED,,,,,,,https://receipts.brim.example/004148.pdf,,True
TXN-003525,****-****-****-4002,QUICK FUEL STOP,30.88,42.58,USD,1.379,2026-02-21 08:16:00,5172,Petroleum & Petroleum Products,TXC-002,EMP002,Priya Nair,Finance,EMP001,5,APPROVED,,,,,,,https://receipts.brim.example/003525.pdf,,True
TXN-003940,****-****-****-4008,GREEN P PARKING,21.0,28.96,USD,1.379,2026-02-21 08:28:00,7523,Parking Lots & Garages,TXC-008,EMP008,Eric Tran,Operations,EMP003,4,APPROVED,,,,,,,https://receipts.brim.example/003940.pdf,,True
TXN-001037,****-****-****-4002,ESSO RETAIL 113,84.31,116.26,USD,1.379,2026-02-21 10:51:00,5172,Petroleum & Petroleum Products,TXC-002,EMP002,Priya Nair,Finance,EMP001,5,PENDING,,,,,,,https://receipts.brim.example/001037.pdf,,False
TXN-003793,****-****-****-4008,IMPARK LOT 88,20.43,28.17,USD,1.379,2026-02-21 10:53:00,7523,Parking Lots & Garages,TXC-008,EMP008,Eric Tran,Operations,EMP003,4,APPROVED,,,,,,,https://receipts.brim.example/003793.pdf,,True
TXN-003388,****-****-****-4009,SHELL DT #4421,100.87,139.1,USD,1.379,2026-02-21 11:29:00,5172,Petroleum & Petroleum Products,TXC-009,EMP009,Grace Lee,Operations,EMP008,3,APPROVED,,,,,,,https://receipts.brim.example/003388.pdf,,True
TXN-003575,****-****-****-4008,KAL TIRE 9,320.69,442.23,USD,1.379,2026-02-21 11:30:00,7538,Automotive Service Shops,TXC-008,EMP008,Eric Tran,Operations,EMP003,4,APPROVED,,,,,,,https://receipts.brim.example/003575.pdf,,True
TXN-004209,****-****-****-4004,DAYS INN 209,123.78,170.69,USD,1.379,2026-02-21 11:33:00,7011,"Hotels, Motels & Resorts",TXC-004,EMP004,Alice Chen,Finance,EMP002,4,APPROVED,,,,,,,https://receipts.brim.example/004209.pdf,TRIP-0283,True
TXN-003402,****-****-****-4007,A&W STORE 551,17.16,23.66,USD,1.379,2026-02-21 11:40:00,5814,Fast Food Restaurants,TXC-007,EMP007,Carol White,Finance,EMP004,2,APPROVED,,,,,,,https://receipts.brim.example/003402.pdf,,True
TXN-000578,****-****-****-4009,GOOGLE WORKSPACE,39.37,54.29,USD,1.379,2026-02-21 11:59:00,5734,Computer Software Stores,TXC-009,EMP009,Grace Lee,Operations,EMP008,3,APPROVED,,,,,,,https://receipts.brim.example/000578.pdf,,True
TXN-001704,****-****-****-4001,ROADSIDE GRILL CO,10.08,13.9,USD,1.379,2026-02-21 13:01:00,5812,Eating Places & Restaurants,TXC-001,EMP001,Olivia Reyes,Executive,,6,APPROVED,,,,,,,https://receipts.brim.example/001704.pdf,TRIP-0115,True
TXN-003870,****-****-****-4002,ULTRAMAR 55,80.44,110.93,USD,1.379,2026-02-21 13:17:00,5172,Petroleum & Petroleum Products,TXC-002,EMP002,Priya Nair,Finance,EMP001,5,APPROVED,,,,,,,https://receipts.brim.example/003870.pdf,TRIP-0260,True
TXN-001952,****-****-****-4007,PILOT TRAVEL 209,105.79,145.88,USD,1.379,2026-02-21 13:54:00,5172,Petroleum & Petroleum Products,TXC-007,EMP007,Carol White,Finance,EMP004,2,APPROVED,,,,,,,https://receipts.brim.example/001952.pdf,,True
TXN-004211,****-****-****-4004,SHELL DT #4421,48.85,67.36,USD,1.379,2026-02-21 13:54:00,5172,Petroleum & Petroleum Products,TXC-004,EMP004,Alice Chen,Finance,EMP002,4,APPROVED,,,,,,,https://receipts.brim.example/004211.pdf,TRIP-0283,True
TXN-001274,****-****-****-4004,ULTRAMAR 55,61.78,85.19,USD,1.379,2026-02-21 14:04:00,5541,Service Stations,TXC-004,EMP004,Alice Chen,Finance,EMP002,4,APPROVED,,,,,,,https://receipts.brim.example/001274.pdf,TRIP-0086,True
TXN-001452,****-****-****-4006,PILOT TRAVEL 209,61.29,84.52,USD,1.379,2026-02-21 14:26:00,5172,Petroleum & Petroleum Products,TXC-006,EMP006,Bob Kumar,Finance,EMP004,2,PENDING,,,,,,,https://receipts.brim.example/001452.pdf,TRIP-0098,False
TXN-000501,****-****-****-4008,FLYING J #771,66.37,91.52,USD,1.379,2026-02-21 14:29:00,5172,Petroleum & Petroleum Products,TXC-008,EMP008,Eric Tran,Operations,EMP003,4,APPROVED,,,,,,,https://receipts.brim.example/000501.pdf,TRIP-0032,True
TXN-000697,****-****-****-4003,ROADSIDE GRILL CO,21.84,30.12,USD,1.379,2026-02-21 14:39:00,5814,Fast Food Restaurants,TXC-003,EMP003,Marcus Webb,Operations,EMP001,5,APPROVED,,,,,,,https://receipts.brim.example/000697.pdf,,True
TXN-003271,****-****-****-4008,WENDYS 7781,23.87,32.92,USD,1.379,2026-02-21 16:25:00,5812,Eating Places & Restaurants,TXC-008,EMP008,Eric Tran,Operations,EMP003,4,APPROVED,,,,,,,https://receipts.brim.example/003271.pdf,,True
TXN-001481,****-****-****-4002,BEST BUY 112,100.55,138.66,USD,1.379,2026-02-21 16:41:00,5045,Computers & Peripherals,TXC-002,EMP002,Priya Nair,Finance,EMP001,5,APPROVED,,,,,,,https://receipts.brim.example/001481.pdf,,True
TXN-002149,****-****-****-4002,ESSO RETAIL 113,29.78,41.07,USD,1.379,2026-02-21 16:55:00,5541,Service Stations,TXC-002,EMP002,Priya Nair,Finance,EMP001,5,APPROVED,,,,,,,https://receipts.brim.example/002149.pdf,,True
TXN-003340,****-****-****-4009,ESSO RETAIL 113,35.54,49.01,USD,1.379,2026-02-21 20:45:00,5541,Service Stations,TXC-009,EMP009,Grace Lee,Operations,EMP008,3,APPROVED,,,,,,,https://receipts.brim.example/003340.pdf,,True
TXN-000353,****-****-****-4008,QUICK FUEL STOP,120.06,165.56,USD,1.379,2026-02-21 21:52:00,5541,Service Stations,TXC-008,EMP008,Eric Tran,Operations,EMP003,4,APPROVED,,,,,,,https://receipts.brim.example/000353.pdf,,True
TXN-001229,****-****-****-4001,FLYING J #771,117.63,162.21,USD,1.379,2026-02-22 07:15:00,5541,Service Stations,TXC-001,EMP001,Olivia Reyes,Executive,,6,APPROVED,,,,,,,,,True
TXN-002842,****-****-****-4009,TIM HORTONS #882,21.54,29.7,USD,1.379,2026-02-22 08:42:00,5812,Eating Places & Restaurants,TXC-009,EMP009,Grace Lee,Operations,EMP008,3,APPROVED,,,,,,,https://receipts.brim.example/002842.pdf,,True
TXN-001703,****-****-****-4001,A&W STORE 551,14.05,19.37,USD,1.379,2026-02-22 10:47:00,5814,Fast Food Restaurants,TXC-001,EMP001,Olivia Reyes,Executive,,6,APPROVED,,,,,,,https://receipts.brim.example/001703.pdf,TRIP-0115,True
TXN-000056,****-****-****-4006,GRAND & TOY 5,17.6,24.27,USD,1.379,2026-02-22 11:00:00,5812,Eating Places & Restaurants,TXC-006,EMP006,Bob Kumar,Finance,EMP004,2,APPROVED,,,,,,,https://receipts.brim.example/000056.pdf,,True
TXN-001534,****-****-****-4009,MIDAS AUTO 21,184.7,254.7,USD,1.379,2026-02-22 11:02:00,7531,Auto Body Repair Shops,TXC-009,EMP009,Grace Lee,Operations,EMP008,3,APPROVED,,,,,,,,,True
TXN-003600,****-****-****-4009,TIM HORTONS #882,97.62,134.62,USD,1.379,2026-02-22 11:22:00,5812,Eating Places & Restaurants,TXC-009,EMP009,Grace Lee,Operations,EMP008,3,APPROVED,,,,,,,,,True
TXN-000906,****-****-****-4009,DAYS INN 209,95.12,131.17,USD,1.379,2026-02-22 12:25:00,7011,"Hotels, Motels & Resorts",TXC-009,EMP009,Grace Lee,Operations,EMP008,3,APPROVED,,,,,,,https://receipts.brim.example/000906.pdf,,True
TXN-002274,****-****-****-4008,QUICK FUEL STOP,97.53,134.49,USD,1.379,2026-02-22 14:04:00,5541,Service Stations,TXC-008,EMP008,Eric Tran,Operations,EMP003,4,PENDING,,,,,,,https://receipts.brim.example/002274.pdf,,False
TXN-004212,****-****-****-4004,ULTRAMAR 55,72.23,99.61,USD,1.379,2026-02-22 14:10:00,5172,Petroleum & Petroleum Products,TXC-004,EMP004,Alice Chen,Finance,EMP002,4,APPROVED,,,,,,,https://receipts.brim.example/004212.pdf,TRIP-0283,True
TXN-003869,****-****-****-4002,COMFORT INN 442,161.09,222.14,USD,1.379,2026-02-22 15:56:00,7011,"Hotels, Motels & Resorts",TXC-002,EMP002,Priya Nair,Finance,EMP001,5,APPROVED,,,,,,,,TRIP-0260,True
TXN-002501,****-****-****-4003,HOME DEPOT 88,137.7,189.89,USD,1.379,2026-02-22 16:12:00,5300,Wholesale Clubs,TXC-003,EMP003,Marcus Webb,Operations,EMP001,5,APPROVED,,,,,,,https://receipts.brim.example/002501.pdf,,True
TXN-000542,****-****-****-4003,COMFORT INN 442,145.85,201.13,USD,1.379,2026-02-22 16:23:00,7011,"Hotels, Motels & Resorts",TXC-003,EMP003,Marcus Webb,Operations,EMP001,5,APPROVED,,,,,,,,TRIP-0033,True
TXN-000478,****-****-****-4004,ROADSIDE GRILL CO,14.49,19.98,USD,1.379,2026-02-22 16:46:00,5814,Fast Food Restaurants,TXC-004,EMP004,Alice Chen,Finance,EMP002,4,APPROVED,,,,,,,https://receipts.brim.example/000478.pdf,,True
TXN-002154,****-****-****-4009,TIM HORTONS #882,9.92,13.68,USD,1.379,2026-02-22 16:58:00,5814,Fast Food Restaurants,TXC-009,EMP009,Grace Lee,Operations,EMP008,3,APPROVED,,,,,,,https://receipts.brim.example/002154.pdf,,True
TXN-001093,****-****-****-4009,A&W STORE 551,37.76,52.07,USD,1.379,2026-02-22 18:09:00,5812,Eating Places & Restaurants,TXC-009,EMP009,Grace Lee,Operations,EMP008,3,APPROVED,,,,,,,https://receipts.brim.example/001093.pdf,,True
TXN-002884,****-****-****-4007,GRAND & TOY 5,25.21,34.76,USD,1.379,2026-02-22 18:41:00,5943,Stationery & Writing Supplies,TXC-007,EMP007,Carol White,Finance,EMP004,2,APPROVED,,,,,,,https://receipts.brim.example/002884.pdf,,True
TXN-001702,****-****-****-4001,PILOT TRAVEL 209,94.09,129.75,USD,1.379,2026-02-22 19:10:00,5172,Petroleum & Petroleum Products,TXC-001,EMP001,Olivia Reyes,Executive,,6,APPROVED,,,,,,,,TRIP-0115,True
TXN-003508,****-****-****-4008,FOUNTAIN TIRE,335.89,463.19,USD,1.379,2026-02-22 20:13:00,7531,Auto Body Repair Shops,TXC-008,EMP008,Eric Tran,Operations,EMP003,4,APPROVED,,,,,,,https://receipts.brim.example/003508.pdf,,True
TXN-001751,****-****-****-4001,PRECISE PARKLINK,26.27,36.23,USD,1.379,2026-02-22 20:28:00,7523,Parking Lots & Garages,TXC-001,EMP001,Olivia Reyes,Executive,,6,APPROVED,,,,,,,https://receipts.brim.example/001751.pdf,,True
TXN-004027,****-****-****-4002,ULTRAMAR 55,44.89,61.9,USD,1.379,2026-02-22 21:45:00,5172,Petroleum & Petroleum Products,TXC-002,EMP002,Priya Nair,Finance,EMP001,5,APPROVED,,,,,,,https://receipts.brim.example/004027.pdf,,True
TXN-001082,****-****-****-4008,IMPARK LOT 88,19.58,27.0,USD,1.379,2026-02-23 07:12:00,7523,Parking Lots & Garages,TXC-008,EMP008,Eric Tran,Operations,EMP003,4,APPROVED,,,,,,,https://receipts.brim.example/001082.pdf,,True
TXN-002985,****-****-****-4009,ESSO RETAIL 113,74.65,102.94,USD,1.379,2026-02-23 09:17:00,5541,Service Stations,TXC-009,EMP009,Grace Lee,Operations,EMP008,3,APPROVED,,,,,,,https://receipts.brim.example/002985.pdf,,True
TXN-003048,****-****-****-4002,FLYING J #771,113.29,156.23,USD,1.379,2026-02-23 09:30:00,5172,Petroleum & Petroleum Products,TXC-002,EMP002,Priya Nair,Finance,EMP001,5,APPROVED,,,,,,,https://receipts.brim.example/003048.pdf,,True
TXN-001791,****-****-****-4004,IMPARK LOT 88,17.05,23.51,USD,1.379,2026-02-23 09:49:00,4131,Bus Lines / Tolls,TXC-004,EMP004,Alice Chen,Finance,EMP002,4,APPROVED,,,,,,,https://receipts.brim.example/001791.pdf,,True
TXN-004126,****-****-****-4007,WENDYS 7781,15.45,21.31,USD,1.379,2026-02-23 10:04:00,5812,Eating Places & Restaurants,TXC-007,EMP007,Carol White,Finance,EMP004,2,APPROVED,,,,,,,https://receipts.brim.example/004126.pdf,,True
TXN-003365,****-****-****-4004,MICROSOFT 365,62.46,86.13,USD,1.379,2026-02-23 10:22:00,4814,Telecom Services,TXC-004,EMP004,Alice Chen,Finance,EMP002,4,APPROVED,,,,,,,,,True
TXN-001444,****-****-****-4005,PETRO-CANADA 8821,60.69,83.69,USD,1.379,2026-02-23 11:08:00,5172,Petroleum & Petroleum Products,TXC-005,EMP005,Dana Park,Finance,EMP002,3,APPROVED,,,,,,,https://receipts.brim.example/001444.pdf,,True
TXN-003184,****-****-****-4007,PILOT TRAVEL 209,188.64,260.13,USD,1.379,2026-02-23 13:35:00,5172,Petroleum & Petroleum Products,TXC-007,EMP007,Carol White,Finance,EMP004,2,PENDING,,,,,,,https://receipts.brim.example/003184.pdf,,False
TXN-003507,****-****-****-4002,PETRO-CANADA 8821,24.68,34.03,USD,1.379,2026-02-23 13:56:00,5541,Service Stations,TXC-002,EMP002,Priya Nair,Finance,EMP001,5,APPROVED,,,,,,,https://receipts.brim.example/003507.pdf,,True
TXN-000684,****-****-****-4008,COSTCO WHSE 44,84.18,116.08,USD,1.379,2026-02-23 14:05:00,5045,Computers & Peripherals,TXC-008,EMP008,Eric Tran,Operations,EMP003,4,APPROVED,,,,,,,https://receipts.brim.example/000684.pdf,,True
TXN-003530,****-****-****-4005,FLYING J #771,65.02,89.66,USD,1.379,2026-02-23 14:25:00,5541,Service Stations,TXC-005,EMP005,Dana Park,Finance,EMP002,3,APPROVED,,,,,,,https://receipts.brim.example/003530.pdf,,True
TXN-002551,****-****-****-4001,407 ETR TOLL,12.47,17.2,USD,1.379,2026-02-23 15:40:00,4131,Bus Lines / Tolls,TXC-001,EMP001,Olivia Reyes,Executive,,6,APPROVED,,,,,,,https://receipts.brim.example/002551.pdf,,True
TXN-001701,****-****-****-4001,BEST WESTERN 71,202.28,278.94,USD,1.379,2026-02-23 15:44:00,7011,"Hotels, Motels & Resorts",TXC-001,EMP001,Olivia Reyes,Executive,,6,APPROVED,,,,,,,https://receipts.brim.example/001701.pdf,TRIP-0115,True
TXN-003646,****-****-****-4004,PRECISE PARKLINK,13.57,18.71,USD,1.379,2026-02-23 15:51:00,7523,Parking Lots & Garages,TXC-004,EMP004,Alice Chen,Finance,EMP002,4,APPROVED,,,,,,,https://receipts.brim.example/003646.pdf,,True
TXN-002819,****-****-****-4009,FLYING J #771,199.88,275.63,USD,1.379,2026-02-23 17:57:00,5172,Petroleum & Petroleum Products,TXC-009,EMP009,Grace Lee,Operations,EMP008,3,APPROVED,,,,,,,https://receipts.brim.example/002819.pdf,,True
TXN-003871,****-****-****-4002,ROADSIDE GRILL CO,23.35,32.2,USD,1.379,2026-02-23 18:40:00,5814,Fast Food Restaurants,TXC-002,EMP002,Priya Nair,Finance,EMP001,5,APPROVED,,,,,,,https://receipts.brim.example/003871.pdf,TRIP-0260,True
TXN-000543,****-****-****-4003,SHELL DT #4421,36.55,50.4,USD,1.379,2026-02-23 18:48:00,5541,Service Stations,TXC-003,EMP003,Marcus Webb,Operations,EMP001,5,APPROVED,,,,,,,https://receipts.brim.example/000543.pdf,TRIP-0033,True
TXN-002227,****-****-****-4008,ESSO RETAIL 113,94.13,129.81,USD,1.379,2026-02-23 20:23:00,5541,Service Stations,TXC-008,EMP008,Eric Tran,Operations,EMP003,4,PENDING,,,,,,,https://receipts.brim.example/002227.pdf,,False
TXN-001460,****-****-****-4009,GREEN P PARKING,13.67,18.85,USD,1.379,2026-02-23 21:16:00,7523,Parking Lots & Garages,TXC-009,EMP009,Grace Lee,Operations,EMP008,3,APPROVED,,,,,,,https://receipts.brim.example/001460.pdf,,True
TXN-000290,****-****-****-4009,ROADSIDE GRILL CO,24.14,33.29,USD,1.379,2026-02-24 08:55:00,5814,Fast Food Restaurants,TXC-009,EMP009,Grace Lee,Operations,EMP008,3,APPROVED,,,,,,,https://receipts.brim.example/000290.pdf,,True
TXN-000403,****-****-****-4002,AWS MEMB,39.45,54.4,USD,1.379,2026-02-24 09:11:00,5734,Computer Software Stores,TXC-002,EMP002,Priya Nair,Finance,EMP001,5,APPROVED,,,,,,,https://receipts.brim.example/000403.pdf,,True
TXN-004319,****-****-****-4007,WENDYS 7781,27.67,38.16,USD,1.379,2026-02-24 12:33:00,5814,Fast Food Restaurants,TXC-007,EMP007,Carol White,Finance,EMP004,2,APPROVED,,,,,,,https://receipts.brim.example/004319.pdf,,True
TXN-002524,****-****-****-4007,FLYING J #771,53.47,73.74,USD,1.379,2026-02-24 13:58:00,5541,Service Stations,TXC-007,EMP007,Carol White,Finance,EMP004,2,APPROVED,,,,,,,https://receipts.brim.example/002524.pdf,,True
TXN-002567,****-****-****-4002,PILOT TRAVEL 209,55.79,76.93,USD,1.379,2026-02-24 14:04:00,5541,Service Stations,TXC-002,EMP002,Priya Nair,Finance,EMP001,5,APPROVED,,,,,,,,,True
TXN-001802,****-****-****-4008,QUICK FUEL STOP,33.68,46.44,USD,1.379,2026-02-24 14:16:00,5541,Service Stations,TXC-008,EMP008,Eric Tran,Operations,EMP003,4,APPROVED,,,,,,,https://receipts.brim.example/001802.pdf,,True
TXN-003113,****-****-****-4007,407 ETR TOLL,29.9,41.23,USD,1.379,2026-02-24 14:58:00,7523,Parking Lots & Garages,TXC-007,EMP007,Carol White,Finance,EMP004,2,APPROVED,,,,,,,https://receipts.brim.example/003113.pdf,,True
TXN-001625,****-****-****-4009,QUICK FUEL STOP,15.89,21.91,USD,1.379,2026-02-24 15:28:00,5172,Petroleum & Petroleum Products,TXC-009,EMP009,Grace Lee,Operations,EMP008,3,APPROVED,,,,,,,https://receipts.brim.example/001625.pdf,,True
TXN-000968,****-****-****-4007,FOUNTAIN TIRE,589.5,812.92,USD,1.379,2026-02-24 15:55:00,7531,Auto Body Repair Shops,TXC-007,EMP007,Carol White,Finance,EMP004,2,APPROVED,,,,,,,https://receipts.brim.example/000968.pdf,,True
TXN-003610,****-****-****-4009,A&W STORE 551,22.41,30.9,USD,1.379,2026-02-24 15:58:00,5812,Eating Places & Restaurants,TXC-009,EMP009,Grace Lee,Operations,EMP008,3,APPROVED,,,,,,,https://receipts.brim.example/003610.pdf,,True
TXN-001027,****-****-****-4008,BOSTON PIZZA 12,27.18,37.48,USD,1.379,2026-02-24 16:02:00,5814,Fast Food Restaurants,TXC-008,EMP008,Eric Tran,Operations,EMP003,4,APPROVED,,,,,,,https://receipts.brim.example/001027.pdf,,True
TXN-002391,****-****-****-4003,QUICK FUEL STOP,68.53,94.5,USD,1.379,2026-02-24 16:10:00,5541,Service Stations,TXC-003,EMP003,Marcus Webb,Operations,EMP001,5,APPROVED,,,,,,,https://receipts.brim.example/002391.pdf,,True
TXN-000098,****-****-****-4005,ALPHA CONSULTING GROUP,1440.8,1986.86,USD,1.379,2026-02-24 18:00:00,4814,Telecom Services,TXC-005,EMP005,Dana Park,Finance,EMP002,3,APPROVED,,,,,,,https://receipts.brim.example/000098.pdf,,True
TXN-003583,****-****-****-4007,MCDONALDS DT QPS,39.58,54.58,USD,1.379,2026-02-24 19:03:00,5814,Fast Food Restaurants,TXC-007,EMP007,Carol White,Finance,EMP004,2,APPROVED,,,,,,,https://receipts.brim.example/003583.pdf,,True
TXN-000349,****-****-****-4008,FLYING J #771,48.57,66.98,USD,1.379,2026-02-24 19:07:00,5541,Service Stations,TXC-008,EMP008,Eric Tran,Operations,EMP003,4,APPROVED,,,,,,,https://receipts.brim.example/000349.pdf,,True
TXN-001710,****-****-****-4008,QUICK FUEL STOP,81.78,112.77,USD,1.379,2026-02-24 19:09:00,5172,Petroleum & Petroleum Products,TXC-008,EMP008,Eric Tran,Operations,EMP003,4,APPROVED,,,,,,,https://receipts.brim.example/001710.pdf,,True
TXN-001900,****-****-****-4006,MCDONALDS DT QPS,26.38,36.38,USD,1.379,2026-02-24 19:24:00,5814,Fast Food Restaurants,TXC-006,EMP006,Bob Kumar,Finance,EMP004,2,APPROVED,,,,,,,https://receipts.brim.example/001900.pdf,,True
TXN-000408,****-****-****-4003,SUBWAY 40021,26.6,36.68,USD,1.379,2026-02-24 20:17:00,5814,Fast Food Restaurants,TXC-003,EMP003,Marcus Webb,Operations,EMP001,5,APPROVED,,,,,,,https://receipts.brim.example/000408.pdf,,True
TXN-002436,****-****-****-4009,QUICK FUEL STOP,35.33,48.72,USD,1.379,2026-02-24 20:20:00,5541,Service Stations,TXC-009,EMP009,Grace Lee,Operations,EMP008,3,APPROVED,,,,,,,https://receipts.brim.example/002436.pdf,,True
TXN-000364,****-****-****-4004,QUICK FUEL STOP,71.05,97.98,USD,1.379,2026-02-25 08:37:00,5541,Service Stations,TXC-004,EMP004,Alice Chen,Finance,EMP002,4,APPROVED,,,,,,,https://receipts.brim.example/000364.pdf,,True
TXN-001156,****-****-****-4006,TIM HORTONS #882,13.2,18.2,USD,1.379,2026-02-25 09:11:00,5812,Eating Places & Restaurants,TXC-006,EMP006,Bob Kumar,Finance,EMP004,2,APPROVED,,,,,,,https://receipts.brim.example/001156.pdf,TRIP-0078,True
TXN-004155,****-****-****-4008,BEST BUY 112,125.51,173.08,USD,1.379,2026-02-25 09:35:00,5300,Wholesale Clubs,TXC-008,EMP008,Eric Tran,Operations,EMP003,4,APPROVED,,,,,,,https://receipts.brim.example/004155.pdf,,True
TXN-003934,****-****-****-4004,IMPARK LOT 88,10.33,14.25,USD,1.379,2026-02-25 09:42:00,4131,Bus Lines / Tolls,TXC-004,EMP004,Alice Chen,Finance,EMP002,4,APPROVED,,,,,,,https://receipts.brim.example/003934.pdf,,True
TXN-001860,****-****-****-4001,ESSO RETAIL 113,36.87,50.84,USD,1.379,2026-02-25 09:57:00,5541,Service Stations,TXC-001,EMP001,Olivia Reyes,Executive,,6,APPROVED,,,,,,,https://receipts.brim.example/001860.pdf,,True
TXN-000468,****-****-****-4003,ESSO RETAIL 113,49.05,67.64,USD,1.379,2026-02-25 09:58:00,5541,Service Stations,TXC-003,EMP003,Marcus Webb,Operations,EMP001,5,APPROVED,,,,,,,https://receipts.brim.example/000468.pdf,,True
TXN-002665,****-****-****-4008,SUBWAY 40021,33.2,45.78,USD,1.379,2026-02-25 10:15:00,5812,Eating Places & Restaurants,TXC-008,EMP008,Eric Tran,Operations,EMP003,4,APPROVED,,,,,,,https://receipts.brim.example/002665.pdf,,True
TXN-000997,****-****-****-4007,PILOT TRAVEL 209,133.95,184.72,USD,1.379,2026-02-25 10:37:00,5541,Service Stations,TXC-007,EMP007,Carol White,Finance,EMP004,2,APPROVED,,,,,,,https://receipts.brim.example/000997.pdf,,True
TXN-002844,****-****-****-4008,MICROSOFT 365,46.12,63.6,USD,1.379,2026-02-25 11:08:00,4814,Telecom Services,TXC-008,EMP008,Eric Tran,Operations,EMP003,4,APPROVED,,,,,,,https://receipts.brim.example/002844.pdf,,True
TXN-001159,****-****-****-4008,PRECISE PARKLINK,23.74,32.74,USD,1.379,2026-02-25 12:27:00,7523,Parking Lots & Garages,TXC-008,EMP008,Eric Tran,Operations,EMP003,4,APPROVED,,,,,,,https://receipts.brim.example/001159.pdf,,True
TXN-003840,****-****-****-4007,HOLIDAY INN EXPRESS,103.11,142.19,USD,1.379,2026-02-25 12:35:00,7011,"Hotels, Motels & Resorts",TXC-007,EMP007,Carol White,Finance,EMP004,2,PENDING,,,,,,,https://receipts.brim.example/003840.pdf,,False
TXN-001130,****-****-****-4003,COMFORT INN 442,149.8,206.57,USD,1.379,2026-02-25 13:12:00,7011,"Hotels, Motels & Resorts",TXC-003,EMP003,Marcus Webb,Operations,EMP001,5,APPROVED,,,,,,,https://receipts.brim.example/001130.pdf,TRIP-0075,True
TXN-000909,****-****-****-4002,HOLIDAY INN EXPRESS,136.03,187.59,USD,1.379,2026-02-25 13:25:00,7011,"Hotels, Motels & Resorts",TXC-002,EMP002,Priya Nair,Finance,EMP001,5,APPROVED,,,,,,,https://receipts.brim.example/000909.pdf,TRIP-0056,True
TXN-003193,****-****-****-4009,BEST WESTERN 71,238.48,328.86,USD,1.379,2026-02-25 15:51:00,7011,"Hotels, Motels & Resorts",TXC-009,EMP009,Grace Lee,Operations,EMP008,3,APPROVED,,,,,,,https://receipts.brim.example/003193.pdf,TRIP-0208,True
TXN-002202,****-****-****-4001,IMPARK LOT 88,14.59,20.12,USD,1.379,2026-02-25 16:13:00,7523,Parking Lots & Garages,TXC-001,EMP001,Olivia Reyes,Executive,,6,APPROVED,,,,,,,https://receipts.brim.example/002202.pdf,,True
TXN-000246,****-****-****-4003,QUICK FUEL STOP,144.16,198.8,USD,1.379,2026-02-25 16:16:00,5172,Petroleum & Petroleum Products,TXC-003,EMP003,Marcus Webb,Operations,EMP001,5,APPROVED,,,,,,,https://receipts.brim.example/000246.pdf,,True
TXN-001234,****-****-****-4004,A&W STORE 551,14.93,20.59,USD,1.379,2026-02-25 20:26:00,5812,Eating Places & Restaurants,TXC-004,EMP004,Alice Chen,Finance,EMP002,4,APPROVED,,,,,,,https://receipts.brim.example/001234.pdf,,True
TXN-000670,****-****-****-4008,407 ETR TOLL,17.4,23.99,USD,1.379,2026-02-25 20:41:00,4131,Bus Lines / Tolls,TXC-008,EMP008,Eric Tran,Operations,EMP003,4,APPROVED,,,,,,,https://receipts.brim.example/000670.pdf,,True
TXN-001157,****-****-****-4006,ULTRAMAR 55,45.84,63.21,USD,1.379,2026-02-26 03:16:00,5172,Petroleum & Petroleum Products,TXC-006,EMP006,Bob Kumar,Finance,EMP004,2,APPROVED,,,,,,,https://receipts.brim.example/001157.pdf,TRIP-0078,True
TXN-001154,****-****-****-4006,DAYS INN 209,52.84,72.87,USD,1.379,2026-02-26 08:05:00,7011,"Hotels, Motels & Resorts",TXC-006,EMP006,Bob Kumar,Finance,EMP004,2,PENDING,,,,,,,https://receipts.brim.example/001154.pdf,TRIP-0078,False
TXN-002325,****-****-****-4005,ULTRAMAR 55,46.2,63.71,USD,1.379,2026-02-26 08:30:00,5541,Service Stations,TXC-005,EMP005,Dana Park,Finance,EMP002,3,APPROVED,,,,,,,https://receipts.brim.example/002325.pdf,,True
TXN-003123,****-****-****-4003,ULTRAMAR 55,31.56,43.52,USD,1.379,2026-02-26 10:06:00,5172,Petroleum & Petroleum Products,TXC-003,EMP003,Marcus Webb,Operations,EMP001,5,APPROVED,,,,,,,https://receipts.brim.example/003123.pdf,,True
TXN-001155,****-****-****-4006,SUBWAY 40021,21.32,29.4,USD,1.379,2026-02-26 12:08:00,5814,Fast Food Restaurants,TXC-006,EMP006,Bob Kumar,Finance,EMP004,2,APPROVED,,,,,,,https://receipts.brim.example/001155.pdf,TRIP-0078,True
TXN-003194,****-****-****-4009,SHELL DT #4421,57.34,79.07,USD,1.379,2026-02-26 12:40:00,5541,Service Stations,TXC-009,EMP009,Grace Lee,Operations,EMP008,3,APPROVED,,,,,,,https://receipts.brim.example/003194.pdf,TRIP-0208,True
TXN-002210,****-****-****-4004,FLYING J #771,135.32,186.61,USD,1.379,2026-02-26 13:23:00,5541,Service Stations,TXC-004,EMP004,Alice Chen,Finance,EMP002,4,APPROVED,,,,,,,,,True
TXN-002440,****-****-****-4005,ULTRAMAR 55,57.71,79.58,USD,1.379,2026-02-26 13:54:00,5172,Petroleum & Petroleum Products,TXC-005,EMP005,Dana Park,Finance,EMP002,3,APPROVED,,,,,,,https://receipts.brim.example/002440.pdf,,True
TXN-000910,****-****-****-4002,PETRO-CANADA 8821,57.97,79.94,USD,1.379,2026-02-26 14:44:00,5541,Service Stations,TXC-002,EMP002,Priya Nair,Finance,EMP001,5,APPROVED,,,,,,,https://receipts.brim.example/000910.pdf,TRIP-0056,True
TXN-004105,****-****-****-4009,407 ETR TOLL,24.07,33.19,USD,1.379,2026-02-26 15:01:00,7523,Parking Lots & Garages,TXC-009,EMP009,Grace Lee,Operations,EMP008,3,APPROVED,,,,,,,https://receipts.brim.example/004105.pdf,,True
TXN-001131,****-****-****-4003,BOSTON PIZZA 12,9.87,13.61,USD,1.379,2026-02-26 15:15:00,5814,Fast Food Restaurants,TXC-003,EMP003,Marcus Webb,Operations,EMP001,5,APPROVED,,,,,,,https://receipts.brim.example/001131.pdf,TRIP-0075,True
TXN-003195,****-****-****-4009,PILOT TRAVEL 209,160.39,221.18,USD,1.379,2026-02-26 16:11:00,5541,Service Stations,TXC-009,EMP009,Grace Lee,Operations,EMP008,3,APPROVED,,,,,,,https://receipts.brim.example/003195.pdf,TRIP-0208,True
TXN-002992,****-****-****-4009,FOUNTAIN TIRE,197.51,272.37,USD,1.379,2026-02-26 16:37:00,7538,Automotive Service Shops,TXC-009,EMP009,Grace Lee,Operations,EMP008,3,APPROVED,,,,,,,https://receipts.brim.example/002992.pdf,,True
TXN-003242,****-****-****-4009,ULTRAMAR 55,48.23,66.51,USD,1.379,2026-02-26 17:55:00,5172,Petroleum & Petroleum Products,TXC-009,EMP009,Grace Lee,Operations,EMP008,3,APPROVED,,,,,,,https://receipts.brim.example/003242.pdf,,True
TXN-003324,****-****-****-4007,SHELL DT #4421,62.01,85.51,USD,1.379,2026-02-26 18:14:00,5172,Petroleum & Petroleum Products,TXC-007,EMP007,Carol White,Finance,EMP004,2,APPROVED,,,,,,,https://receipts.brim.example/003324.pdf,,True
TXN-000888,****-****-****-4003,PRECISE PARKLINK,27.54,37.98,USD,1.379,2026-02-26 19:37:00,4131,Bus Lines / Tolls,TXC-003,EMP003,Marcus Webb,Operations,EMP001,5,APPROVED,,,,,,,https://receipts.brim.example/000888.pdf,,True
TXN-000057,****-****-****-4006,TIM HORTONS #882,10.9,15.03,USD,1.379,2026-02-27 01:00:00,5814,Fast Food Restaurants,TXC-006,EMP006,Bob Kumar,Finance,EMP004,2,APPROVED,,,,,,,https://receipts.brim.example/000057.pdf,,True
TXN-000174,****-****-****-4009,GREEN P PARKING,38.36,52.9,USD,1.379,2026-02-27 07:02:00,4131,Bus Lines / Tolls,TXC-009,EMP009,Grace Lee,Operations,EMP008,3,APPROVED,,,,,,,https://receipts.brim.example/000174.pdf,,True
TXN-002872,****-****-****-4007,QUICK FUEL STOP,68.01,93.79,USD,1.379,2026-02-27 07:47:00,5541,Service Stations,TXC-007,EMP007,Carol White,Finance,EMP004,2,APPROVED,,,,,,,https://receipts.brim.example/002872.pdf,,True
TXN-000158,****-****-****-4007,ESSO RETAIL 113,137.55,189.68,USD,1.379,2026-02-27 08:06:00,5172,Petroleum & Petroleum Products,TXC-007,EMP007,Carol White,Finance,EMP004,2,APPROVED,,,,,,,https://receipts.brim.example/000158.pdf,,True
TXN-004266,****-****-****-4007,COMFORT INN 442,76.71,105.78,USD,1.379,2026-02-27 09:13:00,7011,"Hotels, Motels & Resorts",TXC-007,EMP007,Carol White,Finance,EMP004,2,APPROVED,,,,,,,https://receipts.brim.example/004266.pdf,,True
TXN-003138,****-****-****-4003,ESSO RETAIL 113,55.64,76.73,USD,1.379,2026-02-27 09:15:00,5172,Petroleum & Petroleum Products,TXC-003,EMP003,Marcus Webb,Operations,EMP001,5,PENDING,,,,,,,,,False
TXN-001094,****-****-****-4007,A&W STORE 551,25.85,35.65,USD,1.379,2026-02-27 10:55:00,5814,Fast Food Restaurants,TXC-007,EMP007,Carol White,Finance,EMP004,2,APPROVED,,,,,,,https://receipts.brim.example/001094.pdf,,True
TXN-003810,****-****-****-4007,COMFORT INN 442,90.4,124.66,USD,1.379,2026-02-27 12:01:00,7011,"Hotels, Motels & Resorts",TXC-007,EMP007,Carol White,Finance,EMP004,2,APPROVED,,,,,,,https://receipts.brim.example/003810.pdf,TRIP-0251,True
TXN-000811,****-****-****-4007,FLYING J #771,39.35,54.26,USD,1.379,2026-02-27 12:15:00,5541,Service Stations,TXC-007,EMP007,Carol White,Finance,EMP004,2,APPROVED,,,,,,,https://receipts.brim.example/000811.pdf,,True
TXN-002633,****-****-****-4009,FLYING J #771,64.92,89.52,USD,1.379,2026-02-27 12:24:00,5541,Service Stations,TXC-009,EMP009,Grace Lee,Operations,EMP008,3,PENDING,,,,,,,https://receipts.brim.example/002633.pdf,,False
TXN-003196,****-****-****-4009,MCDONALDS DT QPS,22.08,30.45,USD,1.379,2026-02-27 12:36:00,5812,Eating Places & Restaurants,TXC-009,EMP009,Grace Lee,Operations,EMP008,3,APPROVED,,,,,,,https://receipts.brim.example/003196.pdf,TRIP-0208,True
TXN-003326,****-****-****-4008,COSTCO WHSE 44,38.94,53.7,USD,1.379,2026-02-27 16:48:00,5045,Computers & Peripherals,TXC-008,EMP008,Eric Tran,Operations,EMP003,4,APPROVED,,,,,,,https://receipts.brim.example/003326.pdf,,True
TXN-002512,****-****-****-4008,CANADIAN TIRE 445,103.11,142.19,USD,1.379,2026-02-27 17:32:00,7538,Automotive Service Shops,TXC-008,EMP008,Eric Tran,Operations,EMP003,4,APPROVED,,,,,,,https://receipts.brim.example/002512.pdf,,True
TXN-000177,****-****-****-4008,AMAZON MKTPLACE,31.96,44.07,USD,1.379,2026-02-27 18:07:00,5111,Stationery & Office Supplies,TXC-008,EMP008,Eric Tran,Operations,EMP003,4,APPROVED,,,,,,,https://receipts.brim.example/000177.pdf,,True
TXN-000759,****-****-****-4003,FLYING J #771,41.98,57.89,USD,1.379,2026-02-27 21:06:00,5172,Petroleum & Petroleum Products,TXC-003,EMP003,Marcus Webb,Operations,EMP001,5,APPROVED,,,,,,,https://receipts.brim.example/000759.pdf,,True
TXN-001934,****-****-****-4003,QUICK FUEL STOP,72.61,100.13,USD,1.379,2026-02-27 21:54:00,5541,Service Stations,TXC-003,EMP003,Marcus Webb,Operations,EMP001,5,APPROVED,,,,,,,https://receipts.brim.example/001934.pdf,,True
TXN-001164,****-****-****-4008,MCDONALDS DT QPS,14.17,19.54,USD,1.379,2026-02-28 07:10:00,5812,Eating Places & Restaurants,TXC-008,EMP008,Eric Tran,Operations,EMP003,4,APPROVED,,,,,,,https://receipts.brim.example/001164.pdf,,True
TXN-002052,****-****-****-4005,FOUNTAIN TIRE,92.71,127.85,USD,1.379,2026-02-28 07:58:00,7538,Automotive Service Shops,TXC-005,EMP005,Dana Park,Finance,EMP002,3,APPROVED,,,,,,,https://receipts.brim.example/002052.pdf,,True
TXN-004283,****-****-****-4008,PILOT TRAVEL 209,21.39,29.5,USD,1.379,2026-02-28 08:47:00,5541,Service Stations,TXC-008,EMP008,Eric Tran,Operations,EMP003,4,APPROVED,,,,,,,https://receipts.brim.example/004283.pdf,,True
TXN-002907,****-****-****-4002,GREEN P PARKING,22.33,30.79,USD,1.379,2026-02-28 10:03:00,4131,Bus Lines / Tolls,TXC-002,EMP002,Priya Nair,Finance,EMP001,5,APPROVED,,,,,,,https://receipts.brim.example/002907.pdf,,True
TXN-003472,****-****-****-4005,QUICK FUEL STOP,54.41,75.03,USD,1.379,2026-02-28 10:10:00,5541,Service Stations,TXC-005,EMP005,Dana Park,Finance,EMP002,3,APPROVED,,,,,,,https://receipts.brim.example/003472.pdf,,True
TXN-001822,****-****-****-4009,PRECISE PARKLINK,12.09,16.67,USD,1.379,2026-02-28 10:57:00,7523,Parking Lots & Garages,TXC-009,EMP009,Grace Lee,Operations,EMP008,3,APPROVED,,,,,,,https://receipts.brim.example/001822.pdf,,True
TXN-002101,****-****-****-4004,WENDYS 7781,36.4,50.2,USD,1.379,2026-02-28 11:01:00,5812,Eating Places & Restaurants,TXC-004,EMP004,Alice Chen,Finance,EMP002,4,APPROVED,,,,,,,https://receipts.brim.example/002101.pdf,,True
TXN-003811,****-****-****-4007,SUBWAY 40021,35.62,49.12,USD,1.379,2026-02-28 11:20:00,5814,Fast Food Restaurants,TXC-007,EMP007,Carol White,Finance,EMP004,2,APPROVED,,,,,,,https://receipts.brim.example/003811.pdf,TRIP-0251,True
TXN-003172,****-****-****-4002,ESSO RETAIL 113,66.28,91.4,USD,1.379,2026-02-28 11:28:00,5541,Service Stations,TXC-002,EMP002,Priya Nair,Finance,EMP001,5,APPROVED,,,,,,,https://receipts.brim.example/003172.pdf,,True
TXN-003390,****-****-****-4008,ULTRAMAR 55,58.99,81.35,USD,1.379,2026-02-28 13:26:00,5541,Service Stations,TXC-008,EMP008,Eric Tran,Operations,EMP003,4,PENDING,,,,,,,,,False
TXN-004038,****-****-****-4003,ESSO RETAIL 113,23.45,32.34,USD,1.379,2026-02-28 15:09:00,5541,Service Stations,TXC-003,EMP003,Marcus Webb,Operations,EMP001,5,APPROVED,,,,,,,https://receipts.brim.example/004038.pdf,,True
TXN-000023,****-****-****-4002,INTERCONTINENTAL FLEET ACQUISITION,191442.0,263998.52,USD,1.379,2026-02-28 15:30:00,5172,Petroleum & Petroleum Products,TXC-002,EMP002,Priya Nair,Finance,EMP001,5,PENDING,,,,,,,,,False
TXN-003535,****-****-****-4007,BOSTON PIZZA 12,11.86,16.35,USD,1.379,2026-02-28 15:32:00,5814,Fast Food Restaurants,TXC-007,EMP007,Carol White,Finance,EMP004,2,APPROVED,,,,,,,https://receipts.brim.example/003535.pdf,,True
TXN-004061,****-****-****-4005,SHELL DT #4421,80.62,111.17,USD,1.379,2026-02-28 15:34:00,5172,Petroleum & Petroleum Products,TXC-005,EMP005,Dana Park,Finance,EMP002,3,APPROVED,,,,,,,https://receipts.brim.example/004061.pdf,,True
TXN-002332,****-****-****-4002,PETRO-CANADA 8821,31.61,43.59,USD,1.379,2026-02-28 17:06:00,5541,Service Stations,TXC-002,EMP002,Priya Nair,Finance,EMP001,5,APPROVED,,,,,,,https://receipts.brim.example/002332.pdf,,True
TXN-002558,****-****-****-4007,SUBWAY 40021,45.78,63.13,USD,1.379,2026-02-28 17:52:00,5812,Eating Places & Restaurants,TXC-007,EMP007,Carol White,Finance,EMP004,2,APPROVED,,,,,,,https://receipts.brim.example/002558.pdf,,True
TXN-003389,****-****-****-4009,FLYING J #771,91.47,126.14,USD,1.379,2026-02-28 19:12:00,5172,Petroleum & Petroleum Products,TXC-009,EMP009,Grace Lee,Operations,EMP008,3,APPROVED,,,,,,,https://receipts.brim.example/003389.pdf,,True
TXN-000637,****-****-****-4007,HOLIDAY INN EXPRESS,145.72,200.95,USD,1.379,2026-02-28 21:58:00,7011,"Hotels, Motels & Resorts",TXC-007,EMP007,Carol White,Finance,EMP004,2,APPROVED,,,,,,,https://receipts.brim.example/000637.pdf,,True
TXN-002138,****-****-****-4008,GRAND & TOY 5,23.88,32.93,USD,1.379,2026-03-01 07:28:00,5111,Stationery & Office Supplies,TXC-008,EMP008,Eric Tran,Operations,EMP003,4,APPROVED,,,,,,,https://receipts.brim.example/002138.pdf,,True
TXN-002320,****-****-****-4009,ROADSIDE GRILL CO,30.55,42.13,USD,1.379,2026-03-01 08:22:00,5812,Eating Places & Restaurants,TXC-009,EMP009,Grace Lee,Operations,EMP008,3,APPROVED,,,,,,,https://receipts.brim.example/002320.pdf,,True
TXN-002611,****-****-****-4008,COSTCO WHSE 44,167.12,230.46,USD,1.379,2026-03-01 08:30:00,5045,Computers & Peripherals,TXC-008,EMP008,Eric Tran,Operations,EMP003,4,APPROVED,,,,,,,https://receipts.brim.example/002611.pdf,,True
TXN-003611,****-****-****-4008,ULTRAMAR 55,77.44,106.79,USD,1.379,2026-03-01 08:47:00,5172,Petroleum & Petroleum Products,TXC-008,EMP008,Eric Tran,Operations,EMP003,4,APPROVED,,,,,,,https://receipts.brim.example/003611.pdf,,True
TXN-003292,****-****-****-4008,PETRO-CANADA 8821,36.51,50.35,USD,1.379,2026-03-01 08:59:00,5541,Service Stations,TXC-008,EMP008,Eric Tran,Operations,EMP003,4,APPROVED,,,,,,,https://receipts.brim.example/003292.pdf,TRIP-0218,True
TXN-004158,****-****-****-4009,SUPER 8 MOTEL,158.95,219.19,USD,1.379,2026-03-01 09:11:00,7011,"Hotels, Motels & Resorts",TXC-009,EMP009,Grace Lee,Operations,EMP008,3,APPROVED,,,,,,,https://receipts.brim.example/004158.pdf,TRIP-0280,True
TXN-003812,****-****-****-4007,MCDONALDS DT QPS,18.17,25.06,USD,1.379,2026-03-01 11:12:00,5812,Eating Places & Restaurants,TXC-007,EMP007,Carol White,Finance,EMP004,2,APPROVED,,,,,,,https://receipts.brim.example/003812.pdf,TRIP-0251,True
TXN-003969,****-****-****-4004,SHELL DT #4421,97.69,134.71,USD,1.379,2026-03-01 11:39:00,5172,Petroleum & Petroleum Products,TXC-004,EMP004,Alice Chen,Finance,EMP002,4,APPROVED,,,,,,,https://receipts.brim.example/003969.pdf,,True
TXN-002922,****-****-****-4003,HOME DEPOT 88,66.33,91.47,USD,1.379,2026-03-01 13:07:00,5045,Computers & Peripherals,TXC-003,EMP003,Marcus Webb,Operations,EMP001,5,APPROVED,,,,,,,https://receipts.brim.example/002922.pdf,,True
TXN-000531,****-****-****-4009,IMPARK LOT 88,26.32,36.3,USD,1.379,2026-03-01 14:00:00,7523,Parking Lots & Garages,TXC-009,EMP009,Grace Lee,Operations,EMP008,3,APPROVED,,,,,,,https://receipts.brim.example/000531.pdf,,True
TXN-000236,****-****-****-4008,ESSO RETAIL 113,56.2,77.5,USD,1.379,2026-03-01 14:27:00,5541,Service Stations,TXC-008,EMP008,Eric Tran,Operations,EMP003,4,APPROVED,,,,,,,https://receipts.brim.example/000236.pdf,,True
TXN-001582,****-****-****-4005,FLYING J #771,25.65,35.37,USD,1.379,2026-03-01 14:56:00,5172,Petroleum & Petroleum Products,TXC-005,EMP005,Dana Park,Finance,EMP002,3,APPROVED,,,,,,,https://receipts.brim.example/001582.pdf,,True
TXN-000419,****-****-****-4007,FOUNTAIN TIRE,171.2,236.08,USD,1.379,2026-03-01 15:10:00,7531,Auto Body Repair Shops,TXC-007,EMP007,Carol White,Finance,EMP004,2,APPROVED,,,,,,,,,True
TXN-004331,****-****-****-4001,BOSTON PIZZA 12,37.54,51.77,USD,1.379,2026-03-01 16:01:00,5814,Fast Food Restaurants,TXC-001,EMP001,Olivia Reyes,Executive,,6,APPROVED,,,,,,,https://receipts.brim.example/004331.pdf,,True
TXN-002404,****-****-****-4007,407 ETR TOLL,15.33,21.14,USD,1.379,2026-03-01 16:48:00,7523,Parking Lots & Garages,TXC-007,EMP007,Carol White,Finance,EMP004,2,APPROVED,,,,,,,https://receipts.brim.example/002404.pdf,,True
TXN-002298,****-****-****-4003,PRECISE PARKLINK,11.24,15.5,USD,1.379,2026-03-01 16:55:00,4131,Bus Lines / Tolls,TXC-003,EMP003,Marcus Webb,Operations,EMP001,5,APPROVED,,,,,,,https://receipts.brim.example/002298.pdf,,True
TXN-003122,****-****-****-4003,MICROSOFT 365,129.07,177.99,USD,1.379,2026-03-01 17:44:00,5734,Computer Software Stores,TXC-003,EMP003,Marcus Webb,Operations,EMP001,5,APPROVED,,,,,,,https://receipts.brim.example/003122.pdf,,True
TXN-002664,****-****-****-4008,QUICK FUEL STOP,27.97,38.57,USD,1.379,2026-03-01 17:48:00,5541,Service Stations,TXC-008,EMP008,Eric Tran,Operations,EMP003,4,APPROVED,,,,,,,https://receipts.brim.example/002664.pdf,,True
TXN-000506,****-****-****-4003,BEST WESTERN 71,189.76,261.68,USD,1.379,2026-03-01 18:59:00,7011,"Hotels, Motels & Resorts",TXC-003,EMP003,Marcus Webb,Operations,EMP001,5,APPROVED,,,,,,,https://receipts.brim.example/000506.pdf,,True
TXN-000198,****-****-****-4004,PETRO-CANADA 8821,87.17,120.21,USD,1.379,2026-03-01 20:03:00,5541,Service Stations,TXC-004,EMP004,Alice Chen,Finance,EMP002,4,APPROVED,,,,,,,https://receipts.brim.example/000198.pdf,,True
TXN-001248,****-****-****-4007,TIM HORTONS #882,11.81,16.29,USD,1.379,2026-03-01 21:02:00,5814,Fast Food Restaurants,TXC-007,EMP007,Carol White,Finance,EMP004,2,APPROVED,,,,,,,https://receipts.brim.example/001248.pdf,,True
TXN-002800,****-****-****-4009,GREEN P PARKING,28.3,39.03,USD,1.379,2026-03-01 21:43:00,7523,Parking Lots & Garages,TXC-009,EMP009,Grace Lee,Operations,EMP008,3,APPROVED,,,,,,,https://receipts.brim.example/002800.pdf,,True
TXN-002888,****-****-****-4003,FLYING J #771,30.77,42.43,USD,1.379,2026-03-02 05:49:00,5541,Service Stations,TXC-003,EMP003,Marcus Webb,Operations,EMP001,5,APPROVED,,,,,,,https://receipts.brim.example/002888.pdf,TRIP-0190,True
TXN-003004,****-****-****-4003,WENDYS 7781,24.13,33.28,USD,1.379,2026-03-02 08:52:00,5814,Fast Food Restaurants,TXC-003,EMP003,Marcus Webb,Operations,EMP001,5,APPROVED,,,,,,,https://receipts.brim.example/003004.pdf,,True
TXN-001836,****-****-****-4006,BOSTON PIZZA 12,31.31,43.18,USD,1.379,2026-03-02 09:12:00,5814,Fast Food Restaurants,TXC-006,EMP006,Bob Kumar,Finance,EMP004,2,APPROVED,,,,,,,https://receipts.brim.example/001836.pdf,,True
TXN-001002,****-****-****-4004,HOLIDAY INN EXPRESS,217.22,299.55,USD,1.379,2026-03-02 09:22:00,7011,"Hotels, Motels & Resorts",TXC-004,EMP004,Alice Chen,Finance,EMP002,4,APPROVED,,,,,,,https://receipts.brim.example/001002.pdf,,True
TXN-002794,****-****-****-4004,BEST BUY 112,84.99,117.2,USD,1.379,2026-03-02 10:25:00,5300,Wholesale Clubs,TXC-004,EMP004,Alice Chen,Finance,EMP002,4,PENDING,,,,,,,,,False
TXN-003720,****-****-****-4009,ULTRAMAR 55,41.84,57.7,USD,1.379,2026-03-02 12:42:00,5172,Petroleum & Petroleum Products,TXC-009,EMP009,Grace Lee,Operations,EMP008,3,APPROVED,,,,,,,https://receipts.brim.example/003720.pdf,,True
TXN-002742,****-****-****-4003,PETRO-CANADA 8821,132.08,182.14,USD,1.379,2026-03-02 13:14:00,5172,Petroleum & Petroleum Products,TXC-003,EMP003,Marcus Webb,Operations,EMP001,5,APPROVED,,,,,,,https://receipts.brim.example/002742.pdf,,True
TXN-002141,****-****-****-4001,PETRO-CANADA 8821,17.88,24.66,USD,1.379,2026-03-02 13:15:00,5541,Service Stations,TXC-001,EMP001,Olivia Reyes,Executive,,6,APPROVED,,,,,,,https://receipts.brim.example/002141.pdf,,True
TXN-001400,****-****-****-4008,PETRO-CANADA 8821,76.14,105.0,USD,1.379,2026-03-02 13:22:00,5541,Service Stations,TXC-008,EMP008,Eric Tran,Operations,EMP003,4,APPROVED,,,,,,,https://receipts.brim.example/001400.pdf,,True
TXN-001102,****-****-****-4003,ULTRAMAR 55,62.2,85.77,USD,1.379,2026-03-02 14:13:00,5172,Petroleum & Petroleum Products,TXC-003,EMP003,Marcus Webb,Operations,EMP001,5,APPROVED,,,,,,,https://receipts.brim.example/001102.pdf,,True
TXN-001940,****-****-****-4009,WENDYS 7781,10.22,14.09,USD,1.379,2026-03-02 16:24:00,5812,Eating Places & Restaurants,TXC-009,EMP009,Grace Lee,Operations,EMP008,3,APPROVED,,,,,,,https://receipts.brim.example/001940.pdf,,True
TXN-000821,****-****-****-4006,PETRO-CANADA 8821,52.76,72.76,USD,1.379,2026-03-02 16:44:00,5541,Service Stations,TXC-006,EMP006,Bob Kumar,Finance,EMP004,2,PENDING,,,,,,,,,False
TXN-000099,****-****-****-4005,ALPHA CONSULTING GROUP,1070.15,1475.74,USD,1.379,2026-03-02 18:00:00,4814,Telecom Services,TXC-005,EMP005,Dana Park,Finance,EMP002,3,APPROVED,,,,,,,https://receipts.brim.example/000099.pdf,,True
TXN-004168,****-****-****-4007,SHELL DT #4421,59.3,81.77,USD,1.379,2026-03-02 18:03:00,5541,Service Stations,TXC-007,EMP007,Carol White,Finance,EMP004,2,APPROVED,,,,,,,https://receipts.brim.example/004168.pdf,,True
TXN-001351,****-****-****-4009,SUBWAY 40021,5.3,7.31,USD,1.379,2026-03-02 19:30:00,5814,Fast Food Restaurants,TXC-009,EMP009,Grace Lee,Operations,EMP008,3,APPROVED,,,,,,,https://receipts.brim.example/001351.pdf,,True
TXN-001516,****-****-****-4004,BOSTON PIZZA 12,30.02,41.4,USD,1.379,2026-03-02 20:13:00,5814,Fast Food Restaurants,TXC-004,EMP004,Alice Chen,Finance,EMP002,4,APPROVED,,,,,,,https://receipts.brim.example/001516.pdf,,True
TXN-003126,****-****-****-4004,TIM HORTONS #882,29.71,40.97,USD,1.379,2026-03-02 20:32:00,5814,Fast Food Restaurants,TXC-004,EMP004,Alice Chen,Finance,EMP002,4,APPROVED,,,,,,,https://receipts.brim.example/003126.pdf,,True
TXN-000712,****-****-****-4002,A&W STORE 551,32.24,44.46,USD,1.379,2026-03-02 20:51:00,5814,Fast Food Restaurants,TXC-002,EMP002,Priya Nair,Finance,EMP001,5,APPROVED,,,,,,,https://receipts.brim.example/000712.pdf,,True
TXN-003190,****-****-****-4008,AWS MEMB,84.54,116.58,USD,1.379,2026-03-03 07:37:00,5734,Computer Software Stores,TXC-008,EMP008,Eric Tran,Operations,EMP003,4,PENDING,,,,,,,https://receipts.brim.example/003190.pdf,,False
TXN-003291,****-****-****-4008,COMFORT INN 442,167.62,231.15,USD,1.379,2026-03-03 08:14:00,7011,"Hotels, Motels & Resorts",TXC-008,EMP008,Eric Tran,Operations,EMP003,4,APPROVED,,,,,,,https://receipts.brim.example/003291.pdf,TRIP-0218,True
TXN-002955,****-****-****-4004,QUICK FUEL STOP,36.14,49.84,USD,1.379,2026-03-03 08:32:00,5172,Petroleum & Petroleum Products,TXC-004,EMP004,Alice Chen,Finance,EMP002,4,APPROVED,,,,,,,https://receipts.brim.example/002955.pdf,,True
TXN-002887,****-****-****-4003,DAYS INN 209,142.76,196.87,USD,1.379,2026-03-03 10:36:00,7011,"Hotels, Motels & Resorts",TXC-003,EMP003,Marcus Webb,Operations,EMP001,5,APPROVED,,,,,,,https://receipts.brim.example/002887.pdf,TRIP-0190,True
TXN-000058,****-****-****-4006,MCDONALDS DT QPS,55.55,76.6,USD,1.379,2026-03-03 11:00:00,5541,Service Stations,TXC-006,EMP006,Bob Kumar,Finance,EMP004,2,APPROVED,,,,,,,https://receipts.brim.example/000058.pdf,,True
TXN-000441,****-****-****-4009,PILOT TRAVEL 209,66.75,92.05,USD,1.379,2026-03-03 11:24:00,5541,Service Stations,TXC-009,EMP009,Grace Lee,Operations,EMP008,3,APPROVED,,,,,,,https://receipts.brim.example/000441.pdf,,True
TXN-004225,****-****-****-4009,A&W STORE 551,24.52,33.81,USD,1.379,2026-03-03 11:29:00,5814,Fast Food Restaurants,TXC-009,EMP009,Grace Lee,Operations,EMP008,3,APPROVED,,,,,,,https://receipts.brim.example/004225.pdf,,True
TXN-000426,****-****-****-4007,ESSO RETAIL 113,57.39,79.14,USD,1.379,2026-03-03 11:35:00,5541,Service Stations,TXC-007,EMP007,Carol White,Finance,EMP004,2,APPROVED,,,,,,,https://receipts.brim.example/000426.pdf,,True
TXN-004159,****-****-****-4009,WENDYS 7781,9.04,12.47,USD,1.379,2026-03-03 12:38:00,5814,Fast Food Restaurants,TXC-009,EMP009,Grace Lee,Operations,EMP008,3,APPROVED,,,,,,,https://receipts.brim.example/004159.pdf,TRIP-0280,True
TXN-003028,****-****-****-4009,WENDYS 7781,79.72,109.93,USD,1.379,2026-03-03 12:52:00,5814,Fast Food Restaurants,TXC-009,EMP009,Grace Lee,Operations,EMP008,3,APPROVED,,,,,,,https://receipts.brim.example/003028.pdf,,True
TXN-004077,****-****-****-4008,FLYING J #771,113.22,156.13,USD,1.379,2026-03-03 12:54:00,5541,Service Stations,TXC-008,EMP008,Eric Tran,Operations,EMP003,4,APPROVED,,,,,,,https://receipts.brim.example/004077.pdf,,True
TXN-002337,****-****-****-4007,PETRO-CANADA 8821,73.43,101.26,USD,1.379,2026-03-03 14:34:00,5541,Service Stations,TXC-007,EMP007,Carol White,Finance,EMP004,2,APPROVED,,,,,,,https://receipts.brim.example/002337.pdf,,True
TXN-002953,****-****-****-4007,SUPER 8 MOTEL,202.78,279.63,USD,1.379,2026-03-03 15:12:00,7011,"Hotels, Motels & Resorts",TXC-007,EMP007,Carol White,Finance,EMP004,2,APPROVED,,,,,,,https://receipts.brim.example/002953.pdf,,True
TXN-002582,****-****-****-4008,HOME DEPOT 88,141.1,194.58,USD,1.379,2026-03-03 17:20:00,5045,Computers & Peripherals,TXC-008,EMP008,Eric Tran,Operations,EMP003,4,APPROVED,,,,,,,https://receipts.brim.example/002582.pdf,,True
TXN-002261,****-****-****-4003,ULTRAMAR 55,190.8,263.11,USD,1.379,2026-03-03 21:12:00,5172,Petroleum & Petroleum Products,TXC-003,EMP003,Marcus Webb,Operations,EMP001,5,APPROVED,,,,,,,https://receipts.brim.example/002261.pdf,,True
TXN-000410,****-****-****-4003,PILOT TRAVEL 209,95.78,132.08,USD,1.379,2026-03-03 21:25:00,5541,Service Stations,TXC-003,EMP003,Marcus Webb,Operations,EMP001,5,APPROVED,,,,,,,https://receipts.brim.example/000410.pdf,,True
TXN-002963,****-****-****-4009,GOOGLE WORKSPACE,38.31,52.83,USD,1.379,2026-03-03 21:46:00,5734,Computer Software Stores,TXC-009,EMP009,Grace Lee,Operations,EMP008,3,APPROVED,,,,,,,https://receipts.brim.example/002963.pdf,,True
TXN-002299,****-****-****-4008,AMAZON MKTPLACE,31.25,43.09,USD,1.379,2026-03-04 08:24:00,5943,Stationery & Writing Supplies,TXC-008,EMP008,Eric Tran,Operations,EMP003,4,APPROVED,,,,,,,https://receipts.brim.example/002299.pdf,,True
TXN-000924,****-****-****-4002,PILOT TRAVEL 209,101.64,140.16,USD,1.379,2026-03-04 10:18:00,5541,Service Stations,TXC-002,EMP002,Priya Nair,Finance,EMP001,5,APPROVED,,,,,,,https://receipts.brim.example/000924.pdf,,True
TXN-001674,****-****-****-4001,COSTCO WHSE 44,65.94,90.93,USD,1.379,2026-03-04 13:15:00,5045,Computers & Peripherals,TXC-001,EMP001,Olivia Reyes,Executive,,6,APPROVED,,,,,,,,,True
TXN-000779,****-****-****-4004,PILOT TRAVEL 209,126.37,174.26,USD,1.379,2026-03-04 14:34:00,5541,Service Stations,TXC-004,EMP004,Alice Chen,Finance,EMP002,4,APPROVED,,,,,,,https://receipts.brim.example/000779.pdf,,True
TXN-000709,****-****-****-4002,HOME DEPOT 88,225.57,311.06,USD,1.379,2026-03-04 14:50:00,5045,Computers & Peripherals,TXC-002,EMP002,Priya Nair,Finance,EMP001,5,APPROVED,,,,,,,https://receipts.brim.example/000709.pdf,,True
TXN-000747,****-****-****-4009,FLYING J #771,52.32,72.15,USD,1.379,2026-03-04 15:13:00,5541,Service Stations,TXC-009,EMP009,Grace Lee,Operations,EMP008,3,PENDING,,,,,,,https://receipts.brim.example/000747.pdf,TRIP-0041,False
TXN-003919,****-****-****-4009,QUICK FUEL STOP,34.26,47.24,USD,1.379,2026-03-04 15:31:00,5172,Petroleum & Petroleum Products,TXC-009,EMP009,Grace Lee,Operations,EMP008,3,APPROVED,,,,,,,https://receipts.brim.example/003919.pdf,,True
TXN-000492,****-****-****-4009,WENDYS 7781,17.14,23.64,USD,1.379,2026-03-04 16:06:00,5814,Fast Food Restaurants,TXC-009,EMP009,Grace Lee,Operations,EMP008,3,APPROVED,,,,,,,https://receipts.brim.example/000492.pdf,,True
TXN-001831,****-****-****-4001,KAL TIRE 9,260.01,358.55,USD,1.379,2026-03-04 16:15:00,7538,Automotive Service Shops,TXC-001,EMP001,Olivia Reyes,Executive,,6,APPROVED,,,,,,,https://receipts.brim.example/001831.pdf,,True
TXN-000746,****-****-****-4009,BEST WESTERN 71,175.42,241.9,USD,1.379,2026-03-04 16:21:00,7011,"Hotels, Motels & Resorts",TXC-009,EMP009,Grace Lee,Operations,EMP008,3,APPROVED,,,,,,,https://receipts.brim.example/000746.pdf,TRIP-0041,True
TXN-000860,****-****-****-4008,WENDYS 7781,15.83,21.83,USD,1.379,2026-03-04 19:12:00,5814,Fast Food Restaurants,TXC-008,EMP008,Eric Tran,Operations,EMP003,4,APPROVED,,,,,,,https://receipts.brim.example/000860.pdf,,True
TXN-004104,****-****-****-4009,BEST WESTERN 71,243.75,336.13,USD,1.379,2026-03-04 19:25:00,7011,"Hotels, Motels & Resorts",TXC-009,EMP009,Grace Lee,Operations,EMP008,3,APPROVED,,,,,,,https://receipts.brim.example/004104.pdf,,True
TXN-002429,****-****-****-4001,AMAZON MKTPLACE,39.22,54.08,USD,1.379,2026-03-04 19:59:00,5111,Stationery & Office Supplies,TXC-001,EMP001,Olivia Reyes,Executive,,6,APPROVED,,,,,,,https://receipts.brim.example/002429.pdf,,True
TXN-000680,****-****-****-4009,ROGERS WIRELESS,120.09,165.6,USD,1.379,2026-03-05 09:10:00,4814,Telecom Services,TXC-009,EMP009,Grace Lee,Operations,EMP008,3,PENDING,,,,,,,https://receipts.brim.example/000680.pdf,,False
TXN-003341,****-****-****-4002,PILOT TRAVEL 209,89.62,123.59,USD,1.379,2026-03-05 10:10:00,5172,Petroleum & Petroleum Products,TXC-002,EMP002,Priya Nair,Finance,EMP001,5,APPROVED,,,,,,,https://receipts.brim.example/003341.pdf,,True
TXN-000946,****-****-****-4004,ESSO RETAIL 113,168.42,232.25,USD,1.379,2026-03-05 11:41:00,5541,Service Stations,TXC-004,EMP004,Alice Chen,Finance,EMP002,4,APPROVED,,,,,,,https://receipts.brim.example/000946.pdf,,True
TXN-000326,****-****-****-4002,MCDONALDS DT QPS,30.13,41.55,USD,1.379,2026-03-05 14:24:00,5814,Fast Food Restaurants,TXC-002,EMP002,Priya Nair,Finance,EMP001,5,APPROVED,,,,,,,https://receipts.brim.example/000326.pdf,,True
TXN-003925,****-****-****-4009,ESSO RETAIL 113,44.53,61.41,USD,1.379,2026-03-05 15:03:00,5541,Service Stations,TXC-009,EMP009,Grace Lee,Operations,EMP008,3,APPROVED,,,,,,,https://receipts.brim.example/003925.pdf,,True
TXN-003109,****-****-****-4001,SHELL DT #4421,70.09,96.65,USD,1.379,2026-03-05 15:14:00,5541,Service Stations,TXC-001,EMP001,Olivia Reyes,Executive,,6,PENDING,,,,,,,https://receipts.brim.example/003109.pdf,,False
TXN-002559,****-****-****-4008,ULTRAMAR 55,62.46,86.13,USD,1.379,2026-03-05 15:45:00,5541,Service Stations,TXC-008,EMP008,Eric Tran,Operations,EMP003,4,APPROVED,,,,,,,https://receipts.brim.example/002559.pdf,,True
TXN-003680,****-****-****-4009,PRECISE PARKLINK,6.78,9.35,USD,1.379,2026-03-05 16:12:00,4131,Bus Lines / Tolls,TXC-009,EMP009,Grace Lee,Operations,EMP008,3,APPROVED,,,,,,,https://receipts.brim.example/003680.pdf,,True
TXN-000209,****-****-****-4004,KAL TIRE 9,292.02,402.7,USD,1.379,2026-03-05 16:34:00,7531,Auto Body Repair Shops,TXC-004,EMP004,Alice Chen,Finance,EMP002,4,APPROVED,,,,,,,https://receipts.brim.example/000209.pdf,,True
TXN-002289,****-****-****-4003,ROADSIDE GRILL CO,12.17,16.78,USD,1.379,2026-03-05 16:40:00,5812,Eating Places & Restaurants,TXC-003,EMP003,Marcus Webb,Operations,EMP001,5,APPROVED,,,,,,,https://receipts.brim.example/002289.pdf,,True
TXN-000819,****-****-****-4007,QUICK FUEL STOP,231.44,319.16,USD,1.379,2026-03-05 17:08:00,5172,Petroleum & Petroleum Products,TXC-007,EMP007,Carol White,Finance,EMP004,2,APPROVED,,,,,,,https://receipts.brim.example/000819.pdf,,True
TXN-003595,****-****-****-4002,MCDONALDS DT QPS,40.98,56.51,USD,1.379,2026-03-05 17:56:00,5814,Fast Food Restaurants,TXC-002,EMP002,Priya Nair,Finance,EMP001,5,APPROVED,,,,,,,https://receipts.brim.example/003595.pdf,,True
TXN-000835,****-****-****-4009,A&W STORE 551,23.29,32.12,USD,1.379,2026-03-05 19:17:00,5812,Eating Places & Restaurants,TXC-009,EMP009,Grace Lee,Operations,EMP008,3,APPROVED,,,,,,,https://receipts.brim.example/000835.pdf,,True
TXN-003756,****-****-****-4004,ESSO RETAIL 113,51.18,70.58,USD,1.379,2026-03-05 21:04:00,5541,Service Stations,TXC-004,EMP004,Alice Chen,Finance,EMP002,4,APPROVED,,,,,,,https://receipts.brim.example/003756.pdf,,True
TXN-001371,****-****-****-4009,ESSO RETAIL 113,70.99,97.9,USD,1.379,2026-03-06 07:00:00,5172,Petroleum & Petroleum Products,TXC-009,EMP009,Grace Lee,Operations,EMP008,3,APPROVED,,,,,,,https://receipts.brim.example/001371.pdf,TRIP-0094,True
TXN-001411,****-****-****-4009,HOME DEPOT 88,63.08,86.99,USD,1.379,2026-03-06 08:29:00,5045,Computers & Peripherals,TXC-009,EMP009,Grace Lee,Operations,EMP008,3,APPROVED,,,,,,,https://receipts.brim.example/001411.pdf,,True
TXN-001363,****-****-****-4004,HOME DEPOT 88,49.53,68.3,USD,1.379,2026-03-06 09:06:00,5300,Wholesale Clubs,TXC-004,EMP004,Alice Chen,Finance,EMP002,4,APPROVED,,,,,,,https://receipts.brim.example/001363.pdf,,True
TXN-000257,****-****-****-4008,DAYS INN 209,185.33,255.57,USD,1.379,2026-03-06 09:41:00,7011,"Hotels, Motels & Resorts",TXC-008,EMP008,Eric Tran,Operations,EMP003,4,APPROVED,,,,,,,https://receipts.brim.example/000257.pdf,,True
TXN-001370,****-****-****-4009,BEST WESTERN 71,184.46,254.37,USD,1.379,2026-03-06 09:45:00,7011,"Hotels, Motels & Resorts",TXC-009,EMP009,Grace Lee,Operations,EMP008,3,APPROVED,,,,,,,https://receipts.brim.example/001370.pdf,TRIP-0094,True
TXN-001493,****-****-****-4009,QUICK FUEL STOP,54.6,75.29,USD,1.379,2026-03-06 10:02:00,5172,Petroleum & Petroleum Products,TXC-009,EMP009,Grace Lee,Operations,EMP008,3,APPROVED,,,,,,,,,True
TXN-003513,****-****-****-4009,GOOGLE WORKSPACE,158.4,218.43,USD,1.379,2026-03-06 10:15:00,4814,Telecom Services,TXC-009,EMP009,Grace Lee,Operations,EMP008,3,APPROVED,,,,,,,https://receipts.brim.example/003513.pdf,,True
TXN-001524,****-****-****-4007,FLYING J #771,80.6,111.15,USD,1.379,2026-03-06 11:15:00,5541,Service Stations,TXC-007,EMP007,Carol White,Finance,EMP004,2,APPROVED,,,,,,,https://receipts.brim.example/001524.pdf,,True
TXN-003670,****-****-****-4004,MCDONALDS DT QPS,9.77,13.47,USD,1.379,2026-03-06 13:32:00,5814,Fast Food Restaurants,TXC-004,EMP004,Alice Chen,Finance,EMP002,4,APPROVED,,,,,,,https://receipts.brim.example/003670.pdf,,True
TXN-000748,****-****-****-4009,ULTRAMAR 55,64.58,89.06,USD,1.379,2026-03-06 14:05:00,5541,Service Stations,TXC-009,EMP009,Grace Lee,Operations,EMP008,3,APPROVED,,,,,,,https://receipts.brim.example/000748.pdf,TRIP-0041,True
TXN-002190,****-****-****-4009,QUICK FUEL STOP,82.35,113.56,USD,1.379,2026-03-06 14:53:00,5172,Petroleum & Petroleum Products,TXC-009,EMP009,Grace Lee,Operations,EMP008,3,APPROVED,,,,,,,https://receipts.brim.example/002190.pdf,TRIP-0146,True
TXN-004181,****-****-****-4009,PILOT TRAVEL 209,68.03,93.81,USD,1.379,2026-03-06 15:22:00,5172,Petroleum & Petroleum Products,TXC-009,EMP009,Grace Lee,Operations,EMP008,3,APPROVED,,,,,,,https://receipts.brim.example/004181.pdf,,True
TXN-002187,****-****-****-4009,COMFORT INN 442,68.46,94.41,USD,1.379,2026-03-06 15:40:00,7011,"Hotels, Motels & Resorts",TXC-009,EMP009,Grace Lee,Operations,EMP008,3,APPROVED,,,,,,,https://receipts.brim.example/002187.pdf,TRIP-0146,True
TXN-002596,****-****-****-4002,PRECISE PARKLINK,13.39,18.46,USD,1.379,2026-03-06 17:10:00,7523,Parking Lots & Garages,TXC-002,EMP002,Priya Nair,Finance,EMP001,5,APPROVED,,,,,,,https://receipts.brim.example/002596.pdf,,True
TXN-000564,****-****-****-4001,BOSTON PIZZA 12,21.86,30.14,USD,1.379,2026-03-06 17:45:00,5814,Fast Food Restaurants,TXC-001,EMP001,Olivia Reyes,Executive,,6,APPROVED,,,,,,,https://receipts.brim.example/000564.pdf,,True
TXN-001991,****-****-****-4007,PRECISE PARKLINK,25.62,35.33,USD,1.379,2026-03-06 17:46:00,7523,Parking Lots & Garages,TXC-007,EMP007,Carol White,Finance,EMP004,2,APPROVED,,,,,,,https://receipts.brim.example/001991.pdf,,True
TXN-002681,****-****-****-4007,HOME DEPOT 88,57.77,79.66,USD,1.379,2026-03-06 17:47:00,5045,Computers & Peripherals,TXC-007,EMP007,Carol White,Finance,EMP004,2,APPROVED,,,,,,,https://receipts.brim.example/002681.pdf,,True
TXN-000469,****-****-****-4004,KAL TIRE 9,195.45,269.53,USD,1.379,2026-03-06 19:56:00,7531,Auto Body Repair Shops,TXC-004,EMP004,Alice Chen,Finance,EMP002,4,PENDING,,,,,,,https://receipts.brim.example/000469.pdf,,False
TXN-001014,****-****-****-4007,A&W STORE 551,9.94,13.71,USD,1.379,2026-03-06 20:40:00,5812,Eating Places & Restaurants,TXC-007,EMP007,Carol White,Finance,EMP004,2,APPROVED,,,,,,,https://receipts.brim.example/001014.pdf,,True
TXN-003835,****-****-****-4009,ESSO RETAIL 113,113.45,156.45,USD,1.379,2026-03-06 21:09:00,5541,Service Stations,TXC-009,EMP009,Grace Lee,Operations,EMP008,3,PENDING,,,,,,,https://receipts.brim.example/003835.pdf,,False
TXN-004074,****-****-****-4008,QUICK FUEL STOP,55.35,76.33,USD,1.379,2026-03-06 21:34:00,5172,Petroleum & Petroleum Products,TXC-008,EMP008,Eric Tran,Operations,EMP003,4,APPROVED,,,,,,,https://receipts.brim.example/004074.pdf,,True
TXN-002753,****-****-****-4008,BOSTON PIZZA 12,36.06,49.73,USD,1.379,2026-03-06 21:43:00,5814,Fast Food Restaurants,TXC-008,EMP008,Eric Tran,Operations,EMP003,4,APPROVED,,,,,,,https://receipts.brim.example/002753.pdf,,True
TXN-001373,****-****-****-4009,SHELL DT #4421,129.65,178.79,USD,1.379,2026-03-07 05:56:00,5172,Petroleum & Petroleum Products,TXC-009,EMP009,Grace Lee,Operations,EMP008,3,APPROVED,,,,,,,https://receipts.brim.example/001373.pdf,TRIP-0094,True
TXN-000223,****-****-****-4002,ROADSIDE GRILL CO,12.95,17.86,USD,1.379,2026-03-07 08:32:00,5814,Fast Food Restaurants,TXC-002,EMP002,Priya Nair,Finance,EMP001,5,APPROVED,,,,,,,https://receipts.brim.example/000223.pdf,,True
TXN-001201,****-****-****-4009,TIM HORTONS #882,9.98,13.76,USD,1.379,2026-03-07 09:38:00,5814,Fast Food Restaurants,TXC-009,EMP009,Grace Lee,Operations,EMP008,3,APPROVED,,,,,,,https://receipts.brim.example/001201.pdf,,True
TXN-003214,****-****-****-4007,COMFORT INN 442,162.03,223.44,USD,1.379,2026-03-07 12:10:00,7011,"Hotels, Motels & Resorts",TXC-007,EMP007,Carol White,Finance,EMP004,2,APPROVED,,,,,,,https://receipts.brim.example/003214.pdf,,True
TXN-002189,****-****-****-4009,WENDYS 7781,89.63,123.6,USD,1.379,2026-03-07 12:17:00,5812,Eating Places & Restaurants,TXC-009,EMP009,Grace Lee,Operations,EMP008,3,PENDING,,,,,,,https://receipts.brim.example/002189.pdf,TRIP-0146,False
TXN-002756,****-****-****-4007,HOLIDAY INN EXPRESS,176.73,243.71,USD,1.379,2026-03-07 12:43:00,7011,"Hotels, Motels & Resorts",TXC-007,EMP007,Carol White,Finance,EMP004,2,APPROVED,,,,,,,https://receipts.brim.example/002756.pdf,,True
TXN-001406,****-****-****-4009,WENDYS 7781,32.96,45.45,USD,1.379,2026-03-07 13:09:00,5814,Fast Food Restaurants,TXC-009,EMP009,Grace Lee,Operations,EMP008,3,APPROVED,,,,,,,https://receipts.brim.example/001406.pdf,,True
TXN-001599,****-****-****-4004,A&W STORE 551,9.97,13.75,USD,1.379,2026-03-07 14:42:00,5812,Eating Places & Restaurants,TXC-004,EMP004,Alice Chen,Finance,EMP002,4,APPROVED,,,,,,,https://receipts.brim.example/001599.pdf,,True
TXN-002398,****-****-****-4009,ROGERS WIRELESS,91.99,126.85,USD,1.379,2026-03-07 15:40:00,4814,Telecom Services,TXC-009,EMP009,Grace Lee,Operations,EMP008,3,APPROVED,,,,,,,https://receipts.brim.example/002398.pdf,,True
TXN-002129,****-****-****-4007,MICROSOFT 365,92.1,127.01,USD,1.379,2026-03-07 15:51:00,4814,Telecom Services,TXC-007,EMP007,Carol White,Finance,EMP004,2,APPROVED,,,,,,,https://receipts.brim.example/002129.pdf,,True
TXN-004137,****-****-****-4005,HOLIDAY INN EXPRESS,129.28,178.28,USD,1.379,2026-03-07 16:27:00,7011,"Hotels, Motels & Resorts",TXC-005,EMP005,Dana Park,Finance,EMP002,3,PENDING,,,,,,,https://receipts.brim.example/004137.pdf,TRIP-0279,False
TXN-001641,****-****-****-4004,ESSO RETAIL 113,60.51,83.44,USD,1.379,2026-03-07 16:59:00,5541,Service Stations,TXC-004,EMP004,Alice Chen,Finance,EMP002,4,APPROVED,,,,,,,https://receipts.brim.example/001641.pdf,,True
TXN-001062,****-****-****-4008,QUICK FUEL STOP,70.55,97.29,USD,1.379,2026-03-07 17:05:00,5541,Service Stations,TXC-008,EMP008,Eric Tran,Operations,EMP003,4,APPROVED,,,,,,,https://receipts.brim.example/001062.pdf,,True
TXN-003896,****-****-****-4002,SUPER 8 MOTEL,141.22,194.74,USD,1.379,2026-03-07 17:09:00,7011,"Hotels, Motels & Resorts",TXC-002,EMP002,Priya Nair,Finance,EMP001,5,APPROVED,,,,,,,https://receipts.brim.example/003896.pdf,TRIP-0262,True
TXN-000136,****-****-****-4007,FLYING J #771,45.99,63.42,USD,1.379,2026-03-07 17:10:00,5541,Service Stations,TXC-007,EMP007,Carol White,Finance,EMP004,2,APPROVED,,,,,,,https://receipts.brim.example/000136.pdf,TRIP-0006,True
TXN-002100,****-****-****-4008,PRECISE PARKLINK,27.23,37.55,USD,1.379,2026-03-07 18:03:00,7523,Parking Lots & Garages,TXC-008,EMP008,Eric Tran,Operations,EMP003,4,APPROVED,,,,,,,https://receipts.brim.example/002100.pdf,,True
TXN-000833,****-****-****-4008,FLYING J #771,83.12,114.62,USD,1.379,2026-03-07 18:13:00,5172,Petroleum & Petroleum Products,TXC-008,EMP008,Eric Tran,Operations,EMP003,4,PENDING,,,,,,,https://receipts.brim.example/000833.pdf,,False
TXN-001084,****-****-****-4001,407 ETR TOLL,21.98,30.31,USD,1.379,2026-03-07 19:04:00,7523,Parking Lots & Garages,TXC-001,EMP001,Olivia Reyes,Executive,,6,APPROVED,,,,,,,https://receipts.brim.example/001084.pdf,,True
TXN-004139,****-****-****-4005,MCDONALDS DT QPS,30.48,42.03,USD,1.379,2026-03-07 21:11:00,5812,Eating Places & Restaurants,TXC-005,EMP005,Dana Park,Finance,EMP002,3,APPROVED,,,,,,,https://receipts.brim.example/004139.pdf,TRIP-0279,True
TXN-000059,****-****-****-4006,SHELL DT #4421,50.1,69.09,USD,1.379,2026-03-08 02:00:00,5111,Stationery & Office Supplies,TXC-006,EMP006,Bob Kumar,Finance,EMP004,2,APPROVED,,,,,,,https://receipts.brim.example/000059.pdf,,True
TXN-001372,****-****-****-4009,ROADSIDE GRILL CO,28.17,38.85,USD,1.379,2026-03-08 06:38:00,5812,Eating Places & Restaurants,TXC-009,EMP009,Grace Lee,Operations,EMP008,3,APPROVED,,,,,,,https://receipts.brim.example/001372.pdf,TRIP-0094,True
TXN-002914,****-****-****-4003,SUBWAY 40021,13.31,18.35,USD,1.379,2026-03-08 07:31:00,5814,Fast Food Restaurants,TXC-003,EMP003,Marcus Webb,Operations,EMP001,5,APPROVED,,,,,,,https://receipts.brim.example/002914.pdf,TRIP-0191,True
TXN-000390,****-****-****-4007,FLYING J #771,100.49,138.58,USD,1.379,2026-03-08 07:36:00,5172,Petroleum & Petroleum Products,TXC-007,EMP007,Carol White,Finance,EMP004,2,APPROVED,,,,,,,https://receipts.brim.example/000390.pdf,,True
TXN-002913,****-****-****-4003,FLYING J #771,89.07,122.83,USD,1.379,2026-03-08 08:05:00,5172,Petroleum & Petroleum Products,TXC-003,EMP003,Marcus Webb,Operations,EMP001,5,APPROVED,,,,,,,https://receipts.brim.example/002913.pdf,TRIP-0191,True
TXN-001747,****-****-****-4008,SHELL DT #4421,26.48,36.52,USD,1.379,2026-03-08 08:55:00,5172,Petroleum & Petroleum Products,TXC-008,EMP008,Eric Tran,Operations,EMP003,4,APPROVED,,,,,,,https://receipts.brim.example/001747.pdf,,True
TXN-002911,****-****-****-4003,SUPER 8 MOTEL,67.78,93.47,USD,1.379,2026-03-08 09:32:00,7011,"Hotels, Motels & Resorts",TXC-003,EMP003,Marcus Webb,Operations,EMP001,5,APPROVED,,,,,,,https://receipts.brim.example/002911.pdf,TRIP-0191,True
TXN-001954,****-****-****-4002,ULTRAMAR 55,126.03,173.8,USD,1.379,2026-03-08 10:11:00,5541,Service Stations,TXC-002,EMP002,Priya Nair,Finance,EMP001,5,APPROVED,,,,,,,https://receipts.brim.example/001954.pdf,,True
TXN-004086,****-****-****-4007,COSTCO WHSE 44,155.5,214.43,USD,1.379,2026-03-08 10:48:00,5300,Wholesale Clubs,TXC-007,EMP007,Carol White,Finance,EMP004,2,APPROVED,,,,,,,https://receipts.brim.example/004086.pdf,,True
TXN-002912,****-****-****-4003,PETRO-CANADA 8821,41.47,57.19,USD,1.379,2026-03-08 11:31:00,5541,Service Stations,TXC-003,EMP003,Marcus Webb,Operations,EMP001,5,APPROVED,,,,,,,https://receipts.brim.example/002912.pdf,TRIP-0191,True
TXN-004116,****-****-****-4009,SUPER 8 MOTEL,144.09,198.7,USD,1.379,2026-03-08 12:30:00,7011,"Hotels, Motels & Resorts",TXC-009,EMP009,Grace Lee,Operations,EMP008,3,APPROVED,,,,,,,https://receipts.brim.example/004116.pdf,,True
TXN-004179,****-****-****-4004,MCDONALDS DT QPS,14.08,19.42,USD,1.379,2026-03-08 12:39:00,5814,Fast Food Restaurants,TXC-004,EMP004,Alice Chen,Finance,EMP002,4,APPROVED,,,,,,,https://receipts.brim.example/004179.pdf,,True
TXN-003083,****-****-****-4004,SUBWAY 40021,51.24,70.66,USD,1.379,2026-03-08 12:57:00,5814,Fast Food Restaurants,TXC-004,EMP004,Alice Chen,Finance,EMP002,4,PENDING,,,,,,,https://receipts.brim.example/003083.pdf,,False
TXN-003325,****-****-****-4009,PILOT TRAVEL 209,94.93,130.91,USD,1.379,2026-03-08 14:08:00,5172,Petroleum & Petroleum Products,TXC-009,EMP009,Grace Lee,Operations,EMP008,3,APPROVED,,,,,,,https://receipts.brim.example/003325.pdf,,True
TXN-003970,****-****-****-4008,SUBWAY 40021,47.84,65.97,USD,1.379,2026-03-08 14:30:00,5814,Fast Food Restaurants,TXC-008,EMP008,Eric Tran,Operations,EMP003,4,APPROVED,,,,,,,https://receipts.brim.example/003970.pdf,,True
TXN-000134,****-****-****-4007,BOSTON PIZZA 12,13.06,18.01,USD,1.379,2026-03-08 14:47:00,5814,Fast Food Restaurants,TXC-007,EMP007,Carol White,Finance,EMP004,2,APPROVED,,,,,,,https://receipts.brim.example/000134.pdf,TRIP-0006,True
TXN-000100,****-****-****-4005,ALPHA CONSULTING GROUP,1350.9,1862.89,USD,1.379,2026-03-08 16:00:00,4814,Telecom Services,TXC-005,EMP005,Dana Park,Finance,EMP002,3,APPROVED,,,,,,,https://receipts.brim.example/000100.pdf,,True
TXN-001020,****-****-****-4008,ULTRAMAR 55,77.55,106.94,USD,1.379,2026-03-08 16:49:00,5541,Service Stations,TXC-008,EMP008,Eric Tran,Operations,EMP003,4,APPROVED,,,,,,,https://receipts.brim.example/001020.pdf,,True
TXN-002692,****-****-****-4001,MCDONALDS DT QPS,28.83,39.76,USD,1.379,2026-03-08 18:09:00,5814,Fast Food Restaurants,TXC-001,EMP001,Olivia Reyes,Executive,,6,APPROVED,,,,,,,https://receipts.brim.example/002692.pdf,,True
TXN-001293,****-****-****-4004,ESSO RETAIL 113,45.0,62.05,USD,1.379,2026-03-08 18:46:00,5541,Service Stations,TXC-004,EMP004,Alice Chen,Finance,EMP002,4,APPROVED,,,,,,,https://receipts.brim.example/001293.pdf,TRIP-0088,True
TXN-002188,****-****-****-4009,ESSO RETAIL 113,142.68,196.76,USD,1.379,2026-03-08 18:48:00,5541,Service Stations,TXC-009,EMP009,Grace Lee,Operations,EMP008,3,APPROVED,,,,,,,https://receipts.brim.example/002188.pdf,TRIP-0146,True
TXN-003695,****-****-****-4004,QUICK FUEL STOP,38.93,53.68,USD,1.379,2026-03-08 19:26:00,5172,Petroleum & Petroleum Products,TXC-004,EMP004,Alice Chen,Finance,EMP002,4,APPROVED,,,,,,,https://receipts.brim.example/003695.pdf,,True
TXN-001687,****-****-****-4004,407 ETR TOLL,7.0,9.65,USD,1.379,2026-03-08 19:34:00,4131,Bus Lines / Tolls,TXC-004,EMP004,Alice Chen,Finance,EMP002,4,APPROVED,,,,,,,https://receipts.brim.example/001687.pdf,,True
TXN-000137,****-****-****-4006,QUICK FUEL STOP,80.45,110.94,USD,1.379,2026-03-08 20:03:00,5172,Petroleum & Petroleum Products,TXC-006,EMP006,Bob Kumar,Finance,EMP004,2,APPROVED,,,,,,,https://receipts.brim.example/000137.pdf,,True
TXN-003675,****-****-****-4007,STAPLES #112,70.27,96.9,USD,1.379,2026-03-08 20:13:00,5111,Stationery & Office Supplies,TXC-007,EMP007,Carol White,Finance,EMP004,2,APPROVED,,,,,,,https://receipts.brim.example/003675.pdf,,True
TXN-003445,****-****-****-4007,BOSTON PIZZA 12,23.13,31.9,USD,1.379,2026-03-08 20:45:00,5812,Eating Places & Restaurants,TXC-007,EMP007,Carol White,Finance,EMP004,2,APPROVED,,,,,,,https://receipts.brim.example/003445.pdf,,True
TXN-003673,****-****-****-4002,BOSTON PIZZA 12,26.62,36.71,USD,1.379,2026-03-09 08:50:00,5812,Eating Places & Restaurants,TXC-002,EMP002,Priya Nair,Finance,EMP001,5,APPROVED,,,,,,,https://receipts.brim.example/003673.pdf,,True
TXN-002037,****-****-****-4009,PILOT TRAVEL 209,44.89,61.9,USD,1.379,2026-03-09 10:10:00,5541,Service Stations,TXC-009,EMP009,Grace Lee,Operations,EMP008,3,APPROVED,,,,,,,https://receipts.brim.example/002037.pdf,,True
TXN-004138,****-****-****-4005,PETRO-CANADA 8821,49.33,68.03,USD,1.379,2026-03-09 11:41:00,5172,Petroleum & Petroleum Products,TXC-005,EMP005,Dana Park,Finance,EMP002,3,APPROVED,,,,,,,https://receipts.brim.example/004138.pdf,TRIP-0279,True
TXN-000681,****-****-****-4001,HOME DEPOT 88,217.63,300.11,USD,1.379,2026-03-09 11:48:00,5300,Wholesale Clubs,TXC-001,EMP001,Olivia Reyes,Executive,,6,APPROVED,,,,,,,https://receipts.brim.example/000681.pdf,,True
TXN-003427,****-****-****-4007,DAYS INN 209,297.71,410.54,USD,1.379,2026-03-09 13:55:00,7011,"Hotels, Motels & Resorts",TXC-007,EMP007,Carol White,Finance,EMP004,2,APPROVED,,,,,,,https://receipts.brim.example/003427.pdf,TRIP-0226,True
TXN-002520,****-****-****-4003,BEST WESTERN 71,145.45,200.58,USD,1.379,2026-03-09 14:54:00,7011,"Hotels, Motels & Resorts",TXC-003,EMP003,Marcus Webb,Operations,EMP001,5,APPROVED,,,,,,,https://receipts.brim.example/002520.pdf,,True
TXN-000133,****-****-****-4007,DAYS INN 209,135.87,187.36,USD,1.379,2026-03-09 15:06:00,7011,"Hotels, Motels & Resorts",TXC-007,EMP007,Carol White,Finance,EMP004,2,APPROVED,,,,,,,https://receipts.brim.example/000133.pdf,TRIP-0006,True
TXN-004000,****-****-****-4003,PETRO-CANADA 8821,75.38,103.95,USD,1.379,2026-03-09 15:43:00,5541,Service Stations,TXC-003,EMP003,Marcus Webb,Operations,EMP001,5,APPROVED,,,,,,,https://receipts.brim.example/004000.pdf,,True
TXN-004316,****-****-****-4008,SUBWAY 40021,31.63,43.62,USD,1.379,2026-03-09 16:25:00,5812,Eating Places & Restaurants,TXC-008,EMP008,Eric Tran,Operations,EMP003,4,APPROVED,,,,,,,https://receipts.brim.example/004316.pdf,,True
TXN-003897,****-****-****-4002,TIM HORTONS #882,35.75,49.3,USD,1.379,2026-03-09 17:13:00,5814,Fast Food Restaurants,TXC-002,EMP002,Priya Nair,Finance,EMP001,5,APPROVED,,,,,,,https://receipts.brim.example/003897.pdf,TRIP-0262,True
TXN-000558,****-****-****-4006,A&W STORE 551,11.48,15.83,USD,1.379,2026-03-09 18:42:00,5812,Eating Places & Restaurants,TXC-006,EMP006,Bob Kumar,Finance,EMP004,2,APPROVED,,,,,,,https://receipts.brim.example/000558.pdf,,True
TXN-004031,****-****-****-4009,PETRO-CANADA 8821,35.82,49.4,USD,1.379,2026-03-09 18:52:00,5172,Petroleum & Petroleum Products,TXC-009,EMP009,Grace Lee,Operations,EMP008,3,APPROVED,,,,,,,https://receipts.brim.example/004031.pdf,,True
TXN-003393,****-****-****-4004,PILOT TRAVEL 209,48.51,66.9,USD,1.379,2026-03-09 19:12:00,5541,Service Stations,TXC-004,EMP004,Alice Chen,Finance,EMP002,4,APPROVED,,,,,,,https://receipts.brim.example/003393.pdf,,True
TXN-000135,****-****-****-4007,MCDONALDS DT QPS,14.79,20.4,USD,1.379,2026-03-09 19:19:00,5812,Eating Places & Restaurants,TXC-007,EMP007,Carol White,Finance,EMP004,2,APPROVED,,,,,,,https://receipts.brim.example/000135.pdf,TRIP-0006,True
TXN-003758,****-****-****-4005,ESSO RETAIL 113,39.4,54.33,USD,1.379,2026-03-09 20:46:00,5172,Petroleum & Petroleum Products,TXC-005,EMP005,Dana Park,Finance,EMP002,3,APPROVED,,,,,,,https://receipts.brim.example/003758.pdf,,True
TXN-003689,****-****-****-4009,HOLIDAY INN EXPRESS,89.56,123.5,USD,1.379,2026-03-09 21:45:00,7011,"Hotels, Motels & Resorts",TXC-009,EMP009,Grace Lee,Operations,EMP008,3,PENDING,,,,,,,https://receipts.brim.example/003689.pdf,,False
TXN-003562,****-****-****-4001,BEST WESTERN 71,186.2,256.77,USD,1.379,2026-03-10 07:28:00,7011,"Hotels, Motels & Resorts",TXC-001,EMP001,Olivia Reyes,Executive,,6,PENDING,,,,,,,https://receipts.brim.example/003562.pdf,TRIP-0235,False
TXN-000173,****-****-****-4004,A&W STORE 551,25.75,35.51,USD,1.379,2026-03-10 08:11:00,5814,Fast Food Restaurants,TXC-004,EMP004,Alice Chen,Finance,EMP002,4,APPROVED,,,,,,,https://receipts.brim.example/000173.pdf,,True
TXN-003047,****-****-****-4003,GREEN P PARKING,20.5,28.27,USD,1.379,2026-03-10 09:42:00,4131,Bus Lines / Tolls,TXC-003,EMP003,Marcus Webb,Operations,EMP001,5,APPROVED,,,,,,,https://receipts.brim.example/003047.pdf,,True
TXN-003983,****-****-****-4005,COMFORT INN 442,138.15,190.51,USD,1.379,2026-03-10 10:51:00,7011,"Hotels, Motels & Resorts",TXC-005,EMP005,Dana Park,Finance,EMP002,3,APPROVED,,,,,,,https://receipts.brim.example/003983.pdf,,True
TXN-003153,****-****-****-4008,PILOT TRAVEL 209,20.55,28.34,USD,1.379,2026-03-10 11:57:00,5172,Petroleum & Petroleum Products,TXC-008,EMP008,Eric Tran,Operations,EMP003,4,APPROVED,,,,,,,https://receipts.brim.example/003153.pdf,,True
TXN-002956,****-****-****-4008,SUBWAY 40021,12.81,17.66,USD,1.379,2026-03-10 12:09:00,5812,Eating Places & Restaurants,TXC-008,EMP008,Eric Tran,Operations,EMP003,4,APPROVED,,,,,,,https://receipts.brim.example/002956.pdf,,True
TXN-002310,****-****-****-4009,GREEN P PARKING,19.45,26.82,USD,1.379,2026-03-10 13:47:00,7523,Parking Lots & Garages,TXC-009,EMP009,Grace Lee,Operations,EMP008,3,APPROVED,,,,,,,https://receipts.brim.example/002310.pdf,,True
TXN-003428,****-****-****-4007,FLYING J #771,41.88,57.75,USD,1.379,2026-03-10 14:28:00,5172,Petroleum & Petroleum Products,TXC-007,EMP007,Carol White,Finance,EMP004,2,APPROVED,,,,,,,https://receipts.brim.example/003428.pdf,TRIP-0226,True
TXN-002132,****-****-****-4001,ULTRAMAR 55,86.28,118.98,USD,1.379,2026-03-10 14:52:00,5172,Petroleum & Petroleum Products,TXC-001,EMP001,Olivia Reyes,Executive,,6,APPROVED,,,,,,,https://receipts.brim.example/002132.pdf,,True
TXN-001292,****-****-****-4004,HOLIDAY INN EXPRESS,101.66,140.19,USD,1.379,2026-03-10 15:21:00,7011,"Hotels, Motels & Resorts",TXC-004,EMP004,Alice Chen,Finance,EMP002,4,APPROVED,,,,,,,https://receipts.brim.example/001292.pdf,TRIP-0088,True
TXN-001981,****-****-****-4004,IMPARK LOT 88,12.32,16.99,USD,1.379,2026-03-10 17:02:00,4131,Bus Lines / Tolls,TXC-004,EMP004,Alice Chen,Finance,EMP002,4,APPROVED,,,,,,,https://receipts.brim.example/001981.pdf,,True
TXN-002054,****-****-****-4002,SHELL DT #4421,34.96,48.21,USD,1.379,2026-03-10 17:22:00,5541,Service Stations,TXC-002,EMP002,Priya Nair,Finance,EMP001,5,APPROVED,,,,,,,https://receipts.brim.example/002054.pdf,,True
TXN-002108,****-****-****-4002,407 ETR TOLL,20.99,28.95,USD,1.379,2026-03-10 18:07:00,4131,Bus Lines / Tolls,TXC-002,EMP002,Priya Nair,Finance,EMP001,5,APPROVED,,,,,,,https://receipts.brim.example/002108.pdf,,True
TXN-001295,****-****-****-4004,ULTRAMAR 55,59.81,82.48,USD,1.379,2026-03-10 18:13:00,5541,Service Stations,TXC-004,EMP004,Alice Chen,Finance,EMP002,4,APPROVED,,,,,,,https://receipts.brim.example/001295.pdf,TRIP-0088,True
TXN-003528,****-****-****-4003,TIM HORTONS #882,20.94,28.88,USD,1.379,2026-03-10 18:37:00,5812,Eating Places & Restaurants,TXC-003,EMP003,Marcus Webb,Operations,EMP001,5,APPROVED,,,,,,,https://receipts.brim.example/003528.pdf,,True
TXN-000186,****-****-****-4004,HOME DEPOT 88,116.68,160.9,USD,1.379,2026-03-10 18:42:00,5300,Wholesale Clubs,TXC-004,EMP004,Alice Chen,Finance,EMP002,4,APPROVED,,,,,,,https://receipts.brim.example/000186.pdf,,True
TXN-001294,****-****-****-4004,PILOT TRAVEL 209,129.09,178.02,USD,1.379,2026-03-10 19:59:00,5172,Petroleum & Petroleum Products,TXC-004,EMP004,Alice Chen,Finance,EMP002,4,APPROVED,,,,,,,https://receipts.brim.example/001294.pdf,TRIP-0088,True
TXN-003330,****-****-****-4003,QUICK FUEL STOP,118.79,163.81,USD,1.379,2026-03-10 21:19:00,5172,Petroleum & Petroleum Products,TXC-003,EMP003,Marcus Webb,Operations,EMP001,5,APPROVED,,,,,,,https://receipts.brim.example/003330.pdf,,True
TXN-003564,****-****-****-4001,ROADSIDE GRILL CO,26.98,37.21,USD,1.379,2026-03-11 05:08:00,5814,Fast Food Restaurants,TXC-001,EMP001,Olivia Reyes,Executive,,6,APPROVED,,,,,,,https://receipts.brim.example/003564.pdf,TRIP-0235,True
TXN-002680,****-****-****-4004,ROADSIDE GRILL CO,16.46,22.7,USD,1.379,2026-03-11 07:04:00,5812,Eating Places & Restaurants,TXC-004,EMP004,Alice Chen,Finance,EMP002,4,APPROVED,,,,,,,https://receipts.brim.example/002680.pdf,,True
TXN-003399,****-****-****-4007,SUPER 8 MOTEL,183.91,253.61,USD,1.379,2026-03-11 08:55:00,7011,"Hotels, Motels & Resorts",TXC-007,EMP007,Carol White,Finance,EMP004,2,PENDING,,,,,,,https://receipts.brim.example/003399.pdf,,False
TXN-000190,****-****-****-4003,PRECISE PARKLINK,31.79,43.84,USD,1.379,2026-03-11 12:46:00,7523,Parking Lots & Garages,TXC-003,EMP003,Marcus Webb,Operations,EMP001,5,APPROVED,,,,,,,https://receipts.brim.example/000190.pdf,,True
TXN-002192,****-****-****-4009,DAYS INN 209,129.05,177.96,USD,1.379,2026-03-11 13:02:00,7011,"Hotels, Motels & Resorts",TXC-009,EMP009,Grace Lee,Operations,EMP008,3,APPROVED,,,,,,,https://receipts.brim.example/002192.pdf,TRIP-0147,True
TXN-000437,****-****-****-4009,BOSTON PIZZA 12,67.31,92.82,USD,1.379,2026-03-11 13:22:00,5812,Eating Places & Restaurants,TXC-009,EMP009,Grace Lee,Operations,EMP008,3,APPROVED,,,,,,,https://receipts.brim.example/000437.pdf,,True
TXN-002193,****-****-****-4009,PETRO-CANADA 8821,83.16,114.68,USD,1.379,2026-03-11 13:35:00,5541,Service Stations,TXC-009,EMP009,Grace Lee,Operations,EMP008,3,APPROVED,,,,,,,https://receipts.brim.example/002193.pdf,TRIP-0147,True
TXN-002175,****-****-****-4008,FLYING J #771,74.3,102.46,USD,1.379,2026-03-11 13:48:00,5172,Petroleum & Petroleum Products,TXC-008,EMP008,Eric Tran,Operations,EMP003,4,APPROVED,,,,,,,https://receipts.brim.example/002175.pdf,,True
TXN-001003,****-****-****-4009,SUPER 8 MOTEL,127.83,176.28,USD,1.379,2026-03-11 15:06:00,7011,"Hotels, Motels & Resorts",TXC-009,EMP009,Grace Lee,Operations,EMP008,3,PENDING,,,,,,,https://receipts.brim.example/001003.pdf,,False
TXN-004268,****-****-****-4003,BEST WESTERN 71,294.36,405.92,USD,1.379,2026-03-11 15:42:00,7011,"Hotels, Motels & Resorts",TXC-003,EMP003,Marcus Webb,Operations,EMP001,5,APPROVED,,,,,,,https://receipts.brim.example/004268.pdf,,True
TXN-000757,****-****-****-4007,SHELL DT #4421,38.27,52.77,USD,1.379,2026-03-11 15:57:00,5172,Petroleum & Petroleum Products,TXC-007,EMP007,Carol White,Finance,EMP004,2,APPROVED,,,,,,,https://receipts.brim.example/000757.pdf,,True
TXN-003584,****-****-****-4004,407 ETR TOLL,15.28,21.07,USD,1.379,2026-03-11 16:05:00,4131,Bus Lines / Tolls,TXC-004,EMP004,Alice Chen,Finance,EMP002,4,APPROVED,,,,,,,https://receipts.brim.example/003584.pdf,,True
TXN-003157,****-****-****-4007,WENDYS 7781,20.97,28.92,USD,1.379,2026-03-11 16:34:00,5814,Fast Food Restaurants,TXC-007,EMP007,Carol White,Finance,EMP004,2,APPROVED,,,,,,,https://receipts.brim.example/003157.pdf,,True
TXN-001173,****-****-****-4003,GREEN P PARKING,14.59,20.12,USD,1.379,2026-03-11 16:51:00,7523,Parking Lots & Garages,TXC-003,EMP003,Marcus Webb,Operations,EMP001,5,APPROVED,,,,,,,https://receipts.brim.example/001173.pdf,,True
TXN-003546,****-****-****-4003,COSTCO WHSE 44,84.58,116.64,USD,1.379,2026-03-11 17:16:00,5045,Computers & Peripherals,TXC-003,EMP003,Marcus Webb,Operations,EMP001,5,APPROVED,,,,,,,,,True
TXN-004278,****-****-****-4002,ESSO RETAIL 113,26.37,36.36,USD,1.379,2026-03-11 19:38:00,5541,Service Stations,TXC-002,EMP002,Priya Nair,Finance,EMP001,5,APPROVED,,,,,,,https://receipts.brim.example/004278.pdf,,True
TXN-001435,****-****-****-4007,FLYING J #771,93.94,129.54,USD,1.379,2026-03-11 20:56:00,5172,Petroleum & Petroleum Products,TXC-007,EMP007,Carol White,Finance,EMP004,2,APPROVED,,,,,,,https://receipts.brim.example/001435.pdf,,True
TXN-003563,****-****-****-4001,SUBWAY 40021,9.85,13.58,USD,1.379,2026-03-12 02:28:00,5814,Fast Food Restaurants,TXC-001,EMP001,Olivia Reyes,Executive,,6,APPROVED,,,,,,,https://receipts.brim.example/003563.pdf,TRIP-0235,True
TXN-004219,****-****-****-4001,A&W STORE 551,26.68,36.79,USD,1.379,2026-03-12 07:12:00,5814,Fast Food Restaurants,TXC-001,EMP001,Olivia Reyes,Executive,,6,APPROVED,,,,,,,https://receipts.brim.example/004219.pdf,,True
TXN-003307,****-****-****-4007,MCDONALDS DT QPS,35.25,48.61,USD,1.379,2026-03-12 08:45:00,5814,Fast Food Restaurants,TXC-007,EMP007,Carol White,Finance,EMP004,2,APPROVED,,,,,,,https://receipts.brim.example/003307.pdf,,True
TXN-001574,****-****-****-4002,FLYING J #771,189.57,261.42,USD,1.379,2026-03-12 10:30:00,5541,Service Stations,TXC-002,EMP002,Priya Nair,Finance,EMP001,5,APPROVED,,,,,,,https://receipts.brim.example/001574.pdf,,True
TXN-002259,****-****-****-4009,A&W STORE 551,24.98,34.45,USD,1.379,2026-03-12 12:27:00,5814,Fast Food Restaurants,TXC-009,EMP009,Grace Lee,Operations,EMP008,3,APPROVED,,,,,,,https://receipts.brim.example/002259.pdf,,True
TXN-002431,****-****-****-4001,SHELL DT #4421,69.68,96.09,USD,1.379,2026-03-12 12:45:00,5172,Petroleum & Petroleum Products,TXC-001,EMP001,Olivia Reyes,Executive,,6,APPROVED,,,,,,,https://receipts.brim.example/002431.pdf,,True
TXN-002236,****-****-****-4007,PILOT TRAVEL 209,68.92,95.04,USD,1.379,2026-03-12 13:25:00,5172,Petroleum & Petroleum Products,TXC-007,EMP007,Carol White,Finance,EMP004,2,APPROVED,,,,,,,https://receipts.brim.example/002236.pdf,TRIP-0150,True
TXN-002513,****-****-****-4009,ROADSIDE GRILL CO,19.73,27.21,USD,1.379,2026-03-12 13:57:00,5812,Eating Places & Restaurants,TXC-009,EMP009,Grace Lee,Operations,EMP008,3,APPROVED,,,,,,,https://receipts.brim.example/002513.pdf,,True
TXN-000060,****-****-****-4006,STAPLES #112,11.11,15.32,USD,1.379,2026-03-12 15:00:00,5943,Stationery & Writing Supplies,TXC-006,EMP006,Bob Kumar,Finance,EMP004,2,APPROVED,,,,,,,https://receipts.brim.example/000060.pdf,,True
TXN-002405,****-****-****-4009,COSTCO WHSE 44,120.05,165.55,USD,1.379,2026-03-12 17:32:00,5300,Wholesale Clubs,TXC-009,EMP009,Grace Lee,Operations,EMP008,3,APPROVED,,,,,,,https://receipts.brim.example/002405.pdf,,True
TXN-001905,****-****-****-4007,ESSO RETAIL 113,26.15,36.06,USD,1.379,2026-03-12 20:15:00,5541,Service Stations,TXC-007,EMP007,Carol White,Finance,EMP004,2,APPROVED,,,,,,,https://receipts.brim.example/001905.pdf,,True
TXN-002866,****-****-****-4007,GOOGLE WORKSPACE,51.84,71.49,USD,1.379,2026-03-12 20:33:00,5734,Computer Software Stores,TXC-007,EMP007,Carol White,Finance,EMP004,2,APPROVED,,,,,,,https://receipts.brim.example/002866.pdf,,True
TXN-002694,****-****-****-4009,PILOT TRAVEL 209,47.33,65.27,USD,1.379,2026-03-13 07:05:00,5541,Service Stations,TXC-009,EMP009,Grace Lee,Operations,EMP008,3,APPROVED,,,,,,,https://receipts.brim.example/002694.pdf,,True
TXN-003147,****-****-****-4004,WENDYS 7781,20.69,28.53,USD,1.379,2026-03-13 08:19:00,5814,Fast Food Restaurants,TXC-004,EMP004,Alice Chen,Finance,EMP002,4,APPROVED,,,,,,,https://receipts.brim.example/003147.pdf,,True
TXN-002194,****-****-****-4009,FLYING J #771,40.86,56.35,USD,1.379,2026-03-13 08:25:00,5172,Petroleum & Petroleum Products,TXC-009,EMP009,Grace Lee,Operations,EMP008,3,APPROVED,,,,,,,https://receipts.brim.example/002194.pdf,TRIP-0147,True
TXN-001090,****-****-****-4008,ESSO RETAIL 113,73.13,100.85,USD,1.379,2026-03-13 08:46:00,5172,Petroleum & Petroleum Products,TXC-008,EMP008,Eric Tran,Operations,EMP003,4,APPROVED,,,,,,,https://receipts.brim.example/001090.pdf,,True
TXN-002679,****-****-****-4002,407 ETR TOLL,23.87,32.92,USD,1.379,2026-03-13 09:18:00,7523,Parking Lots & Garages,TXC-002,EMP002,Priya Nair,Finance,EMP001,5,APPROVED,,,,,,,https://receipts.brim.example/002679.pdf,,True
TXN-000832,****-****-****-4009,KAL TIRE 9,349.66,482.18,USD,1.379,2026-03-13 11:29:00,7538,Automotive Service Shops,TXC-009,EMP009,Grace Lee,Operations,EMP008,3,APPROVED,,,,,,,https://receipts.brim.example/000832.pdf,,True
TXN-000370,****-****-****-4009,407 ETR TOLL,4.65,6.41,USD,1.379,2026-03-13 11:40:00,7523,Parking Lots & Garages,TXC-009,EMP009,Grace Lee,Operations,EMP008,3,APPROVED,,,,,,,https://receipts.brim.example/000370.pdf,,True
TXN-001624,****-****-****-4007,PILOT TRAVEL 209,20.25,27.92,USD,1.379,2026-03-13 11:58:00,5541,Service Stations,TXC-007,EMP007,Carol White,Finance,EMP004,2,APPROVED,,,,,,,https://receipts.brim.example/001624.pdf,,True
TXN-002195,****-****-****-4009,MCDONALDS DT QPS,45.48,62.72,USD,1.379,2026-03-13 13:13:00,5814,Fast Food Restaurants,TXC-009,EMP009,Grace Lee,Operations,EMP008,3,APPROVED,,,,,,,https://receipts.brim.example/002195.pdf,TRIP-0147,True
TXN-002234,****-****-****-4007,SUPER 8 MOTEL,128.89,177.74,USD,1.379,2026-03-13 13:19:00,7011,"Hotels, Motels & Resorts",TXC-007,EMP007,Carol White,Finance,EMP004,2,APPROVED,,,,,,,https://receipts.brim.example/002234.pdf,TRIP-0150,True
TXN-001877,****-****-****-4004,TIM HORTONS #882,49.1,67.71,USD,1.379,2026-03-13 13:21:00,5814,Fast Food Restaurants,TXC-004,EMP004,Alice Chen,Finance,EMP002,4,APPROVED,,,,,,,https://receipts.brim.example/001877.pdf,,True
TXN-000286,****-****-****-4007,PETRO-CANADA 8821,16.04,22.12,USD,1.379,2026-03-13 15:07:00,5172,Petroleum & Petroleum Products,TXC-007,EMP007,Carol White,Finance,EMP004,2,APPROVED,,,,,,,https://receipts.brim.example/000286.pdf,,True
TXN-002874,****-****-****-4008,FLYING J #771,142.75,196.85,USD,1.379,2026-03-13 16:18:00,5541,Service Stations,TXC-008,EMP008,Eric Tran,Operations,EMP003,4,APPROVED,,,,,,,https://receipts.brim.example/002874.pdf,TRIP-0188,True
TXN-004013,****-****-****-4009,SUBWAY 40021,59.13,81.54,USD,1.379,2026-03-13 20:23:00,5812,Eating Places & Restaurants,TXC-009,EMP009,Grace Lee,Operations,EMP008,3,APPROVED,,,,,,,https://receipts.brim.example/004013.pdf,,True
TXN-001773,****-****-****-4009,STAPLES #112,43.35,59.78,USD,1.379,2026-03-13 20:26:00,5111,Stationery & Office Supplies,TXC-009,EMP009,Grace Lee,Operations,EMP008,3,APPROVED,,,,,,,https://receipts.brim.example/001773.pdf,,True
TXN-001465,****-****-****-4009,MCDONALDS DT QPS,92.26,127.23,USD,1.379,2026-03-13 20:37:00,5814,Fast Food Restaurants,TXC-009,EMP009,Grace Lee,Operations,EMP008,3,APPROVED,,,,,,,https://receipts.brim.example/001465.pdf,,True
TXN-004037,****-****-****-4003,SUBWAY 40021,32.49,44.8,USD,1.379,2026-03-13 21:15:00,5814,Fast Food Restaurants,TXC-003,EMP003,Marcus Webb,Operations,EMP001,5,APPROVED,,,,,,,https://receipts.brim.example/004037.pdf,,True
TXN-001861,****-****-****-4003,STAPLES #112,15.34,21.15,USD,1.379,2026-03-13 21:21:00,5111,Stationery & Office Supplies,TXC-003,EMP003,Marcus Webb,Operations,EMP001,5,APPROVED,,,,,,,https://receipts.brim.example/001861.pdf,,True
TXN-003479,****-****-****-4008,IMPARK LOT 88,20.84,28.74,USD,1.379,2026-03-14 07:58:00,4131,Bus Lines / Tolls,TXC-008,EMP008,Eric Tran,Operations,EMP003,4,APPROVED,,,,,,,https://receipts.brim.example/003479.pdf,,True
TXN-002411,****-****-****-4003,FLYING J #771,18.19,25.08,USD,1.379,2026-03-14 10:04:00,5541,Service Stations,TXC-003,EMP003,Marcus Webb,Operations,EMP001,5,APPROVED,,,,,,,https://receipts.brim.example/002411.pdf,,True
TXN-002936,****-****-****-4007,FLYING J #771,78.86,108.75,USD,1.379,2026-03-14 10:45:00,5541,Service Stations,TXC-007,EMP007,Carol White,Finance,EMP004,2,APPROVED,,,,,,,https://receipts.brim.example/002936.pdf,,True
TXN-001479,****-****-****-4003,KAL TIRE 9,137.37,189.43,USD,1.379,2026-03-14 11:18:00,7538,Automotive Service Shops,TXC-003,EMP003,Marcus Webb,Operations,EMP001,5,PENDING,,,,,,,https://receipts.brim.example/001479.pdf,,False
TXN-003373,****-****-****-4008,PRECISE PARKLINK,29.0,39.99,USD,1.379,2026-03-14 11:28:00,4131,Bus Lines / Tolls,TXC-008,EMP008,Eric Tran,Operations,EMP003,4,APPROVED,,,,,,,https://receipts.brim.example/003373.pdf,,True
TXN-000151,****-****-****-4009,ESSO RETAIL 113,37.05,51.09,USD,1.379,2026-03-14 11:42:00,5541,Service Stations,TXC-009,EMP009,Grace Lee,Operations,EMP008,3,APPROVED,,,,,,,https://receipts.brim.example/000151.pdf,,True
TXN-004223,****-****-****-4007,BEST WESTERN 71,158.75,218.92,USD,1.379,2026-03-14 11:57:00,7011,"Hotels, Motels & Resorts",TXC-007,EMP007,Carol White,Finance,EMP004,2,APPROVED,,,,,,,https://receipts.brim.example/004223.pdf,,True
TXN-001255,****-****-****-4009,ULTRAMAR 55,24.85,34.27,USD,1.379,2026-03-14 13:59:00,5172,Petroleum & Petroleum Products,TXC-009,EMP009,Grace Lee,Operations,EMP008,3,APPROVED,,,,,,,https://receipts.brim.example/001255.pdf,,True
TXN-001279,****-****-****-4002,ULTRAMAR 55,55.53,76.58,USD,1.379,2026-03-14 15:15:00,5172,Petroleum & Petroleum Products,TXC-002,EMP002,Priya Nair,Finance,EMP001,5,APPROVED,,,,,,,https://receipts.brim.example/001279.pdf,,True
TXN-001671,****-****-****-4004,BEST BUY 112,77.74,107.2,USD,1.379,2026-03-14 15:23:00,5045,Computers & Peripherals,TXC-004,EMP004,Alice Chen,Finance,EMP002,4,APPROVED,,,,,,,https://receipts.brim.example/001671.pdf,,True
TXN-002399,****-****-****-4008,GOOGLE WORKSPACE,125.91,173.63,USD,1.379,2026-03-14 16:05:00,4814,Telecom Services,TXC-008,EMP008,Eric Tran,Operations,EMP003,4,APPROVED,,,,,,,https://receipts.brim.example/002399.pdf,,True
TXN-004273,****-****-****-4009,PETRO-CANADA 8821,63.73,87.88,USD,1.379,2026-03-14 16:59:00,5172,Petroleum & Petroleum Products,TXC-009,EMP009,Grace Lee,Operations,EMP008,3,APPROVED,,,,,,,https://receipts.brim.example/004273.pdf,TRIP-0289,True
TXN-002925,****-****-****-4003,ROADSIDE GRILL CO,12.47,17.2,USD,1.379,2026-03-14 18:38:00,5812,Eating Places & Restaurants,TXC-003,EMP003,Marcus Webb,Operations,EMP001,5,APPROVED,,,,,,,https://receipts.brim.example/002925.pdf,TRIP-0192,True
TXN-002867,****-****-****-4004,IMPARK LOT 88,11.26,15.53,USD,1.379,2026-03-14 20:19:00,7523,Parking Lots & Garages,TXC-004,EMP004,Alice Chen,Finance,EMP002,4,APPROVED,,,,,,,https://receipts.brim.example/002867.pdf,,True
TXN-002494,****-****-****-4002,TIM HORTONS #882,19.58,27.0,USD,1.379,2026-03-15 07:05:00,5814,Fast Food Restaurants,TXC-002,EMP002,Priya Nair,Finance,EMP001,5,APPROVED,,,,,,,https://receipts.brim.example/002494.pdf,,True
TXN-003042,****-****-****-4008,A&W STORE 551,16.37,22.57,USD,1.379,2026-03-15 08:04:00,5814,Fast Food Restaurants,TXC-008,EMP008,Eric Tran,Operations,EMP003,4,APPROVED,,,,,,,https://receipts.brim.example/003042.pdf,,True
TXN-001749,****-****-****-4003,407 ETR TOLL,18.33,25.28,USD,1.379,2026-03-15 08:15:00,7523,Parking Lots & Garages,TXC-003,EMP003,Marcus Webb,Operations,EMP001,5,APPROVED,,,,,,,https://receipts.brim.example/001749.pdf,,True
TXN-002117,****-****-****-4004,BOSTON PIZZA 12,83.78,115.53,USD,1.379,2026-03-15 08:31:00,5814,Fast Food Restaurants,TXC-004,EMP004,Alice Chen,Finance,EMP002,4,APPROVED,,,,,,,https://receipts.brim.example/002117.pdf,,True
TXN-002235,****-****-****-4007,QUICK FUEL STOP,68.94,95.07,USD,1.379,2026-03-15 10:12:00,5541,Service Stations,TXC-007,EMP007,Carol White,Finance,EMP004,2,APPROVED,,,,,,,https://receipts.brim.example/002235.pdf,TRIP-0150,True
TXN-004275,****-****-****-4009,ROADSIDE GRILL CO,26.3,36.27,USD,1.379,2026-03-15 10:17:00,5814,Fast Food Restaurants,TXC-009,EMP009,Grace Lee,Operations,EMP008,3,APPROVED,,,,,,,https://receipts.brim.example/004275.pdf,TRIP-0289,True
TXN-001559,****-****-****-4008,COSTCO WHSE 44,103.92,143.31,USD,1.379,2026-03-15 10:19:00,5045,Computers & Peripherals,TXC-008,EMP008,Eric Tran,Operations,EMP003,4,APPROVED,,,,,,,https://receipts.brim.example/001559.pdf,,True
TXN-003948,****-****-****-4007,QUICK FUEL STOP,51.91,71.58,USD,1.379,2026-03-15 10:37:00,5541,Service Stations,TXC-007,EMP007,Carol White,Finance,EMP004,2,APPROVED,,,,,,,https://receipts.brim.example/003948.pdf,,True
TXN-000011,****-****-****-4009,PREMIUM FLEET SERVICES INC,200.0,275.8,USD,1.379,2026-03-15 12:00:00,5172,Petroleum & Petroleum Products,TXC-009,EMP009,Grace Lee,Operations,EMP008,3,APPROVED,,,,,,,https://receipts.brim.example/000011.pdf,,True
TXN-002873,****-****-****-4008,SUPER 8 MOTEL,74.91,103.3,USD,1.379,2026-03-15 13:30:00,7011,"Hotels, Motels & Resorts",TXC-008,EMP008,Eric Tran,Operations,EMP003,4,APPROVED,,,,,,,https://receipts.brim.example/002873.pdf,TRIP-0188,True
TXN-002287,****-****-****-4009,KAL TIRE 9,575.97,794.26,USD,1.379,2026-03-15 14:03:00,7538,Automotive Service Shops,TXC-009,EMP009,Grace Lee,Operations,EMP008,3,APPROVED,,,,,,,https://receipts.brim.example/002287.pdf,,True
TXN-003155,****-****-****-4007,SHELL DT #4421,117.53,162.07,USD,1.379,2026-03-15 15:52:00,5172,Petroleum & Petroleum Products,TXC-007,EMP007,Carol White,Finance,EMP004,2,PENDING,,,,,,,https://receipts.brim.example/003155.pdf,,False
TXN-001558,****-****-****-4004,ESSO RETAIL 113,60.71,83.72,USD,1.379,2026-03-15 16:09:00,5541,Service Stations,TXC-004,EMP004,Alice Chen,Finance,EMP002,4,APPROVED,,,,,,,https://receipts.brim.example/001558.pdf,,True
TXN-000926,****-****-****-4006,ULTRAMAR 55,87.85,121.15,USD,1.379,2026-03-15 16:14:00,5541,Service Stations,TXC-006,EMP006,Bob Kumar,Finance,EMP004,2,PENDING,,,,,,,https://receipts.brim.example/000926.pdf,,False
TXN-003475,****-****-****-4004,QUICK FUEL STOP,50.0,68.95,USD,1.379,2026-03-15 16:44:00,5541,Service Stations,TXC-004,EMP004,Alice Chen,Finance,EMP002,4,APPROVED,,,,,,,https://receipts.brim.example/003475.pdf,,True
TXN-002875,****-****-****-4008,PETRO-CANADA 8821,33.83,46.65,USD,1.379,2026-03-15 17:13:00,5172,Petroleum & Petroleum Products,TXC-008,EMP008,Eric Tran,Operations,EMP003,4,APPROVED,,,,,,,https://receipts.brim.example/002875.pdf,TRIP-0188,True
TXN-001928,****-****-****-4009,PRECISE PARKLINK,8.43,11.62,USD,1.379,2026-03-15 17:19:00,4131,Bus Lines / Tolls,TXC-009,EMP009,Grace Lee,Operations,EMP008,3,APPROVED,,,,,,,https://receipts.brim.example/001928.pdf,,True
TXN-002938,****-****-****-4001,PILOT TRAVEL 209,145.12,200.12,USD,1.379,2026-03-15 17:19:00,5172,Petroleum & Petroleum Products,TXC-001,EMP001,Olivia Reyes,Executive,,6,APPROVED,,,,,,,https://receipts.brim.example/002938.pdf,,True
TXN-002237,****-****-****-4007,SUBWAY 40021,42.89,59.15,USD,1.379,2026-03-15 17:20:00,5814,Fast Food Restaurants,TXC-007,EMP007,Carol White,Finance,EMP004,2,APPROVED,,,,,,,https://receipts.brim.example/002237.pdf,TRIP-0150,True
TXN-003968,****-****-****-4009,QUICK FUEL STOP,55.34,76.31,USD,1.379,2026-03-15 17:32:00,5541,Service Stations,TXC-009,EMP009,Grace Lee,Operations,EMP008,3,APPROVED,,,,,,,https://receipts.brim.example/003968.pdf,,True
TXN-002185,****-****-****-4005,407 ETR TOLL,18.24,25.15,USD,1.379,2026-03-15 17:46:00,4131,Bus Lines / Tolls,TXC-005,EMP005,Dana Park,Finance,EMP002,3,APPROVED,,,,,,,https://receipts.brim.example/002185.pdf,,True
TXN-000975,****-****-****-4009,COMFORT INN 442,103.52,142.75,USD,1.379,2026-03-15 18:44:00,7011,"Hotels, Motels & Resorts",TXC-009,EMP009,Grace Lee,Operations,EMP008,3,APPROVED,,,,,,,,,True
TXN-000489,****-****-****-4007,COSTCO WHSE 44,50.94,70.25,USD,1.379,2026-03-15 19:46:00,5045,Computers & Peripherals,TXC-007,EMP007,Carol White,Finance,EMP004,2,APPROVED,,,,,,,https://receipts.brim.example/000489.pdf,,True
TXN-001230,****-****-****-4003,SHELL DT #4421,39.89,55.01,USD,1.379,2026-03-16 11:10:00,5172,Petroleum & Petroleum Products,TXC-003,EMP003,Marcus Webb,Operations,EMP001,5,APPROVED,,,,,,,https://receipts.brim.example/001230.pdf,,True
TXN-003540,****-****-****-4008,PILOT TRAVEL 209,14.96,20.63,USD,1.379,2026-03-16 11:43:00,5172,Petroleum & Petroleum Products,TXC-008,EMP008,Eric Tran,Operations,EMP003,4,APPROVED,,,,,,,https://receipts.brim.example/003540.pdf,,True
TXN-000012,****-****-****-4009,PREMIUM FLEET SERVICES INC,400.0,551.6,USD,1.379,2026-03-16 13:24:00,5172,Petroleum & Petroleum Products,TXC-009,EMP009,Grace Lee,Operations,EMP008,3,APPROVED,,,,,,,https://receipts.brim.example/000012.pdf,,True
TXN-004272,****-****-****-4009,SUPER 8 MOTEL,153.93,212.27,USD,1.379,2026-03-16 13:28:00,7011,"Hotels, Motels & Resorts",TXC-009,EMP009,Grace Lee,Operations,EMP008,3,APPROVED,,,,,,,https://receipts.brim.example/004272.pdf,TRIP-0289,True
TXN-000473,****-****-****-4009,CANADIAN TIRE 445,204.13,281.5,USD,1.379,2026-03-16 14:01:00,7538,Automotive Service Shops,TXC-009,EMP009,Grace Lee,Operations,EMP008,3,PENDING,,,,,,,https://receipts.brim.example/000473.pdf,,False
TXN-003294,****-****-****-4008,ESSO RETAIL 113,60.86,83.93,USD,1.379,2026-03-16 14:35:00,5541,Service Stations,TXC-008,EMP008,Eric Tran,Operations,EMP003,4,APPROVED,,,,,,,https://receipts.brim.example/003294.pdf,,True
TXN-003878,****-****-****-4008,A&W STORE 551,20.69,28.53,USD,1.379,2026-03-16 17:21:00,5812,Eating Places & Restaurants,TXC-008,EMP008,Eric Tran,Operations,EMP003,4,APPROVED,,,,,,,https://receipts.brim.example/003878.pdf,,True
TXN-000688,****-****-****-4009,BEST BUY 112,125.01,172.39,USD,1.379,2026-03-16 17:24:00,5300,Wholesale Clubs,TXC-009,EMP009,Grace Lee,Operations,EMP008,3,APPROVED,,,,,,,https://receipts.brim.example/000688.pdf,,True
TXN-002924,****-****-****-4003,COMFORT INN 442,236.45,326.06,USD,1.379,2026-03-16 17:55:00,7011,"Hotels, Motels & Resorts",TXC-003,EMP003,Marcus Webb,Operations,EMP001,5,APPROVED,,,,,,,https://receipts.brim.example/002924.pdf,TRIP-0192,True
TXN-002926,****-****-****-4003,MCDONALDS DT QPS,6.53,9.0,USD,1.379,2026-03-16 18:13:00,5814,Fast Food Restaurants,TXC-003,EMP003,Marcus Webb,Operations,EMP001,5,APPROVED,,,,,,,https://receipts.brim.example/002926.pdf,TRIP-0192,True
TXN-002473,****-****-****-4004,QUICK FUEL STOP,52.63,72.58,USD,1.379,2026-03-16 18:22:00,5541,Service Stations,TXC-004,EMP004,Alice Chen,Finance,EMP002,4,PENDING,,,,,,,,,False
TXN-001412,****-****-****-4008,AMAZON MKTPLACE,98.04,135.2,USD,1.379,2026-03-16 19:36:00,5111,Stationery & Office Supplies,TXC-008,EMP008,Eric Tran,Operations,EMP003,4,APPROVED,,,,,,,,,True
TXN-002970,****-****-****-4008,MCDONALDS DT QPS,69.07,95.25,USD,1.379,2026-03-16 19:38:00,5814,Fast Food Restaurants,TXC-008,EMP008,Eric Tran,Operations,EMP003,4,APPROVED,,,,,,,https://receipts.brim.example/002970.pdf,,True
TXN-002375,****-****-****-4007,QUICK FUEL STOP,29.14,40.18,USD,1.379,2026-03-16 19:57:00,5541,Service Stations,TXC-007,EMP007,Carol White,Finance,EMP004,2,APPROVED,,,,,,,https://receipts.brim.example/002375.pdf,,True
TXN-002376,****-****-****-4009,AWS MEMB,83.62,115.31,USD,1.379,2026-03-16 20:17:00,5734,Computer Software Stores,TXC-009,EMP009,Grace Lee,Operations,EMP008,3,APPROVED,,,,,,,https://receipts.brim.example/002376.pdf,,True
TXN-001722,****-****-****-4009,BOSTON PIZZA 12,23.06,31.8,USD,1.379,2026-03-16 21:13:00,5812,Eating Places & Restaurants,TXC-009,EMP009,Grace Lee,Operations,EMP008,3,APPROVED,,,,,,,https://receipts.brim.example/001722.pdf,,True
TXN-002441,****-****-****-4009,PETRO-CANADA 8821,90.89,125.34,USD,1.379,2026-03-16 21:38:00,5172,Petroleum & Petroleum Products,TXC-009,EMP009,Grace Lee,Operations,EMP008,3,APPROVED,,,,,,,https://receipts.brim.example/002441.pdf,,True
TXN-000061,****-****-****-4006,AMAZON MKTPLACE,53.2,73.36,USD,1.379,2026-03-16 22:00:00,5812,Eating Places & Restaurants,TXC-006,EMP006,Bob Kumar,Finance,EMP004,2,APPROVED,,,,,,,https://receipts.brim.example/000061.pdf,,True
TXN-001051,****-****-****-4007,STAPLES #112,149.8,206.57,USD,1.379,2026-03-17 07:36:00,5943,Stationery & Writing Supplies,TXC-007,EMP007,Carol White,Finance,EMP004,2,APPROVED,,,,,,,https://receipts.brim.example/001051.pdf,,True
TXN-002057,****-****-****-4009,PRECISE PARKLINK,15.69,21.64,USD,1.379,2026-03-17 07:41:00,4131,Bus Lines / Tolls,TXC-009,EMP009,Grace Lee,Operations,EMP008,3,APPROVED,,,,,,,https://receipts.brim.example/002057.pdf,,True
TXN-002686,****-****-****-4004,QUICK FUEL STOP,109.11,150.46,USD,1.379,2026-03-17 08:16:00,5541,Service Stations,TXC-004,EMP004,Alice Chen,Finance,EMP002,4,PENDING,,,,,,,https://receipts.brim.example/002686.pdf,,False
TXN-004274,****-****-****-4009,TIM HORTONS #882,29.4,40.54,USD,1.379,2026-03-17 09:41:00,5812,Eating Places & Restaurants,TXC-009,EMP009,Grace Lee,Operations,EMP008,3,APPROVED,,,,,,,https://receipts.brim.example/004274.pdf,TRIP-0289,True
TXN-000665,****-****-****-4008,STAPLES #112,54.96,75.79,USD,1.379,2026-03-17 10:34:00,5943,Stationery & Writing Supplies,TXC-008,EMP008,Eric Tran,Operations,EMP003,4,APPROVED,,,,,,,https://receipts.brim.example/000665.pdf,,True
TXN-001735,****-****-****-4005,ROGERS WIRELESS,361.32,498.26,USD,1.379,2026-03-17 10:34:00,5734,Computer Software Stores,TXC-005,EMP005,Dana Park,Finance,EMP002,3,APPROVED,,,,,,,https://receipts.brim.example/001735.pdf,,True
TXN-001985,****-****-****-4004,AWS MEMB,196.51,270.99,USD,1.379,2026-03-17 10:50:00,4814,Telecom Services,TXC-004,EMP004,Alice Chen,Finance,EMP002,4,PENDING,,,,,,,https://receipts.brim.example/001985.pdf,,False
TXN-001457,****-****-****-4009,QUICK FUEL STOP,27.34,37.7,USD,1.379,2026-03-17 11:19:00,5172,Petroleum & Petroleum Products,TXC-009,EMP009,Grace Lee,Operations,EMP008,3,APPROVED,,,,,,,https://receipts.brim.example/001457.pdf,,True
TXN-003939,****-****-****-4008,MICROSOFT 365,69.44,95.76,USD,1.379,2026-03-17 11:20:00,5734,Computer Software Stores,TXC-008,EMP008,Eric Tran,Operations,EMP003,4,APPROVED,,,,,,,https://receipts.brim.example/003939.pdf,,True
TXN-002568,****-****-****-4004,ESSO RETAIL 113,51.01,70.34,USD,1.379,2026-03-17 11:22:00,5172,Petroleum & Petroleum Products,TXC-004,EMP004,Alice Chen,Finance,EMP002,4,APPROVED,,,,,,,https://receipts.brim.example/002568.pdf,,True
TXN-000553,****-****-****-4002,IMPARK LOT 88,17.45,24.06,USD,1.379,2026-03-17 16:47:00,4131,Bus Lines / Tolls,TXC-002,EMP002,Priya Nair,Finance,EMP001,5,APPROVED,,,,,,,https://receipts.brim.example/000553.pdf,,True
TXN-000013,****-****-****-4009,PREMIUM FLEET SERVICES INC,500.0,689.5,USD,1.379,2026-03-17 19:48:00,5172,Petroleum & Petroleum Products,TXC-009,EMP009,Grace Lee,Operations,EMP008,3,APPROVED,,,,,,,https://receipts.brim.example/000013.pdf,,True
TXN-002091,****-****-****-4004,QUICK FUEL STOP,57.17,78.84,USD,1.379,2026-03-17 20:20:00,5541,Service Stations,TXC-004,EMP004,Alice Chen,Finance,EMP002,4,APPROVED,,,,,,,https://receipts.brim.example/002091.pdf,,True
TXN-002346,****-****-****-4004,QUICK FUEL STOP,113.21,156.12,USD,1.379,2026-03-17 20:20:00,5541,Service Stations,TXC-004,EMP004,Alice Chen,Finance,EMP002,4,APPROVED,,,,,,,https://receipts.brim.example/002346.pdf,,True
TXN-003971,****-****-****-4007,MICROSOFT 365,110.13,151.87,USD,1.379,2026-03-17 20:24:00,4814,Telecom Services,TXC-007,EMP007,Carol White,Finance,EMP004,2,APPROVED,,,,,,,https://receipts.brim.example/003971.pdf,,True
TXN-001019,****-****-****-4003,TIM HORTONS #882,21.38,29.48,USD,1.379,2026-03-18 09:28:00,5812,Eating Places & Restaurants,TXC-003,EMP003,Marcus Webb,Operations,EMP001,5,APPROVED,,,,,,,https://receipts.brim.example/001019.pdf,,True
TXN-001644,****-****-****-4009,PILOT TRAVEL 209,135.26,186.52,USD,1.379,2026-03-18 09:51:00,5541,Service Stations,TXC-009,EMP009,Grace Lee,Operations,EMP008,3,PENDING,,,,,,,https://receipts.brim.example/001644.pdf,,False
TXN-002423,****-****-****-4008,FLYING J #771,35.0,48.27,USD,1.379,2026-03-18 13:37:00,5172,Petroleum & Petroleum Products,TXC-008,EMP008,Eric Tran,Operations,EMP003,4,APPROVED,,,,,,,https://receipts.brim.example/002423.pdf,,True
TXN-002435,****-****-****-4007,BOSTON PIZZA 12,18.47,25.47,USD,1.379,2026-03-18 14:04:00,5814,Fast Food Restaurants,TXC-007,EMP007,Carol White,Finance,EMP004,2,APPROVED,,,,,,,https://receipts.brim.example/002435.pdf,,True
TXN-000756,****-****-****-4006,AMAZON MKTPLACE,13.0,17.93,USD,1.379,2026-03-18 14:14:00,5943,Stationery & Writing Supplies,TXC-006,EMP006,Bob Kumar,Finance,EMP004,2,APPROVED,,,,,,,https://receipts.brim.example/000756.pdf,,True
TXN-001006,****-****-****-4009,ESSO RETAIL 113,146.84,202.49,USD,1.379,2026-03-18 14:36:00,5541,Service Stations,TXC-009,EMP009,Grace Lee,Operations,EMP008,3,APPROVED,,,,,,,https://receipts.brim.example/001006.pdf,,True
TXN-002381,****-****-****-4002,COMFORT INN 442,146.43,201.93,USD,1.379,2026-03-18 16:46:00,7011,"Hotels, Motels & Resorts",TXC-002,EMP002,Priya Nair,Finance,EMP001,5,APPROVED,,,,,,,https://receipts.brim.example/002381.pdf,,True
TXN-000556,****-****-****-4001,BOSTON PIZZA 12,19.77,27.26,USD,1.379,2026-03-18 16:48:00,5814,Fast Food Restaurants,TXC-001,EMP001,Olivia Reyes,Executive,,6,APPROVED,,,,,,,https://receipts.brim.example/000556.pdf,,True
TXN-001008,****-****-****-4004,WENDYS 7781,14.9,20.55,USD,1.379,2026-03-18 18:26:00,5812,Eating Places & Restaurants,TXC-004,EMP004,Alice Chen,Finance,EMP002,4,APPROVED,,,,,,,https://receipts.brim.example/001008.pdf,,True
TXN-003797,****-****-****-4009,PETRO-CANADA 8821,56.98,78.58,USD,1.379,2026-03-18 20:56:00,5172,Petroleum & Petroleum Products,TXC-009,EMP009,Grace Lee,Operations,EMP008,3,PENDING,,,,,,,https://receipts.brim.example/003797.pdf,,False
TXN-001261,****-****-****-4008,PETRO-CANADA 8821,77.8,107.29,USD,1.379,2026-03-18 21:04:00,5172,Petroleum & Petroleum Products,TXC-008,EMP008,Eric Tran,Operations,EMP003,4,APPROVED,,,,,,,https://receipts.brim.example/001261.pdf,,True
TXN-000014,****-****-****-4009,PREMIUM FLEET SERVICES INC,200.0,275.8,USD,1.379,2026-03-18 21:12:00,5172,Petroleum & Petroleum Products,TXC-009,EMP009,Grace Lee,Operations,EMP008,3,APPROVED,,,,,,,,,True
TXN-002262,****-****-****-4004,PETRO-CANADA 8821,88.55,122.11,USD,1.379,2026-03-19 08:06:00,5172,Petroleum & Petroleum Products,TXC-004,EMP004,Alice Chen,Finance,EMP002,4,APPROVED,,,,,,,https://receipts.brim.example/002262.pdf,,True
TXN-000203,****-****-****-4008,BOSTON PIZZA 12,35.55,49.02,USD,1.379,2026-03-19 08:22:00,5814,Fast Food Restaurants,TXC-008,EMP008,Eric Tran,Operations,EMP003,4,APPROVED,,,,,,,https://receipts.brim.example/000203.pdf,,True
TXN-003502,****-****-****-4006,QUICK FUEL STOP,83.28,114.84,USD,1.379,2026-03-19 09:04:00,5541,Service Stations,TXC-006,EMP006,Bob Kumar,Finance,EMP004,2,APPROVED,,,,,,,https://receipts.brim.example/003502.pdf,,True
TXN-002666,****-****-****-4008,A&W STORE 551,59.16,81.58,USD,1.379,2026-03-19 12:07:00,5812,Eating Places & Restaurants,TXC-008,EMP008,Eric Tran,Operations,EMP003,4,APPROVED,,,,,,,https://receipts.brim.example/002666.pdf,,True
TXN-001137,****-****-****-4008,ESSO RETAIL 113,55.76,76.89,USD,1.379,2026-03-19 14:04:00,5541,Service Stations,TXC-008,EMP008,Eric Tran,Operations,EMP003,4,PENDING,,,,,,,https://receipts.brim.example/001137.pdf,,False
TXN-002581,****-****-****-4007,A&W STORE 551,28.52,39.33,USD,1.379,2026-03-19 14:15:00,5814,Fast Food Restaurants,TXC-007,EMP007,Carol White,Finance,EMP004,2,APPROVED,,,,,,,https://receipts.brim.example/002581.pdf,,True
TXN-001187,****-****-****-4003,MCDONALDS DT QPS,80.37,110.83,USD,1.379,2026-03-19 14:40:00,5812,Eating Places & Restaurants,TXC-003,EMP003,Marcus Webb,Operations,EMP001,5,APPROVED,,,,,,,https://receipts.brim.example/001187.pdf,,True
TXN-001515,****-****-****-4009,WENDYS 7781,36.91,50.9,USD,1.379,2026-03-19 14:54:00,5814,Fast Food Restaurants,TXC-009,EMP009,Grace Lee,Operations,EMP008,3,APPROVED,,,,,,,https://receipts.brim.example/001515.pdf,,True
TXN-001744,****-****-****-4007,PILOT TRAVEL 209,134.17,185.02,USD,1.379,2026-03-19 17:05:00,5172,Petroleum & Petroleum Products,TXC-007,EMP007,Carol White,Finance,EMP004,2,APPROVED,,,,,,,https://receipts.brim.example/001744.pdf,,True
TXN-002051,****-****-****-4009,PETRO-CANADA 8821,53.43,73.68,USD,1.379,2026-03-19 20:15:00,5541,Service Stations,TXC-009,EMP009,Grace Lee,Operations,EMP008,3,APPROVED,,,,,,,https://receipts.brim.example/002051.pdf,,True
TXN-000015,****-****-****-4009,PREMIUM FLEET SERVICES INC,500.0,689.5,USD,1.379,2026-03-19 22:36:00,5172,Petroleum & Petroleum Products,TXC-009,EMP009,Grace Lee,Operations,EMP008,3,APPROVED,,,,,,,,,True
TXN-003733,****-****-****-4004,TIM HORTONS #882,21.57,29.75,USD,1.379,2026-03-20 09:03:00,5812,Eating Places & Restaurants,TXC-004,EMP004,Alice Chen,Finance,EMP002,4,APPROVED,,,,,,,https://receipts.brim.example/003733.pdf,,True
TXN-002312,****-****-****-4007,MCDONALDS DT QPS,40.55,55.92,USD,1.379,2026-03-20 09:10:00,5814,Fast Food Restaurants,TXC-007,EMP007,Carol White,Finance,EMP004,2,APPROVED,,,,,,,https://receipts.brim.example/002312.pdf,,True
TXN-001495,****-****-****-4004,ULTRAMAR 55,37.22,51.33,USD,1.379,2026-03-20 11:06:00,5172,Petroleum & Petroleum Products,TXC-004,EMP004,Alice Chen,Finance,EMP002,4,APPROVED,,,,,,,https://receipts.brim.example/001495.pdf,,True
TXN-002366,****-****-****-4003,COMFORT INN 442,174.63,240.81,USD,1.379,2026-03-20 12:35:00,7011,"Hotels, Motels & Resorts",TXC-003,EMP003,Marcus Webb,Operations,EMP001,5,APPROVED,,,,,,,,TRIP-0157,True
TXN-001651,****-****-****-4007,AMAZON MKTPLACE,76.36,105.3,USD,1.379,2026-03-20 14:02:00,5943,Stationery & Writing Supplies,TXC-007,EMP007,Carol White,Finance,EMP004,2,APPROVED,,,,,,,https://receipts.brim.example/001651.pdf,,True
TXN-003439,****-****-****-4005,PETRO-CANADA 8821,121.98,168.21,USD,1.379,2026-03-20 14:30:00,5541,Service Stations,TXC-005,EMP005,Dana Park,Finance,EMP002,3,APPROVED,,,,,,,https://receipts.brim.example/003439.pdf,TRIP-0227,True
TXN-003347,****-****-****-4008,QUICK FUEL STOP,79.46,109.58,USD,1.379,2026-03-20 14:51:00,5541,Service Stations,TXC-008,EMP008,Eric Tran,Operations,EMP003,4,APPROVED,,,,,,,https://receipts.brim.example/003347.pdf,,True
TXN-003947,****-****-****-4002,BEST BUY 112,127.27,175.51,USD,1.379,2026-03-20 16:49:00,5300,Wholesale Clubs,TXC-002,EMP002,Priya Nair,Finance,EMP001,5,PENDING,,,,,,,,,False
TXN-003060,****-****-****-4008,SHELL DT #4421,54.03,74.51,USD,1.379,2026-03-20 18:41:00,5541,Service Stations,TXC-008,EMP008,Eric Tran,Operations,EMP003,4,APPROVED,,,,,,,,,True
TXN-002720,****-****-****-4003,SUBWAY 40021,28.68,39.55,USD,1.379,2026-03-20 18:46:00,5812,Eating Places & Restaurants,TXC-003,EMP003,Marcus Webb,Operations,EMP001,5,APPROVED,,,,,,,https://receipts.brim.example/002720.pdf,,True
TXN-003438,****-****-****-4005,SUBWAY 40021,13.51,18.63,USD,1.379,2026-03-20 21:15:00,5812,Eating Places & Restaurants,TXC-005,EMP005,Dana Park,Finance,EMP002,3,APPROVED,,,,,,,https://receipts.brim.example/003438.pdf,TRIP-0227,True
TXN-000016,****-****-****-4009,PREMIUM FLEET SERVICES INC,400.0,551.6,USD,1.379,2026-03-20 22:00:00,5172,Petroleum & Petroleum Products,TXC-009,EMP009,Grace Lee,Operations,EMP008,3,APPROVED,,,,,,,https://receipts.brim.example/000016.pdf,,True
TXN-000526,****-****-****-4009,MCDONALDS DT QPS,24.67,34.02,USD,1.379,2026-03-21 10:48:00,5814,Fast Food Restaurants,TXC-009,EMP009,Grace Lee,Operations,EMP008,3,APPROVED,,,,,,,https://receipts.brim.example/000526.pdf,,True
TXN-000062,****-****-****-4006,GRAND & TOY 5,19.99,27.57,USD,1.379,2026-03-21 11:00:00,5814,Fast Food Restaurants,TXC-006,EMP006,Bob Kumar,Finance,EMP004,2,APPROVED,,,,,,,https://receipts.brim.example/000062.pdf,,True
TXN-000773,****-****-****-4001,STAPLES #112,59.26,81.72,USD,1.379,2026-03-21 11:19:00,5111,Stationery & Office Supplies,TXC-001,EMP001,Olivia Reyes,Executive,,6,PENDING,,,,,,,https://receipts.brim.example/000773.pdf,,False
TXN-002040,****-****-****-4009,SHELL DT #4421,76.52,105.52,USD,1.379,2026-03-21 14:35:00,5541,Service Stations,TXC-009,EMP009,Grace Lee,Operations,EMP008,3,PENDING,,,,,,,https://receipts.brim.example/002040.pdf,,False
TXN-002367,****-****-****-4003,MCDONALDS DT QPS,39.08,53.89,USD,1.379,2026-03-21 15:16:00,5814,Fast Food Restaurants,TXC-003,EMP003,Marcus Webb,Operations,EMP001,5,APPROVED,,,,,,,https://receipts.brim.example/002367.pdf,TRIP-0157,True
TXN-003073,****-****-****-4009,A&W STORE 551,19.02,26.23,USD,1.379,2026-03-21 18:55:00,5814,Fast Food Restaurants,TXC-009,EMP009,Grace Lee,Operations,EMP008,3,APPROVED,,,,,,,https://receipts.brim.example/003073.pdf,,True
TXN-000287,****-****-****-4008,SUPER 8 MOTEL,100.41,138.47,USD,1.379,2026-03-21 20:07:00,7011,"Hotels, Motels & Resorts",TXC-008,EMP008,Eric Tran,Operations,EMP003,4,APPROVED,,,,,,,https://receipts.brim.example/000287.pdf,,True
TXN-003526,****-****-****-4009,FOUNTAIN TIRE,212.96,293.67,USD,1.379,2026-03-21 20:39:00,7531,Auto Body Repair Shops,TXC-009,EMP009,Grace Lee,Operations,EMP008,3,APPROVED,,,,,,,https://receipts.brim.example/003526.pdf,,True
TXN-000845,****-****-****-4007,AWS MEMB,64.78,89.33,USD,1.379,2026-03-21 20:40:00,4814,Telecom Services,TXC-007,EMP007,Carol White,Finance,EMP004,2,APPROVED,,,,,,,https://receipts.brim.example/000845.pdf,,True
TXN-003234,****-****-****-4003,SUBWAY 40021,24.36,33.59,USD,1.379,2026-03-21 21:18:00,5812,Eating Places & Restaurants,TXC-003,EMP003,Marcus Webb,Operations,EMP001,5,APPROVED,,,,,,,https://receipts.brim.example/003234.pdf,,True
TXN-000017,****-****-****-4009,PREMIUM FLEET SERVICES INC,200.0,275.8,USD,1.379,2026-03-22 04:24:00,5172,Petroleum & Petroleum Products,TXC-009,EMP009,Grace Lee,Operations,EMP008,3,APPROVED,,,,,,,https://receipts.brim.example/000017.pdf,,True
TXN-002172,****-****-****-4003,QUICK FUEL STOP,100.31,138.33,USD,1.379,2026-03-22 08:55:00,5172,Petroleum & Petroleum Products,TXC-003,EMP003,Marcus Webb,Operations,EMP001,5,APPROVED,,,,,,,https://receipts.brim.example/002172.pdf,,True
TXN-003309,****-****-****-4007,FLYING J #771,58.84,81.14,USD,1.379,2026-03-22 12:00:00,5172,Petroleum & Petroleum Products,TXC-007,EMP007,Carol White,Finance,EMP004,2,PENDING,,,,,,,,,False
TXN-001313,****-****-****-4007,MCDONALDS DT QPS,27.39,37.77,USD,1.379,2026-03-22 13:17:00,5814,Fast Food Restaurants,TXC-007,EMP007,Carol White,Finance,EMP004,2,APPROVED,,,,,,,https://receipts.brim.example/001313.pdf,,True
TXN-003185,****-****-****-4007,MCDONALDS DT QPS,39.28,54.17,USD,1.379,2026-03-22 13:39:00,5814,Fast Food Restaurants,TXC-007,EMP007,Carol White,Finance,EMP004,2,APPROVED,,,,,,,https://receipts.brim.example/003185.pdf,,True
TXN-001533,****-****-****-4008,MICROSOFT 365,93.52,128.96,USD,1.379,2026-03-22 14:40:00,5734,Computer Software Stores,TXC-008,EMP008,Eric Tran,Operations,EMP003,4,APPROVED,,,,,,,https://receipts.brim.example/001533.pdf,,True
TXN-000953,****-****-****-4003,ROGERS WIRELESS,134.74,185.81,USD,1.379,2026-03-22 17:22:00,4814,Telecom Services,TXC-003,EMP003,Marcus Webb,Operations,EMP001,5,APPROVED,,,,,,,https://receipts.brim.example/000953.pdf,,True
TXN-001523,****-****-****-4009,TIM HORTONS #882,16.2,22.34,USD,1.379,2026-03-22 17:33:00,5814,Fast Food Restaurants,TXC-009,EMP009,Grace Lee,Operations,EMP008,3,APPROVED,,,,,,,https://receipts.brim.example/001523.pdf,,True
TXN-003437,****-****-****-4005,HOLIDAY INN EXPRESS,92.97,128.21,USD,1.379,2026-03-22 19:16:00,7011,"Hotels, Motels & Resorts",TXC-005,EMP005,Dana Park,Finance,EMP002,3,APPROVED,,,,,,,https://receipts.brim.example/003437.pdf,TRIP-0227,True
TXN-001938,****-****-****-4009,BOSTON PIZZA 12,39.97,55.12,USD,1.379,2026-03-22 19:45:00,5812,Eating Places & Restaurants,TXC-009,EMP009,Grace Lee,Operations,EMP008,3,APPROVED,,,,,,,https://receipts.brim.example/001938.pdf,,True
TXN-001756,****-****-****-4008,PILOT TRAVEL 209,59.39,81.9,USD,1.379,2026-03-22 20:06:00,5541,Service Stations,TXC-008,EMP008,Eric Tran,Operations,EMP003,4,APPROVED,,,,,,,https://receipts.brim.example/001756.pdf,,True
TXN-003003,****-****-****-4007,BOSTON PIZZA 12,9.06,12.49,USD,1.379,2026-03-22 20:48:00,5812,Eating Places & Restaurants,TXC-007,EMP007,Carol White,Finance,EMP004,2,APPROVED,,,,,,,https://receipts.brim.example/003003.pdf,,True
TXN-002028,****-****-****-4001,AWS MEMB,79.03,108.98,USD,1.379,2026-03-22 21:04:00,5734,Computer Software Stores,TXC-001,EMP001,Olivia Reyes,Executive,,6,PENDING,,,,,,,https://receipts.brim.example/002028.pdf,,False
TXN-000018,****-****-****-4009,PREMIUM FLEET SERVICES INC,400.0,551.6,USD,1.379,2026-03-23 06:48:00,5172,Petroleum & Petroleum Products,TXC-009,EMP009,Grace Lee,Operations,EMP008,3,APPROVED,,,,,,,https://receipts.brim.example/000018.pdf,,True
TXN-002449,****-****-****-4008,COSTCO WHSE 44,121.34,167.33,USD,1.379,2026-03-23 07:06:00,5045,Computers & Peripherals,TXC-008,EMP008,Eric Tran,Operations,EMP003,4,APPROVED,,,,,,,https://receipts.brim.example/002449.pdf,,True
TXN-001996,****-****-****-4008,ESSO RETAIL 113,86.17,118.83,USD,1.379,2026-03-23 09:15:00,5541,Service Stations,TXC-008,EMP008,Eric Tran,Operations,EMP003,4,APPROVED,,,,,,,https://receipts.brim.example/001996.pdf,,True
TXN-003088,****-****-****-4009,FLYING J #771,90.46,124.74,USD,1.379,2026-03-23 09:51:00,5172,Petroleum & Petroleum Products,TXC-009,EMP009,Grace Lee,Operations,EMP008,3,APPROVED,,,,,,,https://receipts.brim.example/003088.pdf,,True
TXN-001643,****-****-****-4003,PETRO-CANADA 8821,99.08,136.63,USD,1.379,2026-03-23 10:10:00,5541,Service Stations,TXC-003,EMP003,Marcus Webb,Operations,EMP001,5,APPROVED,,,,,,,https://receipts.brim.example/001643.pdf,,True
TXN-001662,****-****-****-4009,TIM HORTONS #882,20.16,27.8,USD,1.379,2026-03-23 10:35:00,5812,Eating Places & Restaurants,TXC-009,EMP009,Grace Lee,Operations,EMP008,3,APPROVED,,,,,,,https://receipts.brim.example/001662.pdf,,True
TXN-004011,****-****-****-4006,KAL TIRE 9,153.9,212.23,USD,1.379,2026-03-23 13:42:00,7531,Auto Body Repair Shops,TXC-006,EMP006,Bob Kumar,Finance,EMP004,2,APPROVED,,,,,,,https://receipts.brim.example/004011.pdf,,True
TXN-003043,****-****-****-4001,WENDYS 7781,40.11,55.31,USD,1.379,2026-03-23 14:47:00,5812,Eating Places & Restaurants,TXC-001,EMP001,Olivia Reyes,Executive,,6,APPROVED,,,,,,,https://receipts.brim.example/003043.pdf,,True
TXN-002401,****-****-****-4008,ESSO RETAIL 113,63.85,88.05,USD,1.379,2026-03-23 17:05:00,5172,Petroleum & Petroleum Products,TXC-008,EMP008,Eric Tran,Operations,EMP003,4,APPROVED,,,,,,,https://receipts.brim.example/002401.pdf,,True
TXN-000193,****-****-****-4007,DAYS INN 209,259.04,357.22,USD,1.379,2026-03-23 17:24:00,7011,"Hotels, Motels & Resorts",TXC-007,EMP007,Carol White,Finance,EMP004,2,APPROVED,,,,,,,https://receipts.brim.example/000193.pdf,,True
TXN-001571,****-****-****-4009,BOSTON PIZZA 12,12.69,17.5,USD,1.379,2026-03-23 17:42:00,5814,Fast Food Restaurants,TXC-009,EMP009,Grace Lee,Operations,EMP008,3,APPROVED,,,,,,,https://receipts.brim.example/001571.pdf,,True
TXN-002477,****-****-****-4007,BOSTON PIZZA 12,22.55,31.1,USD,1.379,2026-03-23 20:19:00,5814,Fast Food Restaurants,TXC-007,EMP007,Carol White,Finance,EMP004,2,APPROVED,,,,,,,https://receipts.brim.example/002477.pdf,,True
TXN-003716,****-****-****-4003,ESSO RETAIL 113,90.59,124.92,USD,1.379,2026-03-24 07:01:00,5541,Service Stations,TXC-003,EMP003,Marcus Webb,Operations,EMP001,5,APPROVED,,,,,,,https://receipts.brim.example/003716.pdf,,True
TXN-003301,****-****-****-4002,HOME DEPOT 88,134.83,185.93,USD,1.379,2026-03-24 09:36:00,5045,Computers & Peripherals,TXC-002,EMP002,Priya Nair,Finance,EMP001,5,APPROVED,,,,,,,https://receipts.brim.example/003301.pdf,,True
TXN-000019,****-****-****-4009,PREMIUM FLEET SERVICES INC,500.0,689.5,USD,1.379,2026-03-24 10:12:00,5172,Petroleum & Petroleum Products,TXC-009,EMP009,Grace Lee,Operations,EMP008,3,APPROVED,,,,,,,https://receipts.brim.example/000019.pdf,,True
TXN-002754,****-****-****-4002,PETRO-CANADA 8821,78.38,108.09,USD,1.379,2026-03-24 11:34:00,5541,Service Stations,TXC-002,EMP002,Priya Nair,Finance,EMP001,5,APPROVED,,,,,,,https://receipts.brim.example/002754.pdf,,True
TXN-002777,****-****-****-4004,ULTRAMAR 55,116.55,160.72,USD,1.379,2026-03-24 13:39:00,5541,Service Stations,TXC-004,EMP004,Alice Chen,Finance,EMP002,4,PENDING,,,,,,,https://receipts.brim.example/002777.pdf,,False
TXN-003522,****-****-****-4002,ULTRAMAR 55,37.83,52.17,USD,1.379,2026-03-24 14:03:00,5541,Service Stations,TXC-002,EMP002,Priya Nair,Finance,EMP001,5,APPROVED,,,,,,,https://receipts.brim.example/003522.pdf,,True
TXN-000120,****-****-****-4009,QUICK FUEL STOP,59.89,82.59,USD,1.379,2026-03-24 14:51:00,5172,Petroleum & Petroleum Products,TXC-009,EMP009,Grace Lee,Operations,EMP008,3,APPROVED,,,,,,,https://receipts.brim.example/000120.pdf,,True
TXN-002333,****-****-****-4009,SHELL DT #4421,104.65,144.31,USD,1.379,2026-03-24 15:06:00,5541,Service Stations,TXC-009,EMP009,Grace Lee,Operations,EMP008,3,APPROVED,,,,,,,https://receipts.brim.example/002333.pdf,,True
TXN-004227,****-****-****-4008,FOUNTAIN TIRE,91.03,125.53,USD,1.379,2026-03-24 15:44:00,7531,Auto Body Repair Shops,TXC-008,EMP008,Eric Tran,Operations,EMP003,4,APPROVED,,,,,,,https://receipts.brim.example/004227.pdf,,True
TXN-000714,****-****-****-4008,FLYING J #771,81.58,112.5,USD,1.379,2026-03-24 17:33:00,5541,Service Stations,TXC-008,EMP008,Eric Tran,Operations,EMP003,4,APPROVED,,,,,,,https://receipts.brim.example/000714.pdf,,True
TXN-001580,****-****-****-4003,FLYING J #771,88.56,122.12,USD,1.379,2026-03-24 17:51:00,5541,Service Stations,TXC-003,EMP003,Marcus Webb,Operations,EMP001,5,APPROVED,,,,,,,https://receipts.brim.example/001580.pdf,,True
TXN-002683,****-****-****-4002,PILOT TRAVEL 209,83.35,114.94,USD,1.379,2026-03-24 17:52:00,5172,Petroleum & Petroleum Products,TXC-002,EMP002,Priya Nair,Finance,EMP001,5,APPROVED,,,,,,,https://receipts.brim.example/002683.pdf,,True
TXN-002776,****-****-****-4007,QUICK FUEL STOP,104.43,144.01,USD,1.379,2026-03-24 19:44:00,5541,Service Stations,TXC-007,EMP007,Carol White,Finance,EMP004,2,PENDING,,,,,,,https://receipts.brim.example/002776.pdf,,False
TXN-003425,****-****-****-4009,GREEN P PARKING,19.04,26.26,USD,1.379,2026-03-24 21:33:00,4131,Bus Lines / Tolls,TXC-009,EMP009,Grace Lee,Operations,EMP008,3,APPROVED,,,,,,,https://receipts.brim.example/003425.pdf,,True
TXN-002786,****-****-****-4003,SUBWAY 40021,50.21,69.24,USD,1.379,2026-03-24 21:34:00,5812,Eating Places & Restaurants,TXC-003,EMP003,Marcus Webb,Operations,EMP001,5,APPROVED,,,,,,,https://receipts.brim.example/002786.pdf,,True
TXN-000329,****-****-****-4004,TIM HORTONS #882,27.94,38.53,USD,1.379,2026-03-24 21:36:00,5814,Fast Food Restaurants,TXC-004,EMP004,Alice Chen,Finance,EMP002,4,APPROVED,,,,,,,https://receipts.brim.example/000329.pdf,TRIP-0020,True
TXN-003524,****-****-****-4008,STAPLES #112,140.59,193.87,USD,1.379,2026-03-24 21:59:00,5943,Stationery & Writing Supplies,TXC-008,EMP008,Eric Tran,Operations,EMP003,4,APPROVED,,,,,,,https://receipts.brim.example/003524.pdf,,True
TXN-000724,****-****-****-4009,BEST WESTERN 71,141.71,195.42,USD,1.379,2026-03-25 07:44:00,7011,"Hotels, Motels & Resorts",TXC-009,EMP009,Grace Lee,Operations,EMP008,3,APPROVED,,,,,,,https://receipts.brim.example/000724.pdf,,True
TXN-003885,****-****-****-4009,COSTCO WHSE 44,172.74,238.21,USD,1.379,2026-03-25 08:31:00,5300,Wholesale Clubs,TXC-009,EMP009,Grace Lee,Operations,EMP008,3,APPROVED,,,,,,,https://receipts.brim.example/003885.pdf,,True
TXN-000064,****-****-****-4007,HOLIDAY INN EXPRESS,189.5,261.32,USD,1.379,2026-03-25 09:47:00,7011,"Hotels, Motels & Resorts",TXC-007,EMP007,Carol White,Finance,EMP004,2,APPROVED,,,,,,,https://receipts.brim.example/000064.pdf,,True
TXN-001833,****-****-****-4007,ROADSIDE GRILL CO,28.6,39.44,USD,1.379,2026-03-25 10:03:00,5812,Eating Places & Restaurants,TXC-007,EMP007,Carol White,Finance,EMP004,2,APPROVED,,,,,,,https://receipts.brim.example/001833.pdf,,True
TXN-000020,****-****-****-4009,PREMIUM FLEET SERVICES INC,200.0,275.8,USD,1.379,2026-03-25 10:36:00,5172,Petroleum & Petroleum Products,TXC-009,EMP009,Grace Lee,Operations,EMP008,3,APPROVED,,,,,,,https://receipts.brim.example/000020.pdf,,True
TXN-002828,****-****-****-4003,A&W STORE 551,14.23,19.62,USD,1.379,2026-03-25 12:53:00,5812,Eating Places & Restaurants,TXC-003,EMP003,Marcus Webb,Operations,EMP001,5,APPROVED,,,,,,,https://receipts.brim.example/002828.pdf,,True
TXN-001210,****-****-****-4009,SUPER 8 MOTEL,251.72,347.12,USD,1.379,2026-03-25 13:43:00,7011,"Hotels, Motels & Resorts",TXC-009,EMP009,Grace Lee,Operations,EMP008,3,APPROVED,,,,,,,https://receipts.brim.example/001210.pdf,,True
TXN-002463,****-****-****-4002,SHELL DT #4421,119.28,164.49,USD,1.379,2026-03-25 14:11:00,5541,Service Stations,TXC-002,EMP002,Priya Nair,Finance,EMP001,5,APPROVED,,,,,,,https://receipts.brim.example/002463.pdf,,True
TXN-000384,****-****-****-4006,QUICK FUEL STOP,44.73,61.68,USD,1.379,2026-03-25 14:24:00,5541,Service Stations,TXC-006,EMP006,Bob Kumar,Finance,EMP004,2,APPROVED,,,,,,,https://receipts.brim.example/000384.pdf,,True
TXN-000065,****-****-****-4007,BOSTON PIZZA 12,67.2,92.67,USD,1.379,2026-03-25 15:57:00,5812,Eating Places & Restaurants,TXC-007,EMP007,Carol White,Finance,EMP004,2,APPROVED,,,,,,,https://receipts.brim.example/000065.pdf,,True
TXN-003114,****-****-****-4003,TIM HORTONS #882,20.2,27.86,USD,1.379,2026-03-25 16:18:00,5812,Eating Places & Restaurants,TXC-003,EMP003,Marcus Webb,Operations,EMP001,5,APPROVED,,,,,,,https://receipts.brim.example/003114.pdf,,True
TXN-001453,****-****-****-4007,DAYS INN 209,118.95,164.03,USD,1.379,2026-03-25 18:23:00,7011,"Hotels, Motels & Resorts",TXC-007,EMP007,Carol White,Finance,EMP004,2,PENDING,,,,,,,https://receipts.brim.example/001453.pdf,TRIP-0099,False
TXN-001443,****-****-****-4007,SUBWAY 40021,26.09,35.98,USD,1.379,2026-03-25 19:31:00,5812,Eating Places & Restaurants,TXC-007,EMP007,Carol White,Finance,EMP004,2,APPROVED,,,,,,,https://receipts.brim.example/001443.pdf,,True
TXN-000248,****-****-****-4004,MICROSOFT 365,94.26,129.98,USD,1.379,2026-03-25 20:36:00,4814,Telecom Services,TXC-004,EMP004,Alice Chen,Finance,EMP002,4,APPROVED,,,,,,,https://receipts.brim.example/000248.pdf,,True
TXN-001043,****-****-****-4004,BOSTON PIZZA 12,25.88,35.69,USD,1.379,2026-03-25 20:53:00,5812,Eating Places & Restaurants,TXC-004,EMP004,Alice Chen,Finance,EMP002,4,APPROVED,,,,,,,https://receipts.brim.example/001043.pdf,,True
TXN-001455,****-****-****-4007,QUICK FUEL STOP,47.27,65.19,USD,1.379,2026-03-25 20:53:00,5541,Service Stations,TXC-007,EMP007,Carol White,Finance,EMP004,2,APPROVED,,,,,,,https://receipts.brim.example/001455.pdf,TRIP-0099,True
TXN-002286,****-****-****-4008,ESSO RETAIL 113,156.74,216.14,USD,1.379,2026-03-25 21:21:00,5541,Service Stations,TXC-008,EMP008,Eric Tran,Operations,EMP003,4,APPROVED,,,,,,,https://receipts.brim.example/002286.pdf,,True
TXN-000066,****-****-****-4007,SHELL DT #4421,85.4,117.77,USD,1.379,2026-03-25 21:23:00,5541,Service Stations,TXC-007,EMP007,Carol White,Finance,EMP004,2,APPROVED,,,,,,,https://receipts.brim.example/000066.pdf,,True
TXN-002167,****-****-****-4003,GRAND & TOY 5,36.39,50.18,USD,1.379,2026-03-25 21:45:00,5943,Stationery & Writing Supplies,TXC-003,EMP003,Marcus Webb,Operations,EMP001,5,APPROVED,,,,,,,https://receipts.brim.example/002167.pdf,,True
TXN-000067,****-****-****-4007,STAPLES #112,145.0,199.96,USD,1.379,2026-03-26 03:08:00,5111,Stationery & Office Supplies,TXC-007,EMP007,Carol White,Finance,EMP004,2,APPROVED,,,,,,,https://receipts.brim.example/000067.pdf,,True
TXN-000063,****-****-****-4006,TIM HORTONS #882,57.4,79.15,USD,1.379,2026-03-26 04:00:00,5541,Service Stations,TXC-006,EMP006,Bob Kumar,Finance,EMP004,2,APPROVED,,,,,,,https://receipts.brim.example/000063.pdf,,True
TXN-002303,****-****-****-4003,ESSO RETAIL 113,87.38,120.5,USD,1.379,2026-03-26 07:06:00,5172,Petroleum & Petroleum Products,TXC-003,EMP003,Marcus Webb,Operations,EMP001,5,PENDING,,,,,,,https://receipts.brim.example/002303.pdf,TRIP-0154,False
TXN-002403,****-****-****-4009,QUICK FUEL STOP,39.55,54.54,USD,1.379,2026-03-26 07:07:00,5172,Petroleum & Petroleum Products,TXC-009,EMP009,Grace Lee,Operations,EMP008,3,APPROVED,,,,,,,https://receipts.brim.example/002403.pdf,,True
TXN-002301,****-****-****-4003,HOLIDAY INN EXPRESS,103.47,142.69,USD,1.379,2026-03-26 08:38:00,7011,"Hotels, Motels & Resorts",TXC-003,EMP003,Marcus Webb,Operations,EMP001,5,APPROVED,,,,,,,https://receipts.brim.example/002301.pdf,TRIP-0154,True
TXN-000068,****-****-****-4007,PETRO-CANADA 8821,92.3,127.28,USD,1.379,2026-03-26 09:05:00,5541,Service Stations,TXC-007,EMP007,Carol White,Finance,EMP004,2,APPROVED,,,,,,,https://receipts.brim.example/000068.pdf,,True
TXN-004332,****-****-****-4001,A&W STORE 551,80.38,110.84,USD,1.379,2026-03-26 09:06:00,5814,Fast Food Restaurants,TXC-001,EMP001,Olivia Reyes,Executive,,6,APPROVED,,,,,,,https://receipts.brim.example/004332.pdf,,True
TXN-002987,****-****-****-4005,SHELL DT #4421,56.66,78.13,USD,1.379,2026-03-26 09:21:00,5541,Service Stations,TXC-005,EMP005,Dana Park,Finance,EMP002,3,APPROVED,,,,,,,https://receipts.brim.example/002987.pdf,,True
TXN-002302,****-****-****-4003,TIM HORTONS #882,15.58,21.48,USD,1.379,2026-03-26 12:11:00,5812,Eating Places & Restaurants,TXC-003,EMP003,Marcus Webb,Operations,EMP001,5,APPROVED,,,,,,,https://receipts.brim.example/002302.pdf,TRIP-0154,True
TXN-002379,****-****-****-4003,PILOT TRAVEL 209,29.81,41.11,USD,1.379,2026-03-26 12:32:00,5172,Petroleum & Petroleum Products,TXC-003,EMP003,Marcus Webb,Operations,EMP001,5,APPROVED,,,,,,,https://receipts.brim.example/002379.pdf,,True
TXN-003447,****-****-****-4002,ULTRAMAR 55,46.94,64.73,USD,1.379,2026-03-26 13:20:00,5172,Petroleum & Petroleum Products,TXC-002,EMP002,Priya Nair,Finance,EMP001,5,APPROVED,,,,,,,https://receipts.brim.example/003447.pdf,,True
TXN-001456,****-****-****-4007,TIM HORTONS #882,25.76,35.52,USD,1.379,2026-03-26 13:49:00,5814,Fast Food Restaurants,TXC-007,EMP007,Carol White,Finance,EMP004,2,APPROVED,,,,,,,https://receipts.brim.example/001456.pdf,TRIP-0099,True
TXN-000021,****-****-****-4009,PREMIUM FLEET SERVICES INC,500.0,689.5,USD,1.379,2026-03-26 14:00:00,5172,Petroleum & Petroleum Products,TXC-009,EMP009,Grace Lee,Operations,EMP008,3,APPROVED,,,,,,,https://receipts.brim.example/000021.pdf,,True
TXN-000635,****-****-****-4008,PETRO-CANADA 8821,80.45,110.94,USD,1.379,2026-03-26 14:29:00,5172,Petroleum & Petroleum Products,TXC-008,EMP008,Eric Tran,Operations,EMP003,4,APPROVED,,,,,,,https://receipts.brim.example/000635.pdf,,True
TXN-003749,****-****-****-4007,SHELL DT #4421,87.66,120.88,USD,1.379,2026-03-26 15:43:00,5541,Service Stations,TXC-007,EMP007,Carol White,Finance,EMP004,2,APPROVED,,,,,,,https://receipts.brim.example/003749.pdf,,True
TXN-000069,****-****-****-4007,COMFORT INN 442,210.0,289.59,USD,1.379,2026-03-26 15:55:00,7011,"Hotels, Motels & Resorts",TXC-007,EMP007,Carol White,Finance,EMP004,2,APPROVED,,,,,,,https://receipts.brim.example/000069.pdf,,True
TXN-003118,****-****-****-4008,407 ETR TOLL,24.09,33.22,USD,1.379,2026-03-26 16:06:00,7523,Parking Lots & Garages,TXC-008,EMP008,Eric Tran,Operations,EMP003,4,APPROVED,,,,,,,https://receipts.brim.example/003118.pdf,,True
TXN-004309,****-****-****-4009,ROADSIDE GRILL CO,63.29,87.28,USD,1.379,2026-03-26 16:21:00,5814,Fast Food Restaurants,TXC-009,EMP009,Grace Lee,Operations,EMP008,3,APPROVED,,,,,,,https://receipts.brim.example/004309.pdf,,True
TXN-003226,****-****-****-4009,IMPARK LOT 88,30.03,41.41,USD,1.379,2026-03-26 17:24:00,7523,Parking Lots & Garages,TXC-009,EMP009,Grace Lee,Operations,EMP008,3,APPROVED,,,,,,,https://receipts.brim.example/003226.pdf,,True
TXN-002319,****-****-****-4004,SUPER 8 MOTEL,120.23,165.8,USD,1.379,2026-03-26 17:36:00,7011,"Hotels, Motels & Resorts",TXC-004,EMP004,Alice Chen,Finance,EMP002,4,APPROVED,,,,,,,https://receipts.brim.example/002319.pdf,,True
TXN-003627,****-****-****-4009,IMPARK LOT 88,12.3,16.96,USD,1.379,2026-03-26 17:52:00,7523,Parking Lots & Garages,TXC-009,EMP009,Grace Lee,Operations,EMP008,3,APPROVED,,,,,,,https://receipts.brim.example/003627.pdf,,True
TXN-003931,****-****-****-4004,BEST BUY 112,166.67,229.84,USD,1.379,2026-03-26 18:40:00,5300,Wholesale Clubs,TXC-004,EMP004,Alice Chen,Finance,EMP002,4,APPROVED,,,,,,,https://receipts.brim.example/003931.pdf,,True
TXN-000658,****-****-****-4007,KAL TIRE 9,176.6,243.53,USD,1.379,2026-03-26 19:40:00,7531,Auto Body Repair Shops,TXC-007,EMP007,Carol White,Finance,EMP004,2,APPROVED,,,,,,,https://receipts.brim.example/000658.pdf,,True
TXN-002721,****-****-****-4002,SUBWAY 40021,10.86,14.98,USD,1.379,2026-03-26 20:07:00,5812,Eating Places & Restaurants,TXC-002,EMP002,Priya Nair,Finance,EMP001,5,APPROVED,,,,,,,https://receipts.brim.example/002721.pdf,,True
TXN-004005,****-****-****-4009,PILOT TRAVEL 209,47.88,66.03,USD,1.379,2026-03-26 21:23:00,5172,Petroleum & Petroleum Products,TXC-009,EMP009,Grace Lee,Operations,EMP008,3,APPROVED,,,,,,,https://receipts.brim.example/004005.pdf,,True
TXN-000328,****-****-****-4004,DAYS INN 209,148.55,204.85,USD,1.379,2026-03-26 21:30:00,7011,"Hotels, Motels & Resorts",TXC-004,EMP004,Alice Chen,Finance,EMP002,4,APPROVED,,,,,,,https://receipts.brim.example/000328.pdf,TRIP-0020,True
TXN-000070,****-****-****-4007,CANADIAN TIRE 445,340.0,468.86,USD,1.379,2026-03-26 21:40:00,7538,Automotive Service Shops,TXC-007,EMP007,Carol White,Finance,EMP004,2,APPROVED,,,,,,,https://receipts.brim.example/000070.pdf,,True
TXN-001879,****-****-****-4002,QUICK FUEL STOP,140.39,193.6,USD,1.379,2026-03-26 21:48:00,5541,Service Stations,TXC-002,EMP002,Priya Nair,Finance,EMP001,5,PENDING,,,,,,,https://receipts.brim.example/001879.pdf,,False
TXN-000071,****-****-****-4007,BEST BUY 112,485.0,668.82,USD,1.379,2026-03-27 03:43:00,5045,Computers & Peripherals,TXC-007,EMP007,Carol White,Finance,EMP004,2,APPROVED,,,,,,,https://receipts.brim.example/000071.pdf,,True
TXN-002321,****-****-****-4008,SUBWAY 40021,10.26,14.15,USD,1.379,2026-03-27 08:51:00,5814,Fast Food Restaurants,TXC-008,EMP008,Eric Tran,Operations,EMP003,4,APPROVED,,,,,,,https://receipts.brim.example/002321.pdf,,True
TXN-000072,****-****-****-4007,HOME DEPOT 88,390.0,537.81,USD,1.379,2026-03-27 09:04:00,5300,Wholesale Clubs,TXC-007,EMP007,Carol White,Finance,EMP004,2,APPROVED,,,,,,,https://receipts.brim.example/000072.pdf,,True
TXN-004068,****-****-****-4008,HOME DEPOT 88,165.06,227.62,USD,1.379,2026-03-27 09:47:00,5300,Wholesale Clubs,TXC-008,EMP008,Eric Tran,Operations,EMP003,4,APPROVED,,,,,,,https://receipts.brim.example/004068.pdf,,True
TXN-003557,****-****-****-4009,WENDYS 7781,29.48,40.65,USD,1.379,2026-03-27 11:24:00,5812,Eating Places & Restaurants,TXC-009,EMP009,Grace Lee,Operations,EMP008,3,APPROVED,,,,,,,https://receipts.brim.example/003557.pdf,,True
TXN-000813,****-****-****-4009,ROADSIDE GRILL CO,14.75,20.34,USD,1.379,2026-03-27 12:02:00,5812,Eating Places & Restaurants,TXC-009,EMP009,Grace Lee,Operations,EMP008,3,APPROVED,,,,,,,https://receipts.brim.example/000813.pdf,TRIP-0045,True
TXN-004036,****-****-****-4004,GRAND & TOY 5,46.49,64.11,USD,1.379,2026-03-27 14:10:00,5943,Stationery & Writing Supplies,TXC-004,EMP004,Alice Chen,Finance,EMP002,4,APPROVED,,,,,,,https://receipts.brim.example/004036.pdf,,True
TXN-001454,****-****-****-4007,SHELL DT #4421,80.41,110.89,USD,1.379,2026-03-27 15:00:00,5172,Petroleum & Petroleum Products,TXC-007,EMP007,Carol White,Finance,EMP004,2,APPROVED,,,,,,,https://receipts.brim.example/001454.pdf,TRIP-0099,True
TXN-000466,****-****-****-4003,A&W STORE 551,23.89,32.94,USD,1.379,2026-03-27 15:12:00,5814,Fast Food Restaurants,TXC-003,EMP003,Marcus Webb,Operations,EMP001,5,APPROVED,,,,,,,https://receipts.brim.example/000466.pdf,,True
TXN-001519,****-****-****-4004,PETRO-CANADA 8821,92.44,127.47,USD,1.379,2026-03-27 15:18:00,5172,Petroleum & Petroleum Products,TXC-004,EMP004,Alice Chen,Finance,EMP002,4,APPROVED,,,,,,,https://receipts.brim.example/001519.pdf,,True
TXN-000073,****-****-****-4007,AMAZON MKTPLACE,275.5,379.91,USD,1.379,2026-03-27 15:38:00,5943,Stationery & Writing Supplies,TXC-007,EMP007,Carol White,Finance,EMP004,2,APPROVED,,,,,,,https://receipts.brim.example/000073.pdf,,True
TXN-001221,****-****-****-4005,GREEN P PARKING,27.96,38.56,USD,1.379,2026-03-27 17:25:00,4131,Bus Lines / Tolls,TXC-005,EMP005,Dana Park,Finance,EMP002,3,APPROVED,,,,,,,https://receipts.brim.example/001221.pdf,,True
TXN-002465,****-****-****-4007,407 ETR TOLL,54.91,75.72,USD,1.379,2026-03-27 18:13:00,7523,Parking Lots & Garages,TXC-007,EMP007,Carol White,Finance,EMP004,2,APPROVED,,,,,,,https://receipts.brim.example/002465.pdf,,True
TXN-000022,****-****-****-4009,PREMIUM FLEET SERVICES INC,400.0,551.6,USD,1.379,2026-03-27 18:24:00,5172,Petroleum & Petroleum Products,TXC-009,EMP009,Grace Lee,Operations,EMP008,3,APPROVED,,,,,,,,,True
TXN-000330,****-****-****-4004,ROADSIDE GRILL CO,24.78,34.17,USD,1.379,2026-03-27 18:53:00,5812,Eating Places & Restaurants,TXC-004,EMP004,Alice Chen,Finance,EMP002,4,APPROVED,,,,,,,https://receipts.brim.example/000330.pdf,TRIP-0020,True
TXN-002247,****-****-****-4008,PETRO-CANADA 8821,22.88,31.55,USD,1.379,2026-03-27 18:53:00,5172,Petroleum & Petroleum Products,TXC-008,EMP008,Eric Tran,Operations,EMP003,4,APPROVED,,,,,,,https://receipts.brim.example/002247.pdf,,True
TXN-000590,****-****-****-4003,PRECISE PARKLINK,7.18,9.9,USD,1.379,2026-03-27 19:57:00,7523,Parking Lots & Garages,TXC-003,EMP003,Marcus Webb,Operations,EMP001,5,APPROVED,,,,,,,https://receipts.brim.example/000590.pdf,,True
TXN-000331,****-****-****-4004,QUICK FUEL STOP,22.51,31.04,USD,1.379,2026-03-27 20:27:00,5172,Petroleum & Petroleum Products,TXC-004,EMP004,Alice Chen,Finance,EMP002,4,APPROVED,,,,,,,https://receipts.brim.example/000331.pdf,TRIP-0020,True
TXN-002075,****-****-****-4003,QUICK FUEL STOP,43.28,59.68,USD,1.379,2026-03-27 20:53:00,5172,Petroleum & Petroleum Products,TXC-003,EMP003,Marcus Webb,Operations,EMP001,5,APPROVED,,,,,,,https://receipts.brim.example/002075.pdf,,True
TXN-000074,****-****-****-4007,COSTCO WHSE 44,520.0,717.08,USD,1.379,2026-03-27 21:33:00,5300,Wholesale Clubs,TXC-007,EMP007,Carol White,Finance,EMP004,2,APPROVED,,,,,,,https://receipts.brim.example/000074.pdf,,True
TXN-003598,****-****-****-4007,QUICK FUEL STOP,51.87,71.53,USD,1.379,2026-03-27 21:46:00,5172,Petroleum & Petroleum Products,TXC-007,EMP007,Carol White,Finance,EMP004,2,APPROVED,,,,,,,https://receipts.brim.example/003598.pdf,,True
TXN-000075,****-****-****-4007,MICROSOFT 365,400.0,551.6,USD,1.379,2026-03-28 03:35:00,5734,Computer Software Stores,TXC-007,EMP007,Carol White,Finance,EMP004,2,APPROVED,,,,,,,https://receipts.brim.example/000075.pdf,,True
TXN-000305,****-****-****-4003,ULTRAMAR 55,91.8,126.59,USD,1.379,2026-03-28 07:16:00,5541,Service Stations,TXC-003,EMP003,Marcus Webb,Operations,EMP001,5,APPROVED,,,,,,,https://receipts.brim.example/000305.pdf,,True
TXN-000288,****-****-****-4001,CANADIAN TIRE 445,136.1,187.68,USD,1.379,2026-03-28 07:37:00,7538,Automotive Service Shops,TXC-001,EMP001,Olivia Reyes,Executive,,6,APPROVED,,,,,,,https://receipts.brim.example/000288.pdf,,True
TXN-000702,****-****-****-4002,CANADIAN TIRE 445,141.2,194.71,USD,1.379,2026-03-28 08:17:00,7538,Automotive Service Shops,TXC-002,EMP002,Priya Nair,Finance,EMP001,5,APPROVED,,,,,,,https://receipts.brim.example/000702.pdf,,True
TXN-000149,****-****-****-4007,GREEN P PARKING,14.71,20.29,USD,1.379,2026-03-28 08:28:00,4131,Bus Lines / Tolls,TXC-007,EMP007,Carol White,Finance,EMP004,2,APPROVED,,,,,,,https://receipts.brim.example/000149.pdf,,True
TXN-001222,****-****-****-4002,WENDYS 7781,63.1,87.01,USD,1.379,2026-03-28 11:29:00,5812,Eating Places & Restaurants,TXC-002,EMP002,Priya Nair,Finance,EMP001,5,PENDING,,,,,,,https://receipts.brim.example/001222.pdf,,False
TXN-003615,****-****-****-4002,WENDYS 7781,24.07,33.19,USD,1.379,2026-03-28 15:13:00,5814,Fast Food Restaurants,TXC-002,EMP002,Priya Nair,Finance,EMP001,5,APPROVED,,,,,,,https://receipts.brim.example/003615.pdf,TRIP-0239,True
TXN-003614,****-****-****-4002,SUPER 8 MOTEL,154.33,212.82,USD,1.379,2026-03-28 15:45:00,7011,"Hotels, Motels & Resorts",TXC-002,EMP002,Priya Nair,Finance,EMP001,5,APPROVED,,,,,,,https://receipts.brim.example/003614.pdf,TRIP-0239,True
TXN-001517,****-****-****-4003,PILOT TRAVEL 209,182.75,252.01,USD,1.379,2026-03-28 15:49:00,5172,Petroleum & Petroleum Products,TXC-003,EMP003,Marcus Webb,Operations,EMP001,5,APPROVED,,,,,,,https://receipts.brim.example/001517.pdf,,True
TXN-003739,****-****-****-4009,STAPLES #112,27.63,38.1,USD,1.379,2026-03-28 19:12:00,5111,Stationery & Office Supplies,TXC-009,EMP009,Grace Lee,Operations,EMP008,3,APPROVED,,,,,,,https://receipts.brim.example/003739.pdf,,True
TXN-003616,****-****-****-4002,PILOT TRAVEL 209,28.13,38.79,USD,1.379,2026-03-28 19:29:00,5172,Petroleum & Petroleum Products,TXC-002,EMP002,Priya Nair,Finance,EMP001,5,APPROVED,,,,,,,https://receipts.brim.example/003616.pdf,TRIP-0239,True
TXN-004083,****-****-****-4008,ULTRAMAR 55,94.57,130.41,USD,1.379,2026-03-28 19:54:00,5541,Service Stations,TXC-008,EMP008,Eric Tran,Operations,EMP003,4,APPROVED,,,,,,,,,True
TXN-002256,****-****-****-4007,PETRO-CANADA 8821,54.38,74.99,USD,1.379,2026-03-28 21:37:00,5541,Service Stations,TXC-007,EMP007,Carol White,Finance,EMP004,2,APPROVED,,,,,,,https://receipts.brim.example/002256.pdf,,True
TXN-002775,****-****-****-4003,QUICK FUEL STOP,78.05,107.63,USD,1.379,2026-03-29 07:07:00,5172,Petroleum & Petroleum Products,TXC-003,EMP003,Marcus Webb,Operations,EMP001,5,PENDING,,,,,,,https://receipts.brim.example/002775.pdf,,False
TXN-000812,****-****-****-4009,HOLIDAY INN EXPRESS,284.16,391.86,USD,1.379,2026-03-29 07:55:00,7011,"Hotels, Motels & Resorts",TXC-009,EMP009,Grace Lee,Operations,EMP008,3,APPROVED,,,,,,,https://receipts.brim.example/000812.pdf,TRIP-0045,True
TXN-000814,****-****-****-4009,MCDONALDS DT QPS,5.45,7.52,USD,1.379,2026-03-29 08:03:00,5812,Eating Places & Restaurants,TXC-009,EMP009,Grace Lee,Operations,EMP008,3,APPROVED,,,,,,,https://receipts.brim.example/000814.pdf,TRIP-0045,True
TXN-002636,****-****-****-4002,COSTCO WHSE 44,147.37,203.22,USD,1.379,2026-03-29 08:06:00,5045,Computers & Peripherals,TXC-002,EMP002,Priya Nair,Finance,EMP001,5,APPROVED,,,,,,,https://receipts.brim.example/002636.pdf,,True
TXN-001607,****-****-****-4009,BOSTON PIZZA 12,26.58,36.65,USD,1.379,2026-03-29 08:43:00,5812,Eating Places & Restaurants,TXC-009,EMP009,Grace Lee,Operations,EMP008,3,APPROVED,,,,,,,https://receipts.brim.example/001607.pdf,TRIP-0109,True
TXN-002817,****-****-****-4002,PILOT TRAVEL 209,61.89,85.35,USD,1.379,2026-03-29 09:19:00,5172,Petroleum & Petroleum Products,TXC-002,EMP002,Priya Nair,Finance,EMP001,5,APPROVED,,,,,,,https://receipts.brim.example/002817.pdf,,True
TXN-004180,****-****-****-4009,BEST BUY 112,71.36,98.41,USD,1.379,2026-03-29 09:28:00,5045,Computers & Peripherals,TXC-009,EMP009,Grace Lee,Operations,EMP008,3,APPROVED,,,,,,,https://receipts.brim.example/004180.pdf,,True
TXN-000815,****-****-****-4009,ROADSIDE GRILL CO,22.81,31.45,USD,1.379,2026-03-29 09:51:00,5814,Fast Food Restaurants,TXC-009,EMP009,Grace Lee,Operations,EMP008,3,APPROVED,,,,,,,https://receipts.brim.example/000815.pdf,TRIP-0045,True
TXN-001870,****-****-****-4004,PETRO-CANADA 8821,65.55,90.39,USD,1.379,2026-03-29 12:15:00,5172,Petroleum & Petroleum Products,TXC-004,EMP004,Alice Chen,Finance,EMP002,4,APPROVED,,,,,,,https://receipts.brim.example/001870.pdf,,True
TXN-001414,****-****-****-4004,ESSO RETAIL 113,56.51,77.93,USD,1.379,2026-03-29 13:12:00,5541,Service Stations,TXC-004,EMP004,Alice Chen,Finance,EMP002,4,APPROVED,,,,,,,https://receipts.brim.example/001414.pdf,TRIP-0096,True
TXN-000332,****-****-****-4004,HOME DEPOT 88,128.06,176.59,USD,1.379,2026-03-29 13:24:00,5045,Computers & Peripherals,TXC-004,EMP004,Alice Chen,Finance,EMP002,4,APPROVED,,,,,,,https://receipts.brim.example/000332.pdf,,True
TXN-003638,****-****-****-4007,PETRO-CANADA 8821,64.35,88.74,USD,1.379,2026-03-29 14:40:00,5541,Service Stations,TXC-007,EMP007,Carol White,Finance,EMP004,2,APPROVED,,,,,,,https://receipts.brim.example/003638.pdf,,True
TXN-000824,****-****-****-4008,WENDYS 7781,37.25,51.37,USD,1.379,2026-03-29 15:29:00,5814,Fast Food Restaurants,TXC-008,EMP008,Eric Tran,Operations,EMP003,4,APPROVED,,,,,,,https://receipts.brim.example/000824.pdf,TRIP-0047,True
TXN-003774,****-****-****-4007,QUICK FUEL STOP,91.61,126.33,USD,1.379,2026-03-29 16:56:00,5172,Petroleum & Petroleum Products,TXC-007,EMP007,Carol White,Finance,EMP004,2,APPROVED,,,,,,,https://receipts.brim.example/003774.pdf,,True
TXN-001083,****-****-****-4001,ROADSIDE GRILL CO,35.08,48.38,USD,1.379,2026-03-29 17:42:00,5812,Eating Places & Restaurants,TXC-001,EMP001,Olivia Reyes,Executive,,6,APPROVED,,,,,,,https://receipts.brim.example/001083.pdf,,True
TXN-002354,****-****-****-4002,SUBWAY 40021,16.14,22.26,USD,1.379,2026-03-29 17:54:00,5812,Eating Places & Restaurants,TXC-002,EMP002,Priya Nair,Finance,EMP001,5,APPROVED,,,,,,,https://receipts.brim.example/002354.pdf,,True
TXN-004191,****-****-****-4007,GOOGLE WORKSPACE,303.84,419.0,USD,1.379,2026-03-29 18:23:00,5734,Computer Software Stores,TXC-007,EMP007,Carol White,Finance,EMP004,2,APPROVED,,,,,,,https://receipts.brim.example/004191.pdf,,True
TXN-000861,****-****-****-4004,ULTRAMAR 55,51.92,71.6,USD,1.379,2026-03-29 18:29:00,5172,Petroleum & Petroleum Products,TXC-004,EMP004,Alice Chen,Finance,EMP002,4,APPROVED,,,,,,,https://receipts.brim.example/000861.pdf,,True
TXN-002294,****-****-****-4009,PETRO-CANADA 8821,97.42,134.34,USD,1.379,2026-03-29 19:40:00,5541,Service Stations,TXC-009,EMP009,Grace Lee,Operations,EMP008,3,APPROVED,,,,,,,https://receipts.brim.example/002294.pdf,,True
TXN-000740,****-****-****-4008,TIM HORTONS #882,11.19,15.43,USD,1.379,2026-03-29 19:50:00,5812,Eating Places & Restaurants,TXC-008,EMP008,Eric Tran,Operations,EMP003,4,APPROVED,,,,,,,https://receipts.brim.example/000740.pdf,,True
TXN-001736,****-****-****-4009,QUICK FUEL STOP,89.39,123.27,USD,1.379,2026-03-29 19:59:00,5541,Service Stations,TXC-009,EMP009,Grace Lee,Operations,EMP008,3,PENDING,,,,,,,https://receipts.brim.example/001736.pdf,,False
TXN-000535,****-****-****-4008,PILOT TRAVEL 209,64.34,88.72,USD,1.379,2026-03-29 20:13:00,5172,Petroleum & Petroleum Products,TXC-008,EMP008,Eric Tran,Operations,EMP003,4,APPROVED,,,,,,,https://receipts.brim.example/000535.pdf,,True
TXN-001133,****-****-****-4008,PRECISE PARKLINK,26.48,36.52,USD,1.379,2026-03-29 21:37:00,7523,Parking Lots & Garages,TXC-008,EMP008,Eric Tran,Operations,EMP003,4,APPROVED,,,,,,,https://receipts.brim.example/001133.pdf,,True
TXN-003514,****-****-****-4009,SUPER 8 MOTEL,112.68,155.39,USD,1.379,2026-03-29 21:37:00,7011,"Hotels, Motels & Resorts",TXC-009,EMP009,Grace Lee,Operations,EMP008,3,APPROVED,,,,,,,https://receipts.brim.example/003514.pdf,TRIP-0232,True
TXN-003515,****-****-****-4009,A&W STORE 551,29.92,41.26,USD,1.379,2026-03-29 23:01:00,5814,Fast Food Restaurants,TXC-009,EMP009,Grace Lee,Operations,EMP008,3,APPROVED,,,,,,,https://receipts.brim.example/003515.pdf,TRIP-0232,True
TXN-003177,****-****-****-4003,MIDAS AUTO 21,175.62,242.18,USD,1.379,2026-03-30 08:15:00,7531,Auto Body Repair Shops,TXC-003,EMP003,Marcus Webb,Operations,EMP001,5,APPROVED,,,,,,,,,True
TXN-000281,****-****-****-4003,COMFORT INN 442,114.39,157.74,USD,1.379,2026-03-30 12:04:00,7011,"Hotels, Motels & Resorts",TXC-003,EMP003,Marcus Webb,Operations,EMP001,5,APPROVED,,,,,,,https://receipts.brim.example/000281.pdf,,True
TXN-002774,****-****-****-4002,AMAZON MKTPLACE,18.9,26.06,USD,1.379,2026-03-30 12:07:00,5943,Stationery & Writing Supplies,TXC-002,EMP002,Priya Nair,Finance,EMP001,5,APPROVED,,,,,,,https://receipts.brim.example/002774.pdf,,True
TXN-001545,****-****-****-4005,BEST WESTERN 71,78.6,108.39,USD,1.379,2026-03-30 13:52:00,7011,"Hotels, Motels & Resorts",TXC-005,EMP005,Dana Park,Finance,EMP002,3,APPROVED,,,,,,,https://receipts.brim.example/001545.pdf,,True
TXN-003510,****-****-****-4009,407 ETR TOLL,16.53,22.79,USD,1.379,2026-03-30 14:47:00,4131,Bus Lines / Tolls,TXC-009,EMP009,Grace Lee,Operations,EMP008,3,APPROVED,,,,,,,https://receipts.brim.example/003510.pdf,,True
TXN-001550,****-****-****-4008,HOME DEPOT 88,97.91,135.02,USD,1.379,2026-03-30 15:26:00,5300,Wholesale Clubs,TXC-008,EMP008,Eric Tran,Operations,EMP003,4,APPROVED,,,,,,,,,True
TXN-004329,****-****-****-4009,ROADSIDE GRILL CO,56.68,78.16,USD,1.379,2026-03-30 15:53:00,5814,Fast Food Restaurants,TXC-009,EMP009,Grace Lee,Operations,EMP008,3,APPROVED,,,,,,,https://receipts.brim.example/004329.pdf,,True
TXN-003349,****-****-****-4002,BEST BUY 112,137.18,189.17,USD,1.379,2026-03-30 16:14:00,5045,Computers & Peripherals,TXC-002,EMP002,Priya Nair,Finance,EMP001,5,APPROVED,,,,,,,https://receipts.brim.example/003349.pdf,,True
TXN-001992,****-****-****-4004,MCDONALDS DT QPS,25.36,34.97,USD,1.379,2026-03-30 16:45:00,5814,Fast Food Restaurants,TXC-004,EMP004,Alice Chen,Finance,EMP002,4,APPROVED,,,,,,,https://receipts.brim.example/001992.pdf,,True
TXN-003076,****-****-****-4009,BOSTON PIZZA 12,17.28,23.83,USD,1.379,2026-03-30 18:11:00,5814,Fast Food Restaurants,TXC-009,EMP009,Grace Lee,Operations,EMP008,3,APPROVED,,,,,,,https://receipts.brim.example/003076.pdf,,True
TXN-000607,****-****-****-4004,BEST BUY 112,56.47,77.87,USD,1.379,2026-03-30 18:46:00,5045,Computers & Peripherals,TXC-004,EMP004,Alice Chen,Finance,EMP002,4,APPROVED,,,,,,,https://receipts.brim.example/000607.pdf,,True
TXN-000825,****-****-****-4008,ROADSIDE GRILL CO,16.33,22.52,USD,1.379,2026-03-30 19:01:00,5814,Fast Food Restaurants,TXC-008,EMP008,Eric Tran,Operations,EMP003,4,APPROVED,,,,,,,https://receipts.brim.example/000825.pdf,TRIP-0047,True
TXN-001415,****-****-****-4004,SUBWAY 40021,26.46,36.49,USD,1.379,2026-03-30 19:10:00,5812,Eating Places & Restaurants,TXC-004,EMP004,Alice Chen,Finance,EMP002,4,APPROVED,,,,,,,https://receipts.brim.example/001415.pdf,TRIP-0096,True
TXN-003858,****-****-****-4008,PETRO-CANADA 8821,48.47,66.84,USD,1.379,2026-03-30 19:34:00,5541,Service Stations,TXC-008,EMP008,Eric Tran,Operations,EMP003,4,APPROVED,,,,,,,https://receipts.brim.example/003858.pdf,TRIP-0258,True
TXN-003617,****-****-****-4002,PETRO-CANADA 8821,76.08,104.91,USD,1.379,2026-03-30 20:30:00,5172,Petroleum & Petroleum Products,TXC-002,EMP002,Priya Nair,Finance,EMP001,5,PENDING,,,,,,,https://receipts.brim.example/003617.pdf,TRIP-0239,False
TXN-003857,****-****-****-4008,FLYING J #771,101.0,139.28,USD,1.379,2026-03-30 20:34:00,5172,Petroleum & Petroleum Products,TXC-008,EMP008,Eric Tran,Operations,EMP003,4,APPROVED,,,,,,,https://receipts.brim.example/003857.pdf,TRIP-0258,True
TXN-003197,****-****-****-4001,SHELL DT #4421,45.48,62.72,USD,1.379,2026-03-30 20:49:00,5172,Petroleum & Petroleum Products,TXC-001,EMP001,Olivia Reyes,Executive,,6,APPROVED,,,,,,,https://receipts.brim.example/003197.pdf,,True
TXN-002996,****-****-****-4007,GOOGLE WORKSPACE,100.03,137.94,USD,1.379,2026-03-30 21:11:00,4814,Telecom Services,TXC-007,EMP007,Carol White,Finance,EMP004,2,APPROVED,,,,,,,https://receipts.brim.example/002996.pdf,,True
TXN-002964,****-****-****-4004,A&W STORE 551,11.71,16.15,USD,1.379,2026-03-30 21:34:00,5812,Eating Places & Restaurants,TXC-004,EMP004,Alice Chen,Finance,EMP002,4,APPROVED,,,,,,,https://receipts.brim.example/002964.pdf,,True
TXN-001528,****-****-****-4009,ROADSIDE GRILL CO,14.22,19.61,USD,1.379,2026-03-30 21:38:00,5812,Eating Places & Restaurants,TXC-009,EMP009,Grace Lee,Operations,EMP008,3,APPROVED,,,,,,,https://receipts.brim.example/001528.pdf,TRIP-0104,True
TXN-001323,****-****-****-4004,SHELL DT #4421,35.12,48.43,USD,1.379,2026-03-30 21:45:00,5541,Service Stations,TXC-004,EMP004,Alice Chen,Finance,EMP002,4,APPROVED,,,,,,,https://receipts.brim.example/001323.pdf,,True
TXN-002460,****-****-****-4008,SUPER 8 MOTEL,201.26,277.54,USD,1.379,2026-03-31 07:30:00,7011,"Hotels, Motels & Resorts",TXC-008,EMP008,Eric Tran,Operations,EMP003,4,APPROVED,,,,,,,https://receipts.brim.example/002460.pdf,TRIP-0160,True
TXN-001402,****-****-****-4007,ULTRAMAR 55,385.98,532.27,USD,1.379,2026-03-31 07:47:00,5172,Petroleum & Petroleum Products,TXC-007,EMP007,Carol White,Finance,EMP004,2,APPROVED,,,,,,,https://receipts.brim.example/001402.pdf,,True
TXN-002216,****-****-****-4009,DAYS INN 209,114.85,158.38,USD,1.379,2026-03-31 08:33:00,7011,"Hotels, Motels & Resorts",TXC-009,EMP009,Grace Lee,Operations,EMP008,3,APPROVED,,,,,,,https://receipts.brim.example/002216.pdf,,True
TXN-002323,****-****-****-4006,ULTRAMAR 55,105.3,145.21,USD,1.379,2026-03-31 08:53:00,5541,Service Stations,TXC-006,EMP006,Bob Kumar,Finance,EMP004,2,PENDING,,,,,,,https://receipts.brim.example/002323.pdf,,False
TXN-001605,****-****-****-4009,COMFORT INN 442,305.43,421.19,USD,1.379,2026-03-31 08:58:00,7011,"Hotels, Motels & Resorts",TXC-009,EMP009,Grace Lee,Operations,EMP008,3,PENDING,,,,,,,https://receipts.brim.example/001605.pdf,TRIP-0109,False
TXN-001608,****-****-****-4009,FLYING J #771,19.57,26.99,USD,1.379,2026-03-31 10:04:00,5541,Service Stations,TXC-009,EMP009,Grace Lee,Operations,EMP008,3,APPROVED,,,,,,,https://receipts.brim.example/001608.pdf,TRIP-0109,True
TXN-002796,****-****-****-4004,407 ETR TOLL,8.2,11.31,USD,1.379,2026-03-31 10:56:00,4131,Bus Lines / Tolls,TXC-004,EMP004,Alice Chen,Finance,EMP002,4,APPROVED,,,,,,,https://receipts.brim.example/002796.pdf,,True
TXN-003601,****-****-****-4007,WENDYS 7781,50.6,69.78,USD,1.379,2026-03-31 11:27:00,5814,Fast Food Restaurants,TXC-007,EMP007,Carol White,Finance,EMP004,2,APPROVED,,,,,,,https://receipts.brim.example/003601.pdf,,True
TXN-001445,****-****-****-4003,ROADSIDE GRILL CO,19.67,27.12,USD,1.379,2026-03-31 11:42:00,5812,Eating Places & Restaurants,TXC-003,EMP003,Marcus Webb,Operations,EMP001,5,APPROVED,,,,,,,https://receipts.brim.example/001445.pdf,,True
TXN-000253,****-****-****-4009,SHELL DT #4421,84.45,116.46,USD,1.379,2026-03-31 13:19:00,5172,Petroleum & Petroleum Products,TXC-009,EMP009,Grace Lee,Operations,EMP008,3,APPROVED,,,,,,,,,True
TXN-002881,****-****-****-4002,SHELL DT #4421,54.91,75.72,USD,1.379,2026-03-31 13:50:00,5541,Service Stations,TXC-002,EMP002,Priya Nair,Finance,EMP001,5,APPROVED,,,,,,,https://receipts.brim.example/002881.pdf,,True
TXN-002459,****-****-****-4009,ROADSIDE GRILL CO,15.59,21.5,USD,1.379,2026-03-31 14:04:00,5812,Eating Places & Restaurants,TXC-009,EMP009,Grace Lee,Operations,EMP008,3,APPROVED,,,,,,,https://receipts.brim.example/002459.pdf,,True
TXN-001413,****-****-****-4004,DAYS INN 209,297.74,410.58,USD,1.379,2026-03-31 14:22:00,7011,"Hotels, Motels & Resorts",TXC-004,EMP004,Alice Chen,Finance,EMP002,4,APPROVED,,,,,,,https://receipts.brim.example/001413.pdf,TRIP-0096,True
TXN-003363,****-****-****-4003,MIDAS AUTO 21,261.45,360.54,USD,1.379,2026-03-31 15:36:00,7538,Automotive Service Shops,TXC-003,EMP003,Marcus Webb,Operations,EMP001,5,PENDING,,,,,,,https://receipts.brim.example/003363.pdf,,False
TXN-003232,****-****-****-4007,BEST BUY 112,80.01,110.33,USD,1.379,2026-03-31 16:28:00,5045,Computers & Peripherals,TXC-007,EMP007,Carol White,Finance,EMP004,2,APPROVED,,,,,,,https://receipts.brim.example/003232.pdf,,True
TXN-000823,****-****-****-4008,COMFORT INN 442,90.89,125.34,USD,1.379,2026-03-31 16:40:00,7011,"Hotels, Motels & Resorts",TXC-008,EMP008,Eric Tran,Operations,EMP003,4,APPROVED,,,,,,,https://receipts.brim.example/000823.pdf,TRIP-0047,True
TXN-000308,****-****-****-4007,BEST BUY 112,104.47,144.06,USD,1.379,2026-03-31 17:05:00,5300,Wholesale Clubs,TXC-007,EMP007,Carol White,Finance,EMP004,2,APPROVED,,,,,,,https://receipts.brim.example/000308.pdf,,True
TXN-001529,****-****-****-4009,MCDONALDS DT QPS,40.11,55.31,USD,1.379,2026-03-31 18:15:00,5814,Fast Food Restaurants,TXC-009,EMP009,Grace Lee,Operations,EMP008,3,APPROVED,,,,,,,https://receipts.brim.example/001529.pdf,TRIP-0104,True
TXN-001669,****-****-****-4004,MCDONALDS DT QPS,11.88,16.38,USD,1.379,2026-03-31 18:18:00,5812,Eating Places & Restaurants,TXC-004,EMP004,Alice Chen,Finance,EMP002,4,APPROVED,,,,,,,https://receipts.brim.example/001669.pdf,,True
TXN-004221,****-****-****-4007,HOME DEPOT 88,61.65,85.02,USD,1.379,2026-03-31 19:07:00,5300,Wholesale Clubs,TXC-007,EMP007,Carol White,Finance,EMP004,2,APPROVED,,,,,,,https://receipts.brim.example/004221.pdf,,True
TXN-003849,****-****-****-4009,MIDAS AUTO 21,124.15,171.2,USD,1.379,2026-03-31 19:12:00,7538,Automotive Service Shops,TXC-009,EMP009,Grace Lee,Operations,EMP008,3,APPROVED,,,,,,,https://receipts.brim.example/003849.pdf,,True
TXN-003856,****-****-****-4008,HOLIDAY INN EXPRESS,209.27,288.58,USD,1.379,2026-03-31 19:22:00,7011,"Hotels, Motels & Resorts",TXC-008,EMP008,Eric Tran,Operations,EMP003,4,APPROVED,,,,,,,https://receipts.brim.example/003856.pdf,TRIP-0258,True
TXN-002700,****-****-****-4009,SUPER 8 MOTEL,274.42,378.43,USD,1.379,2026-03-31 20:12:00,7011,"Hotels, Motels & Resorts",TXC-009,EMP009,Grace Lee,Operations,EMP008,3,APPROVED,,,,,,,https://receipts.brim.example/002700.pdf,TRIP-0176,True
TXN-001527,****-****-****-4009,HOLIDAY INN EXPRESS,92.71,127.85,USD,1.379,2026-03-31 20:25:00,7011,"Hotels, Motels & Resorts",TXC-009,EMP009,Grace Lee,Operations,EMP008,3,APPROVED,,,,,,,https://receipts.brim.example/001527.pdf,TRIP-0104,True
TXN-000460,****-****-****-4009,FLYING J #771,52.64,72.59,USD,1.379,2026-03-31 20:51:00,5172,Petroleum & Petroleum Products,TXC-009,EMP009,Grace Lee,Operations,EMP008,3,PENDING,,,,,,,https://receipts.brim.example/000460.pdf,,False
TXN-002478,****-****-****-4002,ESSO RETAIL 113,63.57,87.66,USD,1.379,2026-03-31 21:47:00,5172,Petroleum & Petroleum Products,TXC-002,EMP002,Priya Nair,Finance,EMP001,5,APPROVED,,,,,,,https://receipts.brim.example/002478.pdf,,True
TXN-002461,****-****-****-4008,SHELL DT #4421,25.95,35.79,USD,1.379,2026-04-01 07:12:00,5172,Petroleum & Petroleum Products,TXC-008,EMP008,Eric Tran,Operations,EMP003,4,APPROVED,,,,,,,https://receipts.brim.example/002461.pdf,TRIP-0160,True
TXN-001606,****-****-****-4009,ESSO RETAIL 113,100.92,139.17,USD,1.379,2026-04-01 12:26:00,5172,Petroleum & Petroleum Products,TXC-009,EMP009,Grace Lee,Operations,EMP008,3,APPROVED,,,,,,,https://receipts.brim.example/001606.pdf,TRIP-0109,True
TXN-001530,****-****-****-4009,MCDONALDS DT QPS,38.54,53.15,USD,1.379,2026-04-01 21:10:00,5814,Fast Food Restaurants,TXC-009,EMP009,Grace Lee,Operations,EMP008,3,APPROVED,,,,,,,https://receipts.brim.example/001530.pdf,TRIP-0104,True
TXN-002462,****-****-****-4008,QUICK FUEL STOP,55.98,77.2,USD,1.379,2026-04-02 09:04:00,5541,Service Stations,TXC-008,EMP008,Eric Tran,Operations,EMP003,4,APPROVED,,,,,,,https://receipts.brim.example/002462.pdf,TRIP-0160,True
TXN-002701,****-****-****-4009,QUICK FUEL STOP,35.71,49.24,USD,1.379,2026-04-02 17:26:00,5172,Petroleum & Petroleum Products,TXC-009,EMP009,Grace Lee,Operations,EMP008,3,APPROVED,,,,,,,https://receipts.brim.example/002701.pdf,TRIP-0176,True
